
  .   ____          _            __ _ _
 /\\ / ___'_ __ _ _(_)_ __  __ _ \ \ \ \
( ( )\___ | '_ | '_| | '_ \/ _` | \ \ \ \
 \\/  ___)| |_)| | | | | || (_| |  ) ) ) )
  '  |____| .__|_| |_|_| |_\__, | / / / /
 =========|_|==============|___/=/_/_/_/
[32m :: Spring Boot :: [39m              [2m (v3.2.5)[0;39m

[2m2026-03-27T11:14:29.284-07:00[0;39m [32m INFO[0;39m [35m89450[0;39m [2m---[0;39m [2m[           main][0;39m [2m[0;39m[36me.n.cs6650.server.ChatServerApplication [0;39m [2m:[0;39m Starting ChatServerApplication v1.0-SNAPSHOT using Java 23.0.1 with PID 89450 (/Users/yifantian/CS 6650/cs6650 assignment1/server-v2/target/server-v2-1.0-SNAPSHOT.jar started by yifantian in /Users/yifantian/CS 6650/cs6650 assignment1/server-v2)
[2m2026-03-27T11:14:29.286-07:00[0;39m [32m INFO[0;39m [35m89450[0;39m [2m---[0;39m [2m[           main][0;39m [2m[0;39m[36me.n.cs6650.server.ChatServerApplication [0;39m [2m:[0;39m No active profile set, falling back to 1 default profile: "default"
[2m2026-03-27T11:14:29.773-07:00[0;39m [32m INFO[0;39m [35m89450[0;39m [2m---[0;39m [2m[           main][0;39m [2m[0;39m[36mo.s.b.w.embedded.tomcat.TomcatWebServer [0;39m [2m:[0;39m Tomcat initialized with port 8080 (http)
[2m2026-03-27T11:14:29.778-07:00[0;39m [32m INFO[0;39m [35m89450[0;39m [2m---[0;39m [2m[           main][0;39m [2m[0;39m[36mo.apache.catalina.core.StandardService  [0;39m [2m:[0;39m Starting service [Tomcat]
[2m2026-03-27T11:14:29.778-07:00[0;39m [32m INFO[0;39m [35m89450[0;39m [2m---[0;39m [2m[           main][0;39m [2m[0;39m[36mo.apache.catalina.core.StandardEngine   [0;39m [2m:[0;39m Starting Servlet engine: [Apache Tomcat/10.1.20]
[2m2026-03-27T11:14:29.789-07:00[0;39m [32m INFO[0;39m [35m89450[0;39m [2m---[0;39m [2m[           main][0;39m [2m[0;39m[36mo.a.c.c.C.[Tomcat].[localhost].[/]      [0;39m [2m:[0;39m Initializing Spring embedded WebApplicationContext
[2m2026-03-27T11:14:29.790-07:00[0;39m [32m INFO[0;39m [35m89450[0;39m [2m---[0;39m [2m[           main][0;39m [2m[0;39m[36mw.s.c.ServletWebServerApplicationContext[0;39m [2m:[0;39m Root WebApplicationContext: initialization completed in 462 ms
[2m2026-03-27T11:14:30.188-07:00[0;39m [32m INFO[0;39m [35m89450[0;39m [2m---[0;39m [2m[           main][0;39m [2m[0;39m[36me.n.cs6650.server.queue.ChannelPool     [0;39m [2m:[0;39m Channel pool initialized with 30 channels
[2m2026-03-27T11:14:30.430-07:00[0;39m [32m INFO[0;39m [35m89450[0;39m [2m---[0;39m [2m[           main][0;39m [2m[0;39m[36mo.s.b.w.embedded.tomcat.TomcatWebServer [0;39m [2m:[0;39m Tomcat started on port 8080 (http) with context path ''
[2m2026-03-27T11:14:30.437-07:00[0;39m [32m INFO[0;39m [35m89450[0;39m [2m---[0;39m [2m[           main][0;39m [2m[0;39m[36me.n.cs6650.server.ChatServerApplication [0;39m [2m:[0;39m Started ChatServerApplication in 1.316 seconds (process running for 1.514)
[2m2026-03-27T11:15:48.821-07:00[0;39m [32m INFO[0;39m [35m89450[0;39m [2m---[0;39m [2m[.0-8080-exec-18][0;39m [2m[0;39m[36mo.a.c.c.C.[Tomcat].[localhost].[/]      [0;39m [2m:[0;39m Initializing Spring DispatcherServlet 'dispatcherServlet'
[2m2026-03-27T11:15:48.822-07:00[0;39m [32m INFO[0;39m [35m89450[0;39m [2m---[0;39m [2m[.0-8080-exec-18][0;39m [2m[0;39m[36mo.s.web.servlet.DispatcherServlet       [0;39m [2m:[0;39m Initializing Servlet 'dispatcherServlet'
[2m2026-03-27T11:15:48.822-07:00[0;39m [32m INFO[0;39m [35m89450[0;39m [2m---[0;39m [2m[.0-8080-exec-18][0;39m [2m[0;39m[36mo.s.web.servlet.DispatcherServlet       [0;39m [2m:[0;39m Completed initialization in 0 ms
Error processing message from room 3: java.io.IOException: Broken pipe
java.io.IOException: java.io.IOException: Broken pipe
	at org.apache.tomcat.websocket.WsRemoteEndpointImplBase.sendMessageBlock(WsRemoteEndpointImplBase.java:321)
	at org.apache.tomcat.websocket.WsRemoteEndpointImplBase.sendMessageBlock(WsRemoteEndpointImplBase.java:250)
	at org.apache.tomcat.websocket.WsRemoteEndpointImplBase.sendPartialString(WsRemoteEndpointImplBase.java:223)
	at org.apache.tomcat.websocket.WsRemoteEndpointBasic.sendText(WsRemoteEndpointBasic.java:48)
	at org.springframework.web.socket.adapter.standard.StandardWebSocketSession.sendTextMessage(StandardWebSocketSession.java:217)
	at org.springframework.web.socket.adapter.AbstractWebSocketSession.sendMessage(AbstractWebSocketSession.java:108)
	at edu.northeastern.cs6650.server.ChatWebSocketHandler.sendAck(ChatWebSocketHandler.java:121)
	at edu.northeastern.cs6650.server.ChatWebSocketHandler.handleTextMessage(ChatWebSocketHandler.java:72)
	at org.springframework.web.socket.handler.AbstractWebSocketHandler.handleMessage(AbstractWebSocketHandler.java:43)
	at org.springframework.web.socket.handler.WebSocketHandlerDecorator.handleMessage(WebSocketHandlerDecorator.java:75)
	at org.springframework.web.socket.handler.LoggingWebSocketHandlerDecorator.handleMessage(LoggingWebSocketHandlerDecorator.java:56)
	at org.springframework.web.socket.handler.ExceptionWebSocketHandlerDecorator.handleMessage(ExceptionWebSocketHandlerDecorator.java:58)
	at org.springframework.web.socket.adapter.standard.StandardWebSocketHandlerAdapter.handleTextMessage(StandardWebSocketHandlerAdapter.java:113)
	at org.springframework.web.socket.adapter.standard.StandardWebSocketHandlerAdapter$3.onMessage(StandardWebSocketHandlerAdapter.java:84)
	at org.springframework.web.socket.adapter.standard.StandardWebSocketHandlerAdapter$3.onMessage(StandardWebSocketHandlerAdapter.java:81)
	at org.apache.tomcat.websocket.WsFrameBase.sendMessageText(WsFrameBase.java:390)
	at org.apache.tomcat.websocket.server.WsFrameServer.sendMessageText(WsFrameServer.java:130)
	at org.apache.tomcat.websocket.WsFrameBase.processDataText(WsFrameBase.java:484)
	at org.apache.tomcat.websocket.WsFrameBase.processData(WsFrameBase.java:284)
	at org.apache.tomcat.websocket.WsFrameBase.processInputBuffer(WsFrameBase.java:130)
	at org.apache.tomcat.websocket.server.WsFrameServer.onDataAvailable(WsFrameServer.java:85)
	at org.apache.tomcat.websocket.server.WsFrameServer.doOnDataAvailable(WsFrameServer.java:184)
	at org.apache.tomcat.websocket.server.WsFrameServer.notifyDataAvailable(WsFrameServer.java:164)
	at org.apache.tomcat.websocket.server.WsHttpUpgradeHandler.upgradeDispatch(WsHttpUpgradeHandler.java:152)
	at org.apache.coyote.http11.upgrade.UpgradeProcessorInternal.dispatch(UpgradeProcessorInternal.java:60)
	at org.apache.coyote.AbstractProcessorLight.process(AbstractProcessorLight.java:57)
	at org.apache.coyote.AbstractProtocol$ConnectionHandler.process(AbstractProtocol.java:896)
	at org.apache.tomcat.util.net.NioEndpoint$SocketProcessor.doRun(NioEndpoint.java:1736)
	at org.apache.tomcat.util.net.SocketProcessorBase.run(SocketProcessorBase.java:52)
	at org.apache.tomcat.util.threads.ThreadPoolExecutor.runWorker(ThreadPoolExecutor.java:1191)
	at org.apache.tomcat.util.threads.ThreadPoolExecutor$Worker.run(ThreadPoolExecutor.java:659)
	at org.apache.tomcat.util.threads.TaskThread$WrappingRunnable.run(TaskThread.java:63)
	at java.base/java.lang.Thread.run(Thread.java:1575)
Caused by: java.io.IOException: Broken pipe
	at java.base/sun.nio.ch.SocketDispatcher.writev0(Native Method)
	at java.base/sun.nio.ch.SocketDispatcher.writev(SocketDispatcher.java:66)
	at java.base/sun.nio.ch.IOUtil.write(IOUtil.java:227)
	at java.base/sun.nio.ch.IOUtil.write(IOUtil.java:158)
	at java.base/sun.nio.ch.SocketChannelImpl.implWrite(SocketChannelImpl.java:597)
	at java.base/sun.nio.ch.SocketChannelImpl.write(SocketChannelImpl.java:631)
	at org.apache.tomcat.util.net.NioChannel.write(NioChannel.java:130)
	at org.apache.tomcat.util.net.NioEndpoint$NioSocketWrapper$NioOperationState.run(NioEndpoint.java:1627)
	at org.apache.tomcat.util.net.SocketWrapperBase$OperationState.start(SocketWrapperBase.java:1051)
	at org.apache.tomcat.util.net.SocketWrapperBase.vectoredOperation(SocketWrapperBase.java:1440)
	at org.apache.tomcat.util.net.SocketWrapperBase.write(SocketWrapperBase.java:1366)
	at org.apache.tomcat.util.net.SocketWrapperBase.write(SocketWrapperBase.java:1337)
	at org.apache.tomcat.websocket.server.WsRemoteEndpointImplServer.doWrite(WsRemoteEndpointImplServer.java:171)
	at org.apache.tomcat.websocket.WsRemoteEndpointImplBase.writeMessagePart(WsRemoteEndpointImplBase.java:516)
	at org.apache.tomcat.websocket.WsRemoteEndpointImplBase.sendMessageBlock(WsRemoteEndpointImplBase.java:308)
	... 32 more
Error processing message from room 16: java.io.IOException: Broken pipe
java.io.IOException: java.io.IOException: Broken pipe
	at org.apache.tomcat.websocket.WsRemoteEndpointImplBase.sendMessageBlock(WsRemoteEndpointImplBase.java:321)
	at org.apache.tomcat.websocket.WsRemoteEndpointImplBase.sendMessageBlock(WsRemoteEndpointImplBase.java:250)
	at org.apache.tomcat.websocket.WsRemoteEndpointImplBase.sendPartialString(WsRemoteEndpointImplBase.java:223)
	at org.apache.tomcat.websocket.WsRemoteEndpointBasic.sendText(WsRemoteEndpointBasic.java:48)
	at org.springframework.web.socket.adapter.standard.StandardWebSocketSession.sendTextMessage(StandardWebSocketSession.java:217)
	at org.springframework.web.socket.adapter.AbstractWebSocketSession.sendMessage(AbstractWebSocketSession.java:108)
	at edu.northeastern.cs6650.server.ChatWebSocketHandler.sendAck(ChatWebSocketHandler.java:121)
	at edu.northeastern.cs6650.server.ChatWebSocketHandler.handleTextMessage(ChatWebSocketHandler.java:72)
	at org.springframework.web.socket.handler.AbstractWebSocketHandler.handleMessage(AbstractWebSocketHandler.java:43)
	at org.springframework.web.socket.handler.WebSocketHandlerDecorator.handleMessage(WebSocketHandlerDecorator.java:75)
	at org.springframework.web.socket.handler.LoggingWebSocketHandlerDecorator.handleMessage(LoggingWebSocketHandlerDecorator.java:56)
	at org.springframework.web.socket.handler.ExceptionWebSocketHandlerDecorator.handleMessage(ExceptionWebSocketHandlerDecorator.java:58)
	at org.springframework.web.socket.adapter.standard.StandardWebSocketHandlerAdapter.handleTextMessage(StandardWebSocketHandlerAdapter.java:113)
	at org.springframework.web.socket.adapter.standard.StandardWebSocketHandlerAdapter$3.onMessage(StandardWebSocketHandlerAdapter.java:84)
	at org.springframework.web.socket.adapter.standard.StandardWebSocketHandlerAdapter$3.onMessage(StandardWebSocketHandlerAdapter.java:81)
	at org.apache.tomcat.websocket.WsFrameBase.sendMessageText(WsFrameBase.java:390)
	at org.apache.tomcat.websocket.server.WsFrameServer.sendMessageText(WsFrameServer.java:130)
	at org.apache.tomcat.websocket.WsFrameBase.processDataText(WsFrameBase.java:484)
	at org.apache.tomcat.websocket.WsFrameBase.processData(WsFrameBase.java:284)
	at org.apache.tomcat.websocket.WsFrameBase.processInputBuffer(WsFrameBase.java:130)
	at org.apache.tomcat.websocket.server.WsFrameServer.onDataAvailable(WsFrameServer.java:85)
	at org.apache.tomcat.websocket.server.WsFrameServer.doOnDataAvailable(WsFrameServer.java:184)
	at org.apache.tomcat.websocket.server.WsFrameServer.notifyDataAvailable(WsFrameServer.java:164)
	at org.apache.tomcat.websocket.server.WsHttpUpgradeHandler.upgradeDispatch(WsHttpUpgradeHandler.java:152)
	at org.apache.coyote.http11.upgrade.UpgradeProcessorInternal.dispatch(UpgradeProcessorInternal.java:60)
	at org.apache.coyote.AbstractProcessorLight.process(AbstractProcessorLight.java:57)
	at org.apache.coyote.AbstractProtocol$ConnectionHandler.process(AbstractProtocol.java:896)
	at org.apache.tomcat.util.net.NioEndpoint$SocketProcessor.doRun(NioEndpoint.java:1736)
	at org.apache.tomcat.util.net.SocketProcessorBase.run(SocketProcessorBase.java:52)
	at org.apache.tomcat.util.threads.ThreadPoolExecutor.runWorker(ThreadPoolExecutor.java:1191)
	at org.apache.tomcat.util.threads.ThreadPoolExecutor$Worker.run(ThreadPoolExecutor.java:659)
	at org.apache.tomcat.util.threads.TaskThread$WrappingRunnable.run(TaskThread.java:63)
	at java.base/java.lang.Thread.run(Thread.java:1575)
Caused by: java.io.IOException: Broken pipe
	at java.base/sun.nio.ch.SocketDispatcher.writev0(Native Method)
	at java.base/sun.nio.ch.SocketDispatcher.writev(SocketDispatcher.java:66)
	at java.base/sun.nio.ch.IOUtil.write(IOUtil.java:227)
	at java.base/sun.nio.ch.IOUtil.write(IOUtil.java:158)
	at java.base/sun.nio.ch.SocketChannelImpl.implWrite(SocketChannelImpl.java:597)
	at java.base/sun.nio.ch.SocketChannelImpl.write(SocketChannelImpl.java:631)
	at org.apache.tomcat.util.net.NioChannel.write(NioChannel.java:130)
	at org.apache.tomcat.util.net.NioEndpoint$NioSocketWrapper$NioOperationState.run(NioEndpoint.java:1627)
	at org.apache.tomcat.util.net.SocketWrapperBase$OperationState.start(SocketWrapperBase.java:1051)
	at org.apache.tomcat.util.net.SocketWrapperBase.vectoredOperation(SocketWrapperBase.java:1440)
	at org.apache.tomcat.util.net.SocketWrapperBase.write(SocketWrapperBase.java:1366)
	at org.apache.tomcat.util.net.SocketWrapperBase.write(SocketWrapperBase.java:1337)
	at org.apache.tomcat.websocket.server.WsRemoteEndpointImplServer.doWrite(WsRemoteEndpointImplServer.java:171)
	at org.apache.tomcat.websocket.WsRemoteEndpointImplBase.writeMessagePart(WsRemoteEndpointImplBase.java:516)
	at org.apache.tomcat.websocket.WsRemoteEndpointImplBase.sendMessageBlock(WsRemoteEndpointImplBase.java:308)
	... 32 more
Error processing message from room 14: java.io.IOException: Broken pipe
java.io.IOException: java.io.IOException: Broken pipe
	at org.apache.tomcat.websocket.WsRemoteEndpointImplBase.sendMessageBlock(WsRemoteEndpointImplBase.java:321)
	at org.apache.tomcat.websocket.WsRemoteEndpointImplBase.sendMessageBlock(WsRemoteEndpointImplBase.java:250)
	at org.apache.tomcat.websocket.WsRemoteEndpointImplBase.sendPartialString(WsRemoteEndpointImplBase.java:223)
	at org.apache.tomcat.websocket.WsRemoteEndpointBasic.sendText(WsRemoteEndpointBasic.java:48)
	at org.springframework.web.socket.adapter.standard.StandardWebSocketSession.sendTextMessage(StandardWebSocketSession.java:217)
	at org.springframework.web.socket.adapter.AbstractWebSocketSession.sendMessage(AbstractWebSocketSession.java:108)
	at edu.northeastern.cs6650.server.ChatWebSocketHandler.sendAck(ChatWebSocketHandler.java:121)
	at edu.northeastern.cs6650.server.ChatWebSocketHandler.handleTextMessage(ChatWebSocketHandler.java:72)
	at org.springframework.web.socket.handler.AbstractWebSocketHandler.handleMessage(AbstractWebSocketHandler.java:43)
	at org.springframework.web.socket.handler.WebSocketHandlerDecorator.handleMessage(WebSocketHandlerDecorator.java:75)
	at org.springframework.web.socket.handler.LoggingWebSocketHandlerDecorator.handleMessage(LoggingWebSocketHandlerDecorator.java:56)
	at org.springframework.web.socket.handler.ExceptionWebSocketHandlerDecorator.handleMessage(ExceptionWebSocketHandlerDecorator.java:58)
	at org.springframework.web.socket.adapter.standard.StandardWebSocketHandlerAdapter.handleTextMessage(StandardWebSocketHandlerAdapter.java:113)
	at org.springframework.web.socket.adapter.standard.StandardWebSocketHandlerAdapter$3.onMessage(StandardWebSocketHandlerAdapter.java:84)
	at org.springframework.web.socket.adapter.standard.StandardWebSocketHandlerAdapter$3.onMessage(StandardWebSocketHandlerAdapter.java:81)
	at org.apache.tomcat.websocket.WsFrameBase.sendMessageText(WsFrameBase.java:390)
	at org.apache.tomcat.websocket.server.WsFrameServer.sendMessageText(WsFrameServer.java:130)
	at org.apache.tomcat.websocket.WsFrameBase.processDataText(WsFrameBase.java:484)
	at org.apache.tomcat.websocket.WsFrameBase.processData(WsFrameBase.java:284)
	at org.apache.tomcat.websocket.WsFrameBase.processInputBuffer(WsFrameBase.java:130)
	at org.apache.tomcat.websocket.server.WsFrameServer.onDataAvailable(WsFrameServer.java:85)
	at org.apache.tomcat.websocket.server.WsFrameServer.doOnDataAvailable(WsFrameServer.java:184)
	at org.apache.tomcat.websocket.server.WsFrameServer.notifyDataAvailable(WsFrameServer.java:164)
	at org.apache.tomcat.websocket.server.WsHttpUpgradeHandler.upgradeDispatch(WsHttpUpgradeHandler.java:152)
	at org.apache.coyote.http11.upgrade.UpgradeProcessorInternal.dispatch(UpgradeProcessorInternal.java:60)
	at org.apache.coyote.AbstractProcessorLight.process(AbstractProcessorLight.java:57)
	at org.apache.coyote.AbstractProtocol$ConnectionHandler.process(AbstractProtocol.java:896)
	at org.apache.tomcat.util.net.NioEndpoint$SocketProcessor.doRun(NioEndpoint.java:1736)
	at org.apache.tomcat.util.net.SocketProcessorBase.run(SocketProcessorBase.java:52)
	at org.apache.tomcat.util.threads.ThreadPoolExecutor.runWorker(ThreadPoolExecutor.java:1191)
	at org.apache.tomcat.util.threads.ThreadPoolExecutor$Worker.run(ThreadPoolExecutor.java:659)
	at org.apache.tomcat.util.threads.TaskThread$WrappingRunnable.run(TaskThread.java:63)
	at java.base/java.lang.Thread.run(Thread.java:1575)
Caused by: java.io.IOException: Broken pipe
	at java.base/sun.nio.ch.SocketDispatcher.writev0(Native Method)
	at java.base/sun.nio.ch.SocketDispatcher.writev(SocketDispatcher.java:66)
	at java.base/sun.nio.ch.IOUtil.write(IOUtil.java:227)
	at java.base/sun.nio.ch.IOUtil.write(IOUtil.java:158)
	at java.base/sun.nio.ch.SocketChannelImpl.implWrite(SocketChannelImpl.java:597)
	at java.base/sun.nio.ch.SocketChannelImpl.write(SocketChannelImpl.java:631)
	at org.apache.tomcat.util.net.NioChannel.write(NioChannel.java:130)
	at org.apache.tomcat.util.net.NioEndpoint$NioSocketWrapper$NioOperationState.run(NioEndpoint.java:1627)
	at org.apache.tomcat.util.net.SocketWrapperBase$OperationState.start(SocketWrapperBase.java:1051)
	at org.apache.tomcat.util.net.SocketWrapperBase.vectoredOperation(SocketWrapperBase.java:1440)
	at org.apache.tomcat.util.net.SocketWrapperBase.write(SocketWrapperBase.java:1366)
	at org.apache.tomcat.util.net.SocketWrapperBase.write(SocketWrapperBase.java:1337)
	at org.apache.tomcat.websocket.server.WsRemoteEndpointImplServer.doWrite(WsRemoteEndpointImplServer.java:171)
	at org.apache.tomcat.websocket.WsRemoteEndpointImplBase.writeMessagePart(WsRemoteEndpointImplBase.java:516)
	at org.apache.tomcat.websocket.WsRemoteEndpointImplBase.sendMessageBlock(WsRemoteEndpointImplBase.java:308)
	... 32 more
Error processing message from room 11: java.io.IOException: Broken pipe
java.io.IOException: java.io.IOException: Broken pipe
	at org.apache.tomcat.websocket.WsRemoteEndpointImplBase.sendMessageBlock(WsRemoteEndpointImplBase.java:321)
	at org.apache.tomcat.websocket.WsRemoteEndpointImplBase.sendMessageBlock(WsRemoteEndpointImplBase.java:250)
	at org.apache.tomcat.websocket.WsRemoteEndpointImplBase.sendPartialString(WsRemoteEndpointImplBase.java:223)
	at org.apache.tomcat.websocket.WsRemoteEndpointBasic.sendText(WsRemoteEndpointBasic.java:48)
	at org.springframework.web.socket.adapter.standard.StandardWebSocketSession.sendTextMessage(StandardWebSocketSession.java:217)
	at org.springframework.web.socket.adapter.AbstractWebSocketSession.sendMessage(AbstractWebSocketSession.java:108)
	at edu.northeastern.cs6650.server.ChatWebSocketHandler.sendAck(ChatWebSocketHandler.java:121)
	at edu.northeastern.cs6650.server.ChatWebSocketHandler.handleTextMessage(ChatWebSocketHandler.java:72)
	at org.springframework.web.socket.handler.AbstractWebSocketHandler.handleMessage(AbstractWebSocketHandler.java:43)
	at org.springframework.web.socket.handler.WebSocketHandlerDecorator.handleMessage(WebSocketHandlerDecorator.java:75)
	at org.springframework.web.socket.handler.LoggingWebSocketHandlerDecorator.handleMessage(LoggingWebSocketHandlerDecorator.java:56)
	at org.springframework.web.socket.handler.ExceptionWebSocketHandlerDecorator.handleMessage(ExceptionWebSocketHandlerDecorator.java:58)
	at org.springframework.web.socket.adapter.standard.StandardWebSocketHandlerAdapter.handleTextMessage(StandardWebSocketHandlerAdapter.java:113)
	at org.springframework.web.socket.adapter.standard.StandardWebSocketHandlerAdapter$3.onMessage(StandardWebSocketHandlerAdapter.java:84)
	at org.springframework.web.socket.adapter.standard.StandardWebSocketHandlerAdapter$3.onMessage(StandardWebSocketHandlerAdapter.java:81)
	at org.apache.tomcat.websocket.WsFrameBase.sendMessageText(WsFrameBase.java:390)
	at org.apache.tomcat.websocket.server.WsFrameServer.sendMessageText(WsFrameServer.java:130)
	at org.apache.tomcat.websocket.WsFrameBase.processDataText(WsFrameBase.java:484)
	at org.apache.tomcat.websocket.WsFrameBase.processData(WsFrameBase.java:284)
	at org.apache.tomcat.websocket.WsFrameBase.processInputBuffer(WsFrameBase.java:130)
	at org.apache.tomcat.websocket.server.WsFrameServer.onDataAvailable(WsFrameServer.java:85)
	at org.apache.tomcat.websocket.server.WsFrameServer.doOnDataAvailable(WsFrameServer.java:184)
	at org.apache.tomcat.websocket.server.WsFrameServer.notifyDataAvailable(WsFrameServer.java:164)
	at org.apache.tomcat.websocket.server.WsHttpUpgradeHandler.upgradeDispatch(WsHttpUpgradeHandler.java:152)
	at org.apache.coyote.http11.upgrade.UpgradeProcessorInternal.dispatch(UpgradeProcessorInternal.java:60)
	at org.apache.coyote.AbstractProcessorLight.process(AbstractProcessorLight.java:57)
	at org.apache.coyote.AbstractProtocol$ConnectionHandler.process(AbstractProtocol.java:896)
	at org.apache.tomcat.util.net.NioEndpoint$SocketProcessor.doRun(NioEndpoint.java:1736)
	at org.apache.tomcat.util.net.SocketProcessorBase.run(SocketProcessorBase.java:52)
	at org.apache.tomcat.util.threads.ThreadPoolExecutor.runWorker(ThreadPoolExecutor.java:1191)
	at org.apache.tomcat.util.threads.ThreadPoolExecutor$Worker.run(ThreadPoolExecutor.java:659)
	at org.apache.tomcat.util.threads.TaskThread$WrappingRunnable.run(TaskThread.java:63)
	at java.base/java.lang.Thread.run(Thread.java:1575)
Caused by: java.io.IOException: Broken pipe
	at java.base/sun.nio.ch.SocketDispatcher.writev0(Native Method)
	at java.base/sun.nio.ch.SocketDispatcher.writev(SocketDispatcher.java:66)
	at java.base/sun.nio.ch.IOUtil.write(IOUtil.java:227)
	at java.base/sun.nio.ch.IOUtil.write(IOUtil.java:158)
	at java.base/sun.nio.ch.SocketChannelImpl.implWrite(SocketChannelImpl.java:597)
	at java.base/sun.nio.ch.SocketChannelImpl.write(SocketChannelImpl.java:631)
	at org.apache.tomcat.util.net.NioChannel.write(NioChannel.java:130)
	at org.apache.tomcat.util.net.NioEndpoint$NioSocketWrapper$NioOperationState.run(NioEndpoint.java:1627)
	at org.apache.tomcat.util.net.SocketWrapperBase$OperationState.start(SocketWrapperBase.java:1051)
	at org.apache.tomcat.util.net.SocketWrapperBase.vectoredOperation(SocketWrapperBase.java:1440)
	at org.apache.tomcat.util.net.SocketWrapperBase.write(SocketWrapperBase.java:1366)
	at org.apache.tomcat.util.net.SocketWrapperBase.write(SocketWrapperBase.java:1337)
	at org.apache.tomcat.websocket.server.WsRemoteEndpointImplServer.doWrite(WsRemoteEndpointImplServer.java:171)
	at org.apache.tomcat.websocket.WsRemoteEndpointImplBase.writeMessagePart(WsRemoteEndpointImplBase.java:516)
	at org.apache.tomcat.websocket.WsRemoteEndpointImplBase.sendMessageBlock(WsRemoteEndpointImplBase.java:308)
	... 32 more
Error processing message from room 9: java.io.IOException: Broken pipe
java.io.IOException: java.io.IOException: Broken pipe
	at org.apache.tomcat.websocket.WsRemoteEndpointImplBase.sendMessageBlock(WsRemoteEndpointImplBase.java:321)
	at org.apache.tomcat.websocket.WsRemoteEndpointImplBase.sendMessageBlock(WsRemoteEndpointImplBase.java:250)
	at org.apache.tomcat.websocket.WsRemoteEndpointImplBase.sendPartialString(WsRemoteEndpointImplBase.java:223)
	at org.apache.tomcat.websocket.WsRemoteEndpointBasic.sendText(WsRemoteEndpointBasic.java:48)
	at org.springframework.web.socket.adapter.standard.StandardWebSocketSession.sendTextMessage(StandardWebSocketSession.java:217)
	at org.springframework.web.socket.adapter.AbstractWebSocketSession.sendMessage(AbstractWebSocketSession.java:108)
	at edu.northeastern.cs6650.server.ChatWebSocketHandler.sendAck(ChatWebSocketHandler.java:121)
	at edu.northeastern.cs6650.server.ChatWebSocketHandler.handleTextMessage(ChatWebSocketHandler.java:72)
	at org.springframework.web.socket.handler.AbstractWebSocketHandler.handleMessage(AbstractWebSocketHandler.java:43)
	at org.springframework.web.socket.handler.WebSocketHandlerDecorator.handleMessage(WebSocketHandlerDecorator.java:75)
	at org.springframework.web.socket.handler.LoggingWebSocketHandlerDecorator.handleMessage(LoggingWebSocketHandlerDecorator.java:56)
	at org.springframework.web.socket.handler.ExceptionWebSocketHandlerDecorator.handleMessage(ExceptionWebSocketHandlerDecorator.java:58)
	at org.springframework.web.socket.adapter.standard.StandardWebSocketHandlerAdapter.handleTextMessage(StandardWebSocketHandlerAdapter.java:113)
	at org.springframework.web.socket.adapter.standard.StandardWebSocketHandlerAdapter$3.onMessage(StandardWebSocketHandlerAdapter.java:84)
	at org.springframework.web.socket.adapter.standard.StandardWebSocketHandlerAdapter$3.onMessage(StandardWebSocketHandlerAdapter.java:81)
	at org.apache.tomcat.websocket.WsFrameBase.sendMessageText(WsFrameBase.java:390)
	at org.apache.tomcat.websocket.server.WsFrameServer.sendMessageText(WsFrameServer.java:130)
	at org.apache.tomcat.websocket.WsFrameBase.processDataText(WsFrameBase.java:484)
	at org.apache.tomcat.websocket.WsFrameBase.processData(WsFrameBase.java:284)
	at org.apache.tomcat.websocket.WsFrameBase.processInputBuffer(WsFrameBase.java:130)
	at org.apache.tomcat.websocket.server.WsFrameServer.onDataAvailable(WsFrameServer.java:85)
	at org.apache.tomcat.websocket.server.WsFrameServer.doOnDataAvailable(WsFrameServer.java:184)
	at org.apache.tomcat.websocket.server.WsFrameServer.notifyDataAvailable(WsFrameServer.java:164)
	at org.apache.tomcat.websocket.server.WsHttpUpgradeHandler.upgradeDispatch(WsHttpUpgradeHandler.java:152)
	at org.apache.coyote.http11.upgrade.UpgradeProcessorInternal.dispatch(UpgradeProcessorInternal.java:60)
	at org.apache.coyote.AbstractProcessorLight.process(AbstractProcessorLight.java:57)
	at org.apache.coyote.AbstractProtocol$ConnectionHandler.process(AbstractProtocol.java:896)
	at org.apache.tomcat.util.net.NioEndpoint$SocketProcessor.doRun(NioEndpoint.java:1736)
	at org.apache.tomcat.util.net.SocketProcessorBase.run(SocketProcessorBase.java:52)
	at org.apache.tomcat.util.threads.ThreadPoolExecutor.runWorker(ThreadPoolExecutor.java:1191)
	at org.apache.tomcat.util.threads.ThreadPoolExecutor$Worker.run(ThreadPoolExecutor.java:659)
	at org.apache.tomcat.util.threads.TaskThread$WrappingRunnable.run(TaskThread.java:63)
	at java.base/java.lang.Thread.run(Thread.java:1575)
Caused by: java.io.IOException: Broken pipe
	at java.base/sun.nio.ch.SocketDispatcher.writev0(Native Method)
	at java.base/sun.nio.ch.SocketDispatcher.writev(SocketDispatcher.java:66)
	at java.base/sun.nio.ch.IOUtil.write(IOUtil.java:227)
	at java.base/sun.nio.ch.IOUtil.write(IOUtil.java:158)
	at java.base/sun.nio.ch.SocketChannelImpl.implWrite(SocketChannelImpl.java:597)
	at java.base/sun.nio.ch.SocketChannelImpl.write(SocketChannelImpl.java:631)
	at org.apache.tomcat.util.net.NioChannel.write(NioChannel.java:130)
	at org.apache.tomcat.util.net.NioEndpoint$NioSocketWrapper$NioOperationState.run(NioEndpoint.java:1627)
	at org.apache.tomcat.util.net.SocketWrapperBase$OperationState.start(SocketWrapperBase.java:1051)
	at org.apache.tomcat.util.net.SocketWrapperBase.vectoredOperation(SocketWrapperBase.java:1440)
	at org.apache.tomcat.util.net.SocketWrapperBase.write(SocketWrapperBase.java:1366)
	at org.apache.tomcat.util.net.SocketWrapperBase.write(SocketWrapperBase.java:1337)
	at org.apache.tomcat.websocket.server.WsRemoteEndpointImplServer.doWrite(WsRemoteEndpointImplServer.java:171)
	at org.apache.tomcat.websocket.WsRemoteEndpointImplBase.writeMessagePart(WsRemoteEndpointImplBase.java:516)
	at org.apache.tomcat.websocket.WsRemoteEndpointImplBase.sendMessageBlock(WsRemoteEndpointImplBase.java:308)
	... 32 more
Error processing message from room 17: java.io.IOException: Broken pipe
java.io.IOException: java.io.IOException: Broken pipe
	at org.apache.tomcat.websocket.WsRemoteEndpointImplBase.sendMessageBlock(WsRemoteEndpointImplBase.java:321)
	at org.apache.tomcat.websocket.WsRemoteEndpointImplBase.sendMessageBlock(WsRemoteEndpointImplBase.java:250)
	at org.apache.tomcat.websocket.WsRemoteEndpointImplBase.sendPartialString(WsRemoteEndpointImplBase.java:223)
	at org.apache.tomcat.websocket.WsRemoteEndpointBasic.sendText(WsRemoteEndpointBasic.java:48)
	at org.springframework.web.socket.adapter.standard.StandardWebSocketSession.sendTextMessage(StandardWebSocketSession.java:217)
	at org.springframework.web.socket.adapter.AbstractWebSocketSession.sendMessage(AbstractWebSocketSession.java:108)
	at edu.northeastern.cs6650.server.ChatWebSocketHandler.sendAck(ChatWebSocketHandler.java:121)
	at edu.northeastern.cs6650.server.ChatWebSocketHandler.handleTextMessage(ChatWebSocketHandler.java:72)
	at org.springframework.web.socket.handler.AbstractWebSocketHandler.handleMessage(AbstractWebSocketHandler.java:43)
	at org.springframework.web.socket.handler.WebSocketHandlerDecorator.handleMessage(WebSocketHandlerDecorator.java:75)
	at org.springframework.web.socket.handler.LoggingWebSocketHandlerDecorator.handleMessage(LoggingWebSocketHandlerDecorator.java:56)
	at org.springframework.web.socket.handler.ExceptionWebSocketHandlerDecorator.handleMessage(ExceptionWebSocketHandlerDecorator.java:58)
	at org.springframework.web.socket.adapter.standard.StandardWebSocketHandlerAdapter.handleTextMessage(StandardWebSocketHandlerAdapter.java:113)
	at org.springframework.web.socket.adapter.standard.StandardWebSocketHandlerAdapter$3.onMessage(StandardWebSocketHandlerAdapter.java:84)
	at org.springframework.web.socket.adapter.standard.StandardWebSocketHandlerAdapter$3.onMessage(StandardWebSocketHandlerAdapter.java:81)
	at org.apache.tomcat.websocket.WsFrameBase.sendMessageText(WsFrameBase.java:390)
	at org.apache.tomcat.websocket.server.WsFrameServer.sendMessageText(WsFrameServer.java:130)
	at org.apache.tomcat.websocket.WsFrameBase.processDataText(WsFrameBase.java:484)
	at org.apache.tomcat.websocket.WsFrameBase.processData(WsFrameBase.java:284)
	at org.apache.tomcat.websocket.WsFrameBase.processInputBuffer(WsFrameBase.java:130)
	at org.apache.tomcat.websocket.server.WsFrameServer.onDataAvailable(WsFrameServer.java:85)
	at org.apache.tomcat.websocket.server.WsFrameServer.doOnDataAvailable(WsFrameServer.java:184)
	at org.apache.tomcat.websocket.server.WsFrameServer.notifyDataAvailable(WsFrameServer.java:164)
	at org.apache.tomcat.websocket.server.WsHttpUpgradeHandler.upgradeDispatch(WsHttpUpgradeHandler.java:152)
	at org.apache.coyote.http11.upgrade.UpgradeProcessorInternal.dispatch(UpgradeProcessorInternal.java:60)
	at org.apache.coyote.AbstractProcessorLight.process(AbstractProcessorLight.java:57)
	at org.apache.coyote.AbstractProtocol$ConnectionHandler.process(AbstractProtocol.java:896)
	at org.apache.tomcat.util.net.NioEndpoint$SocketProcessor.doRun(NioEndpoint.java:1736)
	at org.apache.tomcat.util.net.SocketProcessorBase.run(SocketProcessorBase.java:52)
	at org.apache.tomcat.util.threads.ThreadPoolExecutor.runWorker(ThreadPoolExecutor.java:1191)
	at org.apache.tomcat.util.threads.ThreadPoolExecutor$Worker.run(ThreadPoolExecutor.java:659)
	at org.apache.tomcat.util.threads.TaskThread$WrappingRunnable.run(TaskThread.java:63)
	at java.base/java.lang.Thread.run(Thread.java:1575)
Caused by: java.io.IOException: Broken pipe
	at java.base/sun.nio.ch.SocketDispatcher.writev0(Native Method)
	at java.base/sun.nio.ch.SocketDispatcher.writev(SocketDispatcher.java:66)
	at java.base/sun.nio.ch.IOUtil.write(IOUtil.java:227)
	at java.base/sun.nio.ch.IOUtil.write(IOUtil.java:158)
	at java.base/sun.nio.ch.SocketChannelImpl.implWrite(SocketChannelImpl.java:597)
	at java.base/sun.nio.ch.SocketChannelImpl.write(SocketChannelImpl.java:631)
	at org.apache.tomcat.util.net.NioChannel.write(NioChannel.java:130)
	at org.apache.tomcat.util.net.NioEndpoint$NioSocketWrapper$NioOperationState.run(NioEndpoint.java:1627)
	at org.apache.tomcat.util.net.SocketWrapperBase$OperationState.start(SocketWrapperBase.java:1051)
	at org.apache.tomcat.util.net.SocketWrapperBase.vectoredOperation(SocketWrapperBase.java:1440)
	at org.apache.tomcat.util.net.SocketWrapperBase.write(SocketWrapperBase.java:1366)
	at org.apache.tomcat.util.net.SocketWrapperBase.write(SocketWrapperBase.java:1337)
	at org.apache.tomcat.websocket.server.WsRemoteEndpointImplServer.doWrite(WsRemoteEndpointImplServer.java:171)
	at org.apache.tomcat.websocket.WsRemoteEndpointImplBase.writeMessagePart(WsRemoteEndpointImplBase.java:516)
	at org.apache.tomcat.websocket.WsRemoteEndpointImplBase.sendMessageBlock(WsRemoteEndpointImplBase.java:308)
	... 32 more
Error processing message from room 4: java.io.IOException: Broken pipe
java.io.IOException: java.io.IOException: Broken pipe
	at org.apache.tomcat.websocket.WsRemoteEndpointImplBase.sendMessageBlock(WsRemoteEndpointImplBase.java:321)
	at org.apache.tomcat.websocket.WsRemoteEndpointImplBase.sendMessageBlock(WsRemoteEndpointImplBase.java:250)
	at org.apache.tomcat.websocket.WsRemoteEndpointImplBase.sendPartialString(WsRemoteEndpointImplBase.java:223)
	at org.apache.tomcat.websocket.WsRemoteEndpointBasic.sendText(WsRemoteEndpointBasic.java:48)
	at org.springframework.web.socket.adapter.standard.StandardWebSocketSession.sendTextMessage(StandardWebSocketSession.java:217)
	at org.springframework.web.socket.adapter.AbstractWebSocketSession.sendMessage(AbstractWebSocketSession.java:108)
	at edu.northeastern.cs6650.server.ChatWebSocketHandler.sendAck(ChatWebSocketHandler.java:121)
	at edu.northeastern.cs6650.server.ChatWebSocketHandler.handleTextMessage(ChatWebSocketHandler.java:72)
	at org.springframework.web.socket.handler.AbstractWebSocketHandler.handleMessage(AbstractWebSocketHandler.java:43)
	at org.springframework.web.socket.handler.WebSocketHandlerDecorator.handleMessage(WebSocketHandlerDecorator.java:75)
	at org.springframework.web.socket.handler.LoggingWebSocketHandlerDecorator.handleMessage(LoggingWebSocketHandlerDecorator.java:56)
	at org.springframework.web.socket.handler.ExceptionWebSocketHandlerDecorator.handleMessage(ExceptionWebSocketHandlerDecorator.java:58)
	at org.springframework.web.socket.adapter.standard.StandardWebSocketHandlerAdapter.handleTextMessage(StandardWebSocketHandlerAdapter.java:113)
	at org.springframework.web.socket.adapter.standard.StandardWebSocketHandlerAdapter$3.onMessage(StandardWebSocketHandlerAdapter.java:84)
	at org.springframework.web.socket.adapter.standard.StandardWebSocketHandlerAdapter$3.onMessage(StandardWebSocketHandlerAdapter.java:81)
	at org.apache.tomcat.websocket.WsFrameBase.sendMessageText(WsFrameBase.java:390)
	at org.apache.tomcat.websocket.server.WsFrameServer.sendMessageText(WsFrameServer.java:130)
	at org.apache.tomcat.websocket.WsFrameBase.processDataText(WsFrameBase.java:484)
	at org.apache.tomcat.websocket.WsFrameBase.processData(WsFrameBase.java:284)
	at org.apache.tomcat.websocket.WsFrameBase.processInputBuffer(WsFrameBase.java:130)
	at org.apache.tomcat.websocket.server.WsFrameServer.onDataAvailable(WsFrameServer.java:85)
	at org.apache.tomcat.websocket.server.WsFrameServer.doOnDataAvailable(WsFrameServer.java:184)
	at org.apache.tomcat.websocket.server.WsFrameServer.notifyDataAvailable(WsFrameServer.java:164)
	at org.apache.tomcat.websocket.server.WsHttpUpgradeHandler.upgradeDispatch(WsHttpUpgradeHandler.java:152)
	at org.apache.coyote.http11.upgrade.UpgradeProcessorInternal.dispatch(UpgradeProcessorInternal.java:60)
	at org.apache.coyote.AbstractProcessorLight.process(AbstractProcessorLight.java:57)
	at org.apache.coyote.AbstractProtocol$ConnectionHandler.process(AbstractProtocol.java:896)
	at org.apache.tomcat.util.net.NioEndpoint$SocketProcessor.doRun(NioEndpoint.java:1736)
	at org.apache.tomcat.util.net.SocketProcessorBase.run(SocketProcessorBase.java:52)
	at org.apache.tomcat.util.threads.ThreadPoolExecutor.runWorker(ThreadPoolExecutor.java:1191)
	at org.apache.tomcat.util.threads.ThreadPoolExecutor$Worker.run(ThreadPoolExecutor.java:659)
	at org.apache.tomcat.util.threads.TaskThread$WrappingRunnable.run(TaskThread.java:63)
	at java.base/java.lang.Thread.run(Thread.java:1575)
Caused by: java.io.IOException: Broken pipe
	at java.base/sun.nio.ch.SocketDispatcher.writev0(Native Method)
	at java.base/sun.nio.ch.SocketDispatcher.writev(SocketDispatcher.java:66)
	at java.base/sun.nio.ch.IOUtil.write(IOUtil.java:227)
	at java.base/sun.nio.ch.IOUtil.write(IOUtil.java:158)
	at java.base/sun.nio.ch.SocketChannelImpl.implWrite(SocketChannelImpl.java:597)
	at java.base/sun.nio.ch.SocketChannelImpl.write(SocketChannelImpl.java:631)
	at org.apache.tomcat.util.net.NioChannel.write(NioChannel.java:130)
	at org.apache.tomcat.util.net.NioEndpoint$NioSocketWrapper$NioOperationState.run(NioEndpoint.java:1627)
	at org.apache.tomcat.util.net.SocketWrapperBase$OperationState.start(SocketWrapperBase.java:1051)
	at org.apache.tomcat.util.net.SocketWrapperBase.vectoredOperation(SocketWrapperBase.java:1440)
	at org.apache.tomcat.util.net.SocketWrapperBase.write(SocketWrapperBase.java:1366)
	at org.apache.tomcat.util.net.SocketWrapperBase.write(SocketWrapperBase.java:1337)
	at org.apache.tomcat.websocket.server.WsRemoteEndpointImplServer.doWrite(WsRemoteEndpointImplServer.java:171)
	at org.apache.tomcat.websocket.WsRemoteEndpointImplBase.writeMessagePart(WsRemoteEndpointImplBase.java:516)
	at org.apache.tomcat.websocket.WsRemoteEndpointImplBase.sendMessageBlock(WsRemoteEndpointImplBase.java:308)
	... 32 more
Error processing message from room 10: java.io.IOException: Broken pipe
java.io.IOException: java.io.IOException: Broken pipe
	at org.apache.tomcat.websocket.WsRemoteEndpointImplBase.sendMessageBlock(WsRemoteEndpointImplBase.java:321)
	at org.apache.tomcat.websocket.WsRemoteEndpointImplBase.sendMessageBlock(WsRemoteEndpointImplBase.java:250)
	at org.apache.tomcat.websocket.WsRemoteEndpointImplBase.sendPartialString(WsRemoteEndpointImplBase.java:223)
	at org.apache.tomcat.websocket.WsRemoteEndpointBasic.sendText(WsRemoteEndpointBasic.java:48)
	at org.springframework.web.socket.adapter.standard.StandardWebSocketSession.sendTextMessage(StandardWebSocketSession.java:217)
	at org.springframework.web.socket.adapter.AbstractWebSocketSession.sendMessage(AbstractWebSocketSession.java:108)
	at edu.northeastern.cs6650.server.ChatWebSocketHandler.sendAck(ChatWebSocketHandler.java:121)
	at edu.northeastern.cs6650.server.ChatWebSocketHandler.handleTextMessage(ChatWebSocketHandler.java:72)
	at org.springframework.web.socket.handler.AbstractWebSocketHandler.handleMessage(AbstractWebSocketHandler.java:43)
	at org.springframework.web.socket.handler.WebSocketHandlerDecorator.handleMessage(WebSocketHandlerDecorator.java:75)
	at org.springframework.web.socket.handler.LoggingWebSocketHandlerDecorator.handleMessage(LoggingWebSocketHandlerDecorator.java:56)
	at org.springframework.web.socket.handler.ExceptionWebSocketHandlerDecorator.handleMessage(ExceptionWebSocketHandlerDecorator.java:58)
	at org.springframework.web.socket.adapter.standard.StandardWebSocketHandlerAdapter.handleTextMessage(StandardWebSocketHandlerAdapter.java:113)
	at org.springframework.web.socket.adapter.standard.StandardWebSocketHandlerAdapter$3.onMessage(StandardWebSocketHandlerAdapter.java:84)
	at org.springframework.web.socket.adapter.standard.StandardWebSocketHandlerAdapter$3.onMessage(StandardWebSocketHandlerAdapter.java:81)
	at org.apache.tomcat.websocket.WsFrameBase.sendMessageText(WsFrameBase.java:390)
	at org.apache.tomcat.websocket.server.WsFrameServer.sendMessageText(WsFrameServer.java:130)
	at org.apache.tomcat.websocket.WsFrameBase.processDataText(WsFrameBase.java:484)
	at org.apache.tomcat.websocket.WsFrameBase.processData(WsFrameBase.java:284)
	at org.apache.tomcat.websocket.WsFrameBase.processInputBuffer(WsFrameBase.java:130)
	at org.apache.tomcat.websocket.server.WsFrameServer.onDataAvailable(WsFrameServer.java:85)
	at org.apache.tomcat.websocket.server.WsFrameServer.doOnDataAvailable(WsFrameServer.java:184)
	at org.apache.tomcat.websocket.server.WsFrameServer.notifyDataAvailable(WsFrameServer.java:164)
	at org.apache.tomcat.websocket.server.WsHttpUpgradeHandler.upgradeDispatch(WsHttpUpgradeHandler.java:152)
	at org.apache.coyote.http11.upgrade.UpgradeProcessorInternal.dispatch(UpgradeProcessorInternal.java:60)
	at org.apache.coyote.AbstractProcessorLight.process(AbstractProcessorLight.java:57)
	at org.apache.coyote.AbstractProtocol$ConnectionHandler.process(AbstractProtocol.java:896)
	at org.apache.tomcat.util.net.NioEndpoint$SocketProcessor.doRun(NioEndpoint.java:1736)
	at org.apache.tomcat.util.net.SocketProcessorBase.run(SocketProcessorBase.java:52)
	at org.apache.tomcat.util.threads.ThreadPoolExecutor.runWorker(ThreadPoolExecutor.java:1191)
	at org.apache.tomcat.util.threads.ThreadPoolExecutor$Worker.run(ThreadPoolExecutor.java:659)
	at org.apache.tomcat.util.threads.TaskThread$WrappingRunnable.run(TaskThread.java:63)
	at java.base/java.lang.Thread.run(Thread.java:1575)
Caused by: java.io.IOException: Broken pipe
	at java.base/sun.nio.ch.SocketDispatcher.writev0(Native Method)
	at java.base/sun.nio.ch.SocketDispatcher.writev(SocketDispatcher.java:66)
	at java.base/sun.nio.ch.IOUtil.write(IOUtil.java:227)
	at java.base/sun.nio.ch.IOUtil.write(IOUtil.java:158)
	at java.base/sun.nio.ch.SocketChannelImpl.implWrite(SocketChannelImpl.java:597)
	at java.base/sun.nio.ch.SocketChannelImpl.write(SocketChannelImpl.java:631)
	at org.apache.tomcat.util.net.NioChannel.write(NioChannel.java:130)
	at org.apache.tomcat.util.net.NioEndpoint$NioSocketWrapper$NioOperationState.run(NioEndpoint.java:1627)
	at org.apache.tomcat.util.net.SocketWrapperBase$OperationState.start(SocketWrapperBase.java:1051)
	at org.apache.tomcat.util.net.SocketWrapperBase.vectoredOperation(SocketWrapperBase.java:1440)
	at org.apache.tomcat.util.net.SocketWrapperBase.write(SocketWrapperBase.java:1366)
	at org.apache.tomcat.util.net.SocketWrapperBase.write(SocketWrapperBase.java:1337)
	at org.apache.tomcat.websocket.server.WsRemoteEndpointImplServer.doWrite(WsRemoteEndpointImplServer.java:171)
	at org.apache.tomcat.websocket.WsRemoteEndpointImplBase.writeMessagePart(WsRemoteEndpointImplBase.java:516)
	at org.apache.tomcat.websocket.WsRemoteEndpointImplBase.sendMessageBlock(WsRemoteEndpointImplBase.java:308)
	... 32 more
Error processing message from room 1: java.io.IOException: Broken pipe
java.io.IOException: java.io.IOException: Broken pipe
	at org.apache.tomcat.websocket.WsRemoteEndpointImplBase.sendMessageBlock(WsRemoteEndpointImplBase.java:321)
	at org.apache.tomcat.websocket.WsRemoteEndpointImplBase.sendMessageBlock(WsRemoteEndpointImplBase.java:250)
	at org.apache.tomcat.websocket.WsRemoteEndpointImplBase.sendPartialString(WsRemoteEndpointImplBase.java:223)
	at org.apache.tomcat.websocket.WsRemoteEndpointBasic.sendText(WsRemoteEndpointBasic.java:48)
	at org.springframework.web.socket.adapter.standard.StandardWebSocketSession.sendTextMessage(StandardWebSocketSession.java:217)
	at org.springframework.web.socket.adapter.AbstractWebSocketSession.sendMessage(AbstractWebSocketSession.java:108)
	at edu.northeastern.cs6650.server.ChatWebSocketHandler.sendAck(ChatWebSocketHandler.java:121)
	at edu.northeastern.cs6650.server.ChatWebSocketHandler.handleTextMessage(ChatWebSocketHandler.java:72)
	at org.springframework.web.socket.handler.AbstractWebSocketHandler.handleMessage(AbstractWebSocketHandler.java:43)
	at org.springframework.web.socket.handler.WebSocketHandlerDecorator.handleMessage(WebSocketHandlerDecorator.java:75)
	at org.springframework.web.socket.handler.LoggingWebSocketHandlerDecorator.handleMessage(LoggingWebSocketHandlerDecorator.java:56)
	at org.springframework.web.socket.handler.ExceptionWebSocketHandlerDecorator.handleMessage(ExceptionWebSocketHandlerDecorator.java:58)
	at org.springframework.web.socket.adapter.standard.StandardWebSocketHandlerAdapter.handleTextMessage(StandardWebSocketHandlerAdapter.java:113)
	at org.springframework.web.socket.adapter.standard.StandardWebSocketHandlerAdapter$3.onMessage(StandardWebSocketHandlerAdapter.java:84)
	at org.springframework.web.socket.adapter.standard.StandardWebSocketHandlerAdapter$3.onMessage(StandardWebSocketHandlerAdapter.java:81)
	at org.apache.tomcat.websocket.WsFrameBase.sendMessageText(WsFrameBase.java:390)
	at org.apache.tomcat.websocket.server.WsFrameServer.sendMessageText(WsFrameServer.java:130)
	at org.apache.tomcat.websocket.WsFrameBase.processDataText(WsFrameBase.java:484)
	at org.apache.tomcat.websocket.WsFrameBase.processData(WsFrameBase.java:284)
	at org.apache.tomcat.websocket.WsFrameBase.processInputBuffer(WsFrameBase.java:130)
	at org.apache.tomcat.websocket.server.WsFrameServer.onDataAvailable(WsFrameServer.java:85)
	at org.apache.tomcat.websocket.server.WsFrameServer.doOnDataAvailable(WsFrameServer.java:184)
	at org.apache.tomcat.websocket.server.WsFrameServer.notifyDataAvailable(WsFrameServer.java:164)
	at org.apache.tomcat.websocket.server.WsHttpUpgradeHandler.upgradeDispatch(WsHttpUpgradeHandler.java:152)
	at org.apache.coyote.http11.upgrade.UpgradeProcessorInternal.dispatch(UpgradeProcessorInternal.java:60)
	at org.apache.coyote.AbstractProcessorLight.process(AbstractProcessorLight.java:57)
	at org.apache.coyote.AbstractProtocol$ConnectionHandler.process(AbstractProtocol.java:896)
	at org.apache.tomcat.util.net.NioEndpoint$SocketProcessor.doRun(NioEndpoint.java:1736)
	at org.apache.tomcat.util.net.SocketProcessorBase.run(SocketProcessorBase.java:52)
	at org.apache.tomcat.util.threads.ThreadPoolExecutor.runWorker(ThreadPoolExecutor.java:1191)
	at org.apache.tomcat.util.threads.ThreadPoolExecutor$Worker.run(ThreadPoolExecutor.java:659)
	at org.apache.tomcat.util.threads.TaskThread$WrappingRunnable.run(TaskThread.java:63)
	at java.base/java.lang.Thread.run(Thread.java:1575)
Caused by: java.io.IOException: Broken pipe
	at java.base/sun.nio.ch.SocketDispatcher.writev0(Native Method)
	at java.base/sun.nio.ch.SocketDispatcher.writev(SocketDispatcher.java:66)
	at java.base/sun.nio.ch.IOUtil.write(IOUtil.java:227)
	at java.base/sun.nio.ch.IOUtil.write(IOUtil.java:158)
	at java.base/sun.nio.ch.SocketChannelImpl.implWrite(SocketChannelImpl.java:597)
	at java.base/sun.nio.ch.SocketChannelImpl.write(SocketChannelImpl.java:631)
	at org.apache.tomcat.util.net.NioChannel.write(NioChannel.java:130)
	at org.apache.tomcat.util.net.NioEndpoint$NioSocketWrapper$NioOperationState.run(NioEndpoint.java:1627)
	at org.apache.tomcat.util.net.SocketWrapperBase$OperationState.start(SocketWrapperBase.java:1051)
	at org.apache.tomcat.util.net.SocketWrapperBase.vectoredOperation(SocketWrapperBase.java:1440)
	at org.apache.tomcat.util.net.SocketWrapperBase.write(SocketWrapperBase.java:1366)
	at org.apache.tomcat.util.net.SocketWrapperBase.write(SocketWrapperBase.java:1337)
	at org.apache.tomcat.websocket.server.WsRemoteEndpointImplServer.doWrite(WsRemoteEndpointImplServer.java:171)
	at org.apache.tomcat.websocket.WsRemoteEndpointImplBase.writeMessagePart(WsRemoteEndpointImplBase.java:516)
	at org.apache.tomcat.websocket.WsRemoteEndpointImplBase.sendMessageBlock(WsRemoteEndpointImplBase.java:308)
	... 32 more
Error processing message from room 13: java.io.IOException: Broken pipe
java.io.IOException: java.io.IOException: Broken pipe
	at org.apache.tomcat.websocket.WsRemoteEndpointImplBase.sendMessageBlock(WsRemoteEndpointImplBase.java:321)
	at org.apache.tomcat.websocket.WsRemoteEndpointImplBase.sendMessageBlock(WsRemoteEndpointImplBase.java:250)
	at org.apache.tomcat.websocket.WsRemoteEndpointImplBase.sendPartialString(WsRemoteEndpointImplBase.java:223)
	at org.apache.tomcat.websocket.WsRemoteEndpointBasic.sendText(WsRemoteEndpointBasic.java:48)
	at org.springframework.web.socket.adapter.standard.StandardWebSocketSession.sendTextMessage(StandardWebSocketSession.java:217)
	at org.springframework.web.socket.adapter.AbstractWebSocketSession.sendMessage(AbstractWebSocketSession.java:108)
	at edu.northeastern.cs6650.server.ChatWebSocketHandler.sendAck(ChatWebSocketHandler.java:121)
	at edu.northeastern.cs6650.server.ChatWebSocketHandler.handleTextMessage(ChatWebSocketHandler.java:72)
	at org.springframework.web.socket.handler.AbstractWebSocketHandler.handleMessage(AbstractWebSocketHandler.java:43)
	at org.springframework.web.socket.handler.WebSocketHandlerDecorator.handleMessage(WebSocketHandlerDecorator.java:75)
	at org.springframework.web.socket.handler.LoggingWebSocketHandlerDecorator.handleMessage(LoggingWebSocketHandlerDecorator.java:56)
	at org.springframework.web.socket.handler.ExceptionWebSocketHandlerDecorator.handleMessage(ExceptionWebSocketHandlerDecorator.java:58)
	at org.springframework.web.socket.adapter.standard.StandardWebSocketHandlerAdapter.handleTextMessage(StandardWebSocketHandlerAdapter.java:113)
	at org.springframework.web.socket.adapter.standard.StandardWebSocketHandlerAdapter$3.onMessage(StandardWebSocketHandlerAdapter.java:84)
	at org.springframework.web.socket.adapter.standard.StandardWebSocketHandlerAdapter$3.onMessage(StandardWebSocketHandlerAdapter.java:81)
	at org.apache.tomcat.websocket.WsFrameBase.sendMessageText(WsFrameBase.java:390)
	at org.apache.tomcat.websocket.server.WsFrameServer.sendMessageText(WsFrameServer.java:130)
	at org.apache.tomcat.websocket.WsFrameBase.processDataText(WsFrameBase.java:484)
	at org.apache.tomcat.websocket.WsFrameBase.processData(WsFrameBase.java:284)
	at org.apache.tomcat.websocket.WsFrameBase.processInputBuffer(WsFrameBase.java:130)
	at org.apache.tomcat.websocket.server.WsFrameServer.onDataAvailable(WsFrameServer.java:85)
	at org.apache.tomcat.websocket.server.WsFrameServer.doOnDataAvailable(WsFrameServer.java:184)
	at org.apache.tomcat.websocket.server.WsFrameServer.notifyDataAvailable(WsFrameServer.java:164)
	at org.apache.tomcat.websocket.server.WsHttpUpgradeHandler.upgradeDispatch(WsHttpUpgradeHandler.java:152)
	at org.apache.coyote.http11.upgrade.UpgradeProcessorInternal.dispatch(UpgradeProcessorInternal.java:60)
	at org.apache.coyote.AbstractProcessorLight.process(AbstractProcessorLight.java:57)
	at org.apache.coyote.AbstractProtocol$ConnectionHandler.process(AbstractProtocol.java:896)
	at org.apache.tomcat.util.net.NioEndpoint$SocketProcessor.doRun(NioEndpoint.java:1736)
	at org.apache.tomcat.util.net.SocketProcessorBase.run(SocketProcessorBase.java:52)
	at org.apache.tomcat.util.threads.ThreadPoolExecutor.runWorker(ThreadPoolExecutor.java:1191)
	at org.apache.tomcat.util.threads.ThreadPoolExecutor$Worker.run(ThreadPoolExecutor.java:659)
	at org.apache.tomcat.util.threads.TaskThread$WrappingRunnable.run(TaskThread.java:63)
	at java.base/java.lang.Thread.run(Thread.java:1575)
Caused by: java.io.IOException: Broken pipe
	at java.base/sun.nio.ch.SocketDispatcher.writev0(Native Method)
	at java.base/sun.nio.ch.SocketDispatcher.writev(SocketDispatcher.java:66)
	at java.base/sun.nio.ch.IOUtil.write(IOUtil.java:227)
	at java.base/sun.nio.ch.IOUtil.write(IOUtil.java:158)
	at java.base/sun.nio.ch.SocketChannelImpl.implWrite(SocketChannelImpl.java:597)
	at java.base/sun.nio.ch.SocketChannelImpl.write(SocketChannelImpl.java:631)
	at org.apache.tomcat.util.net.NioChannel.write(NioChannel.java:130)
	at org.apache.tomcat.util.net.NioEndpoint$NioSocketWrapper$NioOperationState.run(NioEndpoint.java:1627)
	at org.apache.tomcat.util.net.SocketWrapperBase$OperationState.start(SocketWrapperBase.java:1051)
	at org.apache.tomcat.util.net.SocketWrapperBase.vectoredOperation(SocketWrapperBase.java:1440)
	at org.apache.tomcat.util.net.SocketWrapperBase.write(SocketWrapperBase.java:1366)
	at org.apache.tomcat.util.net.SocketWrapperBase.write(SocketWrapperBase.java:1337)
	at org.apache.tomcat.websocket.server.WsRemoteEndpointImplServer.doWrite(WsRemoteEndpointImplServer.java:171)
	at org.apache.tomcat.websocket.WsRemoteEndpointImplBase.writeMessagePart(WsRemoteEndpointImplBase.java:516)
	at org.apache.tomcat.websocket.WsRemoteEndpointImplBase.sendMessageBlock(WsRemoteEndpointImplBase.java:308)
	... 32 more
Error processing message from room 20: java.io.IOException: Broken pipe
java.io.IOException: java.io.IOException: Broken pipe
	at org.apache.tomcat.websocket.WsRemoteEndpointImplBase.sendMessageBlock(WsRemoteEndpointImplBase.java:321)
	at org.apache.tomcat.websocket.WsRemoteEndpointImplBase.sendMessageBlock(WsRemoteEndpointImplBase.java:250)
	at org.apache.tomcat.websocket.WsRemoteEndpointImplBase.sendPartialString(WsRemoteEndpointImplBase.java:223)
	at org.apache.tomcat.websocket.WsRemoteEndpointBasic.sendText(WsRemoteEndpointBasic.java:48)
	at org.springframework.web.socket.adapter.standard.StandardWebSocketSession.sendTextMessage(StandardWebSocketSession.java:217)
	at org.springframework.web.socket.adapter.AbstractWebSocketSession.sendMessage(AbstractWebSocketSession.java:108)
	at edu.northeastern.cs6650.server.ChatWebSocketHandler.sendAck(ChatWebSocketHandler.java:121)
	at edu.northeastern.cs6650.server.ChatWebSocketHandler.handleTextMessage(ChatWebSocketHandler.java:72)
	at org.springframework.web.socket.handler.AbstractWebSocketHandler.handleMessage(AbstractWebSocketHandler.java:43)
	at org.springframework.web.socket.handler.WebSocketHandlerDecorator.handleMessage(WebSocketHandlerDecorator.java:75)
	at org.springframework.web.socket.handler.LoggingWebSocketHandlerDecorator.handleMessage(LoggingWebSocketHandlerDecorator.java:56)
	at org.springframework.web.socket.handler.ExceptionWebSocketHandlerDecorator.handleMessage(ExceptionWebSocketHandlerDecorator.java:58)
	at org.springframework.web.socket.adapter.standard.StandardWebSocketHandlerAdapter.handleTextMessage(StandardWebSocketHandlerAdapter.java:113)
	at org.springframework.web.socket.adapter.standard.StandardWebSocketHandlerAdapter$3.onMessage(StandardWebSocketHandlerAdapter.java:84)
	at org.springframework.web.socket.adapter.standard.StandardWebSocketHandlerAdapter$3.onMessage(StandardWebSocketHandlerAdapter.java:81)
	at org.apache.tomcat.websocket.WsFrameBase.sendMessageText(WsFrameBase.java:390)
	at org.apache.tomcat.websocket.server.WsFrameServer.sendMessageText(WsFrameServer.java:130)
	at org.apache.tomcat.websocket.WsFrameBase.processDataText(WsFrameBase.java:484)
	at org.apache.tomcat.websocket.WsFrameBase.processData(WsFrameBase.java:284)
	at org.apache.tomcat.websocket.WsFrameBase.processInputBuffer(WsFrameBase.java:130)
	at org.apache.tomcat.websocket.server.WsFrameServer.onDataAvailable(WsFrameServer.java:85)
	at org.apache.tomcat.websocket.server.WsFrameServer.doOnDataAvailable(WsFrameServer.java:184)
	at org.apache.tomcat.websocket.server.WsFrameServer.notifyDataAvailable(WsFrameServer.java:164)
	at org.apache.tomcat.websocket.server.WsHttpUpgradeHandler.upgradeDispatch(WsHttpUpgradeHandler.java:152)
	at org.apache.coyote.http11.upgrade.UpgradeProcessorInternal.dispatch(UpgradeProcessorInternal.java:60)
	at org.apache.coyote.AbstractProcessorLight.process(AbstractProcessorLight.java:57)
	at org.apache.coyote.AbstractProtocol$ConnectionHandler.process(AbstractProtocol.java:896)
	at org.apache.tomcat.util.net.NioEndpoint$SocketProcessor.doRun(NioEndpoint.java:1736)
	at org.apache.tomcat.util.net.SocketProcessorBase.run(SocketProcessorBase.java:52)
	at org.apache.tomcat.util.threads.ThreadPoolExecutor.runWorker(ThreadPoolExecutor.java:1191)
	at org.apache.tomcat.util.threads.ThreadPoolExecutor$Worker.run(ThreadPoolExecutor.java:659)
	at org.apache.tomcat.util.threads.TaskThread$WrappingRunnable.run(TaskThread.java:63)
	at java.base/java.lang.Thread.run(Thread.java:1575)
Caused by: java.io.IOException: Broken pipe
	at java.base/sun.nio.ch.SocketDispatcher.writev0(Native Method)
	at java.base/sun.nio.ch.SocketDispatcher.writev(SocketDispatcher.java:66)
	at java.base/sun.nio.ch.IOUtil.write(IOUtil.java:227)
	at java.base/sun.nio.ch.IOUtil.write(IOUtil.java:158)
	at java.base/sun.nio.ch.SocketChannelImpl.implWrite(SocketChannelImpl.java:597)
	at java.base/sun.nio.ch.SocketChannelImpl.write(SocketChannelImpl.java:631)
	at org.apache.tomcat.util.net.NioChannel.write(NioChannel.java:130)
	at org.apache.tomcat.util.net.NioEndpoint$NioSocketWrapper$NioOperationState.run(NioEndpoint.java:1627)
	at org.apache.tomcat.util.net.SocketWrapperBase$OperationState.start(SocketWrapperBase.java:1051)
	at org.apache.tomcat.util.net.SocketWrapperBase.vectoredOperation(SocketWrapperBase.java:1440)
	at org.apache.tomcat.util.net.SocketWrapperBase.write(SocketWrapperBase.java:1366)
	at org.apache.tomcat.util.net.SocketWrapperBase.write(SocketWrapperBase.java:1337)
	at org.apache.tomcat.websocket.server.WsRemoteEndpointImplServer.doWrite(WsRemoteEndpointImplServer.java:171)
	at org.apache.tomcat.websocket.WsRemoteEndpointImplBase.writeMessagePart(WsRemoteEndpointImplBase.java:516)
	at org.apache.tomcat.websocket.WsRemoteEndpointImplBase.sendMessageBlock(WsRemoteEndpointImplBase.java:308)
	... 32 more
Error processing message from room 8: java.io.IOException: Broken pipe
java.io.IOException: java.io.IOException: Broken pipe
	at org.apache.tomcat.websocket.WsRemoteEndpointImplBase.sendMessageBlock(WsRemoteEndpointImplBase.java:321)
	at org.apache.tomcat.websocket.WsRemoteEndpointImplBase.sendMessageBlock(WsRemoteEndpointImplBase.java:250)
	at org.apache.tomcat.websocket.WsRemoteEndpointImplBase.sendPartialString(WsRemoteEndpointImplBase.java:223)
	at org.apache.tomcat.websocket.WsRemoteEndpointBasic.sendText(WsRemoteEndpointBasic.java:48)
	at org.springframework.web.socket.adapter.standard.StandardWebSocketSession.sendTextMessage(StandardWebSocketSession.java:217)
	at org.springframework.web.socket.adapter.AbstractWebSocketSession.sendMessage(AbstractWebSocketSession.java:108)
	at edu.northeastern.cs6650.server.ChatWebSocketHandler.sendAck(ChatWebSocketHandler.java:121)
	at edu.northeastern.cs6650.server.ChatWebSocketHandler.handleTextMessage(ChatWebSocketHandler.java:72)
	at org.springframework.web.socket.handler.AbstractWebSocketHandler.handleMessage(AbstractWebSocketHandler.java:43)
	at org.springframework.web.socket.handler.WebSocketHandlerDecorator.handleMessage(WebSocketHandlerDecorator.java:75)
	at org.springframework.web.socket.handler.LoggingWebSocketHandlerDecorator.handleMessage(LoggingWebSocketHandlerDecorator.java:56)
	at org.springframework.web.socket.handler.ExceptionWebSocketHandlerDecorator.handleMessage(ExceptionWebSocketHandlerDecorator.java:58)
	at org.springframework.web.socket.adapter.standard.StandardWebSocketHandlerAdapter.handleTextMessage(StandardWebSocketHandlerAdapter.java:113)
	at org.springframework.web.socket.adapter.standard.StandardWebSocketHandlerAdapter$3.onMessage(StandardWebSocketHandlerAdapter.java:84)
	at org.springframework.web.socket.adapter.standard.StandardWebSocketHandlerAdapter$3.onMessage(StandardWebSocketHandlerAdapter.java:81)
	at org.apache.tomcat.websocket.WsFrameBase.sendMessageText(WsFrameBase.java:390)
	at org.apache.tomcat.websocket.server.WsFrameServer.sendMessageText(WsFrameServer.java:130)
	at org.apache.tomcat.websocket.WsFrameBase.processDataText(WsFrameBase.java:484)
	at org.apache.tomcat.websocket.WsFrameBase.processData(WsFrameBase.java:284)
	at org.apache.tomcat.websocket.WsFrameBase.processInputBuffer(WsFrameBase.java:130)
	at org.apache.tomcat.websocket.server.WsFrameServer.onDataAvailable(WsFrameServer.java:85)
	at org.apache.tomcat.websocket.server.WsFrameServer.doOnDataAvailable(WsFrameServer.java:184)
	at org.apache.tomcat.websocket.server.WsFrameServer.notifyDataAvailable(WsFrameServer.java:164)
	at org.apache.tomcat.websocket.server.WsHttpUpgradeHandler.upgradeDispatch(WsHttpUpgradeHandler.java:152)
	at org.apache.coyote.http11.upgrade.UpgradeProcessorInternal.dispatch(UpgradeProcessorInternal.java:60)
	at org.apache.coyote.AbstractProcessorLight.process(AbstractProcessorLight.java:57)
	at org.apache.coyote.AbstractProtocol$ConnectionHandler.process(AbstractProtocol.java:896)
	at org.apache.tomcat.util.net.NioEndpoint$SocketProcessor.doRun(NioEndpoint.java:1736)
	at org.apache.tomcat.util.net.SocketProcessorBase.run(SocketProcessorBase.java:52)
	at org.apache.tomcat.util.threads.ThreadPoolExecutor.runWorker(ThreadPoolExecutor.java:1191)
	at org.apache.tomcat.util.threads.ThreadPoolExecutor$Worker.run(ThreadPoolExecutor.java:659)
	at org.apache.tomcat.util.threads.TaskThread$WrappingRunnable.run(TaskThread.java:63)
	at java.base/java.lang.Thread.run(Thread.java:1575)
Caused by: java.io.IOException: Broken pipe
	at java.base/sun.nio.ch.SocketDispatcher.writev0(Native Method)
	at java.base/sun.nio.ch.SocketDispatcher.writev(SocketDispatcher.java:66)
	at java.base/sun.nio.ch.IOUtil.write(IOUtil.java:227)
	at java.base/sun.nio.ch.IOUtil.write(IOUtil.java:158)
	at java.base/sun.nio.ch.SocketChannelImpl.implWrite(SocketChannelImpl.java:597)
	at java.base/sun.nio.ch.SocketChannelImpl.write(SocketChannelImpl.java:631)
	at org.apache.tomcat.util.net.NioChannel.write(NioChannel.java:130)
	at org.apache.tomcat.util.net.NioEndpoint$NioSocketWrapper$NioOperationState.run(NioEndpoint.java:1627)
	at org.apache.tomcat.util.net.SocketWrapperBase$OperationState.start(SocketWrapperBase.java:1051)
	at org.apache.tomcat.util.net.SocketWrapperBase.vectoredOperation(SocketWrapperBase.java:1440)
	at org.apache.tomcat.util.net.SocketWrapperBase.write(SocketWrapperBase.java:1366)
	at org.apache.tomcat.util.net.SocketWrapperBase.write(SocketWrapperBase.java:1337)
	at org.apache.tomcat.websocket.server.WsRemoteEndpointImplServer.doWrite(WsRemoteEndpointImplServer.java:171)
	at org.apache.tomcat.websocket.WsRemoteEndpointImplBase.writeMessagePart(WsRemoteEndpointImplBase.java:516)
	at org.apache.tomcat.websocket.WsRemoteEndpointImplBase.sendMessageBlock(WsRemoteEndpointImplBase.java:308)
	... 32 more
Error processing message from room 5: java.io.IOException: Broken pipe
java.io.IOException: java.io.IOException: Broken pipe
	at org.apache.tomcat.websocket.WsRemoteEndpointImplBase.sendMessageBlock(WsRemoteEndpointImplBase.java:321)
	at org.apache.tomcat.websocket.WsRemoteEndpointImplBase.sendMessageBlock(WsRemoteEndpointImplBase.java:250)
	at org.apache.tomcat.websocket.WsRemoteEndpointImplBase.sendPartialString(WsRemoteEndpointImplBase.java:223)
	at org.apache.tomcat.websocket.WsRemoteEndpointBasic.sendText(WsRemoteEndpointBasic.java:48)
	at org.springframework.web.socket.adapter.standard.StandardWebSocketSession.sendTextMessage(StandardWebSocketSession.java:217)
	at org.springframework.web.socket.adapter.AbstractWebSocketSession.sendMessage(AbstractWebSocketSession.java:108)
	at edu.northeastern.cs6650.server.ChatWebSocketHandler.sendAck(ChatWebSocketHandler.java:121)
	at edu.northeastern.cs6650.server.ChatWebSocketHandler.handleTextMessage(ChatWebSocketHandler.java:72)
	at org.springframework.web.socket.handler.AbstractWebSocketHandler.handleMessage(AbstractWebSocketHandler.java:43)
	at org.springframework.web.socket.handler.WebSocketHandlerDecorator.handleMessage(WebSocketHandlerDecorator.java:75)
	at org.springframework.web.socket.handler.LoggingWebSocketHandlerDecorator.handleMessage(LoggingWebSocketHandlerDecorator.java:56)
	at org.springframework.web.socket.handler.ExceptionWebSocketHandlerDecorator.handleMessage(ExceptionWebSocketHandlerDecorator.java:58)
	at org.springframework.web.socket.adapter.standard.StandardWebSocketHandlerAdapter.handleTextMessage(StandardWebSocketHandlerAdapter.java:113)
	at org.springframework.web.socket.adapter.standard.StandardWebSocketHandlerAdapter$3.onMessage(StandardWebSocketHandlerAdapter.java:84)
	at org.springframework.web.socket.adapter.standard.StandardWebSocketHandlerAdapter$3.onMessage(StandardWebSocketHandlerAdapter.java:81)
	at org.apache.tomcat.websocket.WsFrameBase.sendMessageText(WsFrameBase.java:390)
	at org.apache.tomcat.websocket.server.WsFrameServer.sendMessageText(WsFrameServer.java:130)
	at org.apache.tomcat.websocket.WsFrameBase.processDataText(WsFrameBase.java:484)
	at org.apache.tomcat.websocket.WsFrameBase.processData(WsFrameBase.java:284)
	at org.apache.tomcat.websocket.WsFrameBase.processInputBuffer(WsFrameBase.java:130)
	at org.apache.tomcat.websocket.server.WsFrameServer.onDataAvailable(WsFrameServer.java:85)
	at org.apache.tomcat.websocket.server.WsFrameServer.doOnDataAvailable(WsFrameServer.java:184)
	at org.apache.tomcat.websocket.server.WsFrameServer.notifyDataAvailable(WsFrameServer.java:164)
	at org.apache.tomcat.websocket.server.WsHttpUpgradeHandler.upgradeDispatch(WsHttpUpgradeHandler.java:152)
	at org.apache.coyote.http11.upgrade.UpgradeProcessorInternal.dispatch(UpgradeProcessorInternal.java:60)
	at org.apache.coyote.AbstractProcessorLight.process(AbstractProcessorLight.java:57)
	at org.apache.coyote.AbstractProtocol$ConnectionHandler.process(AbstractProtocol.java:896)
	at org.apache.tomcat.util.net.NioEndpoint$SocketProcessor.doRun(NioEndpoint.java:1736)
	at org.apache.tomcat.util.net.SocketProcessorBase.run(SocketProcessorBase.java:52)
	at org.apache.tomcat.util.threads.ThreadPoolExecutor.runWorker(ThreadPoolExecutor.java:1191)
	at org.apache.tomcat.util.threads.ThreadPoolExecutor$Worker.run(ThreadPoolExecutor.java:659)
	at org.apache.tomcat.util.threads.TaskThread$WrappingRunnable.run(TaskThread.java:63)
	at java.base/java.lang.Thread.run(Thread.java:1575)
Caused by: java.io.IOException: Broken pipe
	at java.base/sun.nio.ch.SocketDispatcher.writev0(Native Method)
	at java.base/sun.nio.ch.SocketDispatcher.writev(SocketDispatcher.java:66)
	at java.base/sun.nio.ch.IOUtil.write(IOUtil.java:227)
	at java.base/sun.nio.ch.IOUtil.write(IOUtil.java:158)
	at java.base/sun.nio.ch.SocketChannelImpl.implWrite(SocketChannelImpl.java:597)
	at java.base/sun.nio.ch.SocketChannelImpl.write(SocketChannelImpl.java:631)
	at org.apache.tomcat.util.net.NioChannel.write(NioChannel.java:130)
	at org.apache.tomcat.util.net.NioEndpoint$NioSocketWrapper$NioOperationState.run(NioEndpoint.java:1627)
	at org.apache.tomcat.util.net.SocketWrapperBase$OperationState.start(SocketWrapperBase.java:1051)
	at org.apache.tomcat.util.net.SocketWrapperBase.vectoredOperation(SocketWrapperBase.java:1440)
	at org.apache.tomcat.util.net.SocketWrapperBase.write(SocketWrapperBase.java:1366)
	at org.apache.tomcat.util.net.SocketWrapperBase.write(SocketWrapperBase.java:1337)
	at org.apache.tomcat.websocket.server.WsRemoteEndpointImplServer.doWrite(WsRemoteEndpointImplServer.java:171)
	at org.apache.tomcat.websocket.WsRemoteEndpointImplBase.writeMessagePart(WsRemoteEndpointImplBase.java:516)
	at org.apache.tomcat.websocket.WsRemoteEndpointImplBase.sendMessageBlock(WsRemoteEndpointImplBase.java:308)
	... 32 more
Error processing message from room 19: java.io.IOException: Broken pipe
java.io.IOException: java.io.IOException: Broken pipe
	at org.apache.tomcat.websocket.WsRemoteEndpointImplBase.sendMessageBlock(WsRemoteEndpointImplBase.java:321)
	at org.apache.tomcat.websocket.WsRemoteEndpointImplBase.sendMessageBlock(WsRemoteEndpointImplBase.java:250)
	at org.apache.tomcat.websocket.WsRemoteEndpointImplBase.sendPartialString(WsRemoteEndpointImplBase.java:223)
	at org.apache.tomcat.websocket.WsRemoteEndpointBasic.sendText(WsRemoteEndpointBasic.java:48)
	at org.springframework.web.socket.adapter.standard.StandardWebSocketSession.sendTextMessage(StandardWebSocketSession.java:217)
	at org.springframework.web.socket.adapter.AbstractWebSocketSession.sendMessage(AbstractWebSocketSession.java:108)
	at edu.northeastern.cs6650.server.ChatWebSocketHandler.sendAck(ChatWebSocketHandler.java:121)
	at edu.northeastern.cs6650.server.ChatWebSocketHandler.handleTextMessage(ChatWebSocketHandler.java:72)
	at org.springframework.web.socket.handler.AbstractWebSocketHandler.handleMessage(AbstractWebSocketHandler.java:43)
	at org.springframework.web.socket.handler.WebSocketHandlerDecorator.handleMessage(WebSocketHandlerDecorator.java:75)
	at org.springframework.web.socket.handler.LoggingWebSocketHandlerDecorator.handleMessage(LoggingWebSocketHandlerDecorator.java:56)
	at org.springframework.web.socket.handler.ExceptionWebSocketHandlerDecorator.handleMessage(ExceptionWebSocketHandlerDecorator.java:58)
	at org.springframework.web.socket.adapter.standard.StandardWebSocketHandlerAdapter.handleTextMessage(StandardWebSocketHandlerAdapter.java:113)
	at org.springframework.web.socket.adapter.standard.StandardWebSocketHandlerAdapter$3.onMessage(StandardWebSocketHandlerAdapter.java:84)
	at org.springframework.web.socket.adapter.standard.StandardWebSocketHandlerAdapter$3.onMessage(StandardWebSocketHandlerAdapter.java:81)
	at org.apache.tomcat.websocket.WsFrameBase.sendMessageText(WsFrameBase.java:390)
	at org.apache.tomcat.websocket.server.WsFrameServer.sendMessageText(WsFrameServer.java:130)
	at org.apache.tomcat.websocket.WsFrameBase.processDataText(WsFrameBase.java:484)
	at org.apache.tomcat.websocket.WsFrameBase.processData(WsFrameBase.java:284)
	at org.apache.tomcat.websocket.WsFrameBase.processInputBuffer(WsFrameBase.java:130)
	at org.apache.tomcat.websocket.server.WsFrameServer.onDataAvailable(WsFrameServer.java:85)
	at org.apache.tomcat.websocket.server.WsFrameServer.doOnDataAvailable(WsFrameServer.java:184)
	at org.apache.tomcat.websocket.server.WsFrameServer.notifyDataAvailable(WsFrameServer.java:164)
	at org.apache.tomcat.websocket.server.WsHttpUpgradeHandler.upgradeDispatch(WsHttpUpgradeHandler.java:152)
	at org.apache.coyote.http11.upgrade.UpgradeProcessorInternal.dispatch(UpgradeProcessorInternal.java:60)
	at org.apache.coyote.AbstractProcessorLight.process(AbstractProcessorLight.java:57)
	at org.apache.coyote.AbstractProtocol$ConnectionHandler.process(AbstractProtocol.java:896)
	at org.apache.tomcat.util.net.NioEndpoint$SocketProcessor.doRun(NioEndpoint.java:1736)
	at org.apache.tomcat.util.net.SocketProcessorBase.run(SocketProcessorBase.java:52)
	at org.apache.tomcat.util.threads.ThreadPoolExecutor.runWorker(ThreadPoolExecutor.java:1191)
	at org.apache.tomcat.util.threads.ThreadPoolExecutor$Worker.run(ThreadPoolExecutor.java:659)
	at org.apache.tomcat.util.threads.TaskThread$WrappingRunnable.run(TaskThread.java:63)
	at java.base/java.lang.Thread.run(Thread.java:1575)
Caused by: java.io.IOException: Broken pipe
	at java.base/sun.nio.ch.SocketDispatcher.writev0(Native Method)
	at java.base/sun.nio.ch.SocketDispatcher.writev(SocketDispatcher.java:66)
	at java.base/sun.nio.ch.IOUtil.write(IOUtil.java:227)
	at java.base/sun.nio.ch.IOUtil.write(IOUtil.java:158)
	at java.base/sun.nio.ch.SocketChannelImpl.implWrite(SocketChannelImpl.java:597)
	at java.base/sun.nio.ch.SocketChannelImpl.write(SocketChannelImpl.java:631)
	at org.apache.tomcat.util.net.NioChannel.write(NioChannel.java:130)
	at org.apache.tomcat.util.net.NioEndpoint$NioSocketWrapper$NioOperationState.run(NioEndpoint.java:1627)
	at org.apache.tomcat.util.net.SocketWrapperBase$OperationState.start(SocketWrapperBase.java:1051)
	at org.apache.tomcat.util.net.SocketWrapperBase.vectoredOperation(SocketWrapperBase.java:1440)
	at org.apache.tomcat.util.net.SocketWrapperBase.write(SocketWrapperBase.java:1366)
	at org.apache.tomcat.util.net.SocketWrapperBase.write(SocketWrapperBase.java:1337)
	at org.apache.tomcat.websocket.server.WsRemoteEndpointImplServer.doWrite(WsRemoteEndpointImplServer.java:171)
	at org.apache.tomcat.websocket.WsRemoteEndpointImplBase.writeMessagePart(WsRemoteEndpointImplBase.java:516)
	at org.apache.tomcat.websocket.WsRemoteEndpointImplBase.sendMessageBlock(WsRemoteEndpointImplBase.java:308)
	... 32 more
Error processing message from room 4: java.io.IOException: Broken pipe
java.io.IOException: java.io.IOException: Broken pipe
	at org.apache.tomcat.websocket.WsRemoteEndpointImplBase.sendMessageBlock(WsRemoteEndpointImplBase.java:321)
	at org.apache.tomcat.websocket.WsRemoteEndpointImplBase.sendMessageBlock(WsRemoteEndpointImplBase.java:250)
	at org.apache.tomcat.websocket.WsRemoteEndpointImplBase.sendPartialString(WsRemoteEndpointImplBase.java:223)
	at org.apache.tomcat.websocket.WsRemoteEndpointBasic.sendText(WsRemoteEndpointBasic.java:48)
	at org.springframework.web.socket.adapter.standard.StandardWebSocketSession.sendTextMessage(StandardWebSocketSession.java:217)
	at org.springframework.web.socket.adapter.AbstractWebSocketSession.sendMessage(AbstractWebSocketSession.java:108)
	at edu.northeastern.cs6650.server.ChatWebSocketHandler.sendAck(ChatWebSocketHandler.java:121)
	at edu.northeastern.cs6650.server.ChatWebSocketHandler.handleTextMessage(ChatWebSocketHandler.java:72)
	at org.springframework.web.socket.handler.AbstractWebSocketHandler.handleMessage(AbstractWebSocketHandler.java:43)
	at org.springframework.web.socket.handler.WebSocketHandlerDecorator.handleMessage(WebSocketHandlerDecorator.java:75)
	at org.springframework.web.socket.handler.LoggingWebSocketHandlerDecorator.handleMessage(LoggingWebSocketHandlerDecorator.java:56)
	at org.springframework.web.socket.handler.ExceptionWebSocketHandlerDecorator.handleMessage(ExceptionWebSocketHandlerDecorator.java:58)
	at org.springframework.web.socket.adapter.standard.StandardWebSocketHandlerAdapter.handleTextMessage(StandardWebSocketHandlerAdapter.java:113)
	at org.springframework.web.socket.adapter.standard.StandardWebSocketHandlerAdapter$3.onMessage(StandardWebSocketHandlerAdapter.java:84)
	at org.springframework.web.socket.adapter.standard.StandardWebSocketHandlerAdapter$3.onMessage(StandardWebSocketHandlerAdapter.java:81)
	at org.apache.tomcat.websocket.WsFrameBase.sendMessageText(WsFrameBase.java:390)
	at org.apache.tomcat.websocket.server.WsFrameServer.sendMessageText(WsFrameServer.java:130)
	at org.apache.tomcat.websocket.WsFrameBase.processDataText(WsFrameBase.java:484)
	at org.apache.tomcat.websocket.WsFrameBase.processData(WsFrameBase.java:284)
	at org.apache.tomcat.websocket.WsFrameBase.processInputBuffer(WsFrameBase.java:130)
	at org.apache.tomcat.websocket.server.WsFrameServer.onDataAvailable(WsFrameServer.java:85)
	at org.apache.tomcat.websocket.server.WsFrameServer.doOnDataAvailable(WsFrameServer.java:184)
	at org.apache.tomcat.websocket.server.WsFrameServer.notifyDataAvailable(WsFrameServer.java:164)
	at org.apache.tomcat.websocket.server.WsHttpUpgradeHandler.upgradeDispatch(WsHttpUpgradeHandler.java:152)
	at org.apache.coyote.http11.upgrade.UpgradeProcessorInternal.dispatch(UpgradeProcessorInternal.java:60)
	at org.apache.coyote.AbstractProcessorLight.process(AbstractProcessorLight.java:57)
	at org.apache.coyote.AbstractProtocol$ConnectionHandler.process(AbstractProtocol.java:896)
	at org.apache.tomcat.util.net.NioEndpoint$SocketProcessor.doRun(NioEndpoint.java:1736)
	at org.apache.tomcat.util.net.SocketProcessorBase.run(SocketProcessorBase.java:52)
	at org.apache.tomcat.util.threads.ThreadPoolExecutor.runWorker(ThreadPoolExecutor.java:1191)
	at org.apache.tomcat.util.threads.ThreadPoolExecutor$Worker.run(ThreadPoolExecutor.java:659)
	at org.apache.tomcat.util.threads.TaskThread$WrappingRunnable.run(TaskThread.java:63)
	at java.base/java.lang.Thread.run(Thread.java:1575)
Caused by: java.io.IOException: Broken pipe
	at java.base/sun.nio.ch.SocketDispatcher.writev0(Native Method)
	at java.base/sun.nio.ch.SocketDispatcher.writev(SocketDispatcher.java:66)
	at java.base/sun.nio.ch.IOUtil.write(IOUtil.java:227)
	at java.base/sun.nio.ch.IOUtil.write(IOUtil.java:158)
	at java.base/sun.nio.ch.SocketChannelImpl.implWrite(SocketChannelImpl.java:597)
	at java.base/sun.nio.ch.SocketChannelImpl.write(SocketChannelImpl.java:631)
	at org.apache.tomcat.util.net.NioChannel.write(NioChannel.java:130)
	at org.apache.tomcat.util.net.NioEndpoint$NioSocketWrapper$NioOperationState.run(NioEndpoint.java:1627)
	at org.apache.tomcat.util.net.SocketWrapperBase$OperationState.start(SocketWrapperBase.java:1051)
	at org.apache.tomcat.util.net.SocketWrapperBase.vectoredOperation(SocketWrapperBase.java:1440)
	at org.apache.tomcat.util.net.SocketWrapperBase.write(SocketWrapperBase.java:1366)
	at org.apache.tomcat.util.net.SocketWrapperBase.write(SocketWrapperBase.java:1337)
	at org.apache.tomcat.websocket.server.WsRemoteEndpointImplServer.doWrite(WsRemoteEndpointImplServer.java:171)
	at org.apache.tomcat.websocket.WsRemoteEndpointImplBase.writeMessagePart(WsRemoteEndpointImplBase.java:516)
	at org.apache.tomcat.websocket.WsRemoteEndpointImplBase.sendMessageBlock(WsRemoteEndpointImplBase.java:308)
	... 32 more
Error processing message from room 20: java.io.IOException: Broken pipe
java.io.IOException: java.io.IOException: Broken pipe
	at org.apache.tomcat.websocket.WsRemoteEndpointImplBase.sendMessageBlock(WsRemoteEndpointImplBase.java:321)
	at org.apache.tomcat.websocket.WsRemoteEndpointImplBase.sendMessageBlock(WsRemoteEndpointImplBase.java:250)
	at org.apache.tomcat.websocket.WsRemoteEndpointImplBase.sendPartialString(WsRemoteEndpointImplBase.java:223)
	at org.apache.tomcat.websocket.WsRemoteEndpointBasic.sendText(WsRemoteEndpointBasic.java:48)
	at org.springframework.web.socket.adapter.standard.StandardWebSocketSession.sendTextMessage(StandardWebSocketSession.java:217)
	at org.springframework.web.socket.adapter.AbstractWebSocketSession.sendMessage(AbstractWebSocketSession.java:108)
	at edu.northeastern.cs6650.server.ChatWebSocketHandler.sendAck(ChatWebSocketHandler.java:121)
	at edu.northeastern.cs6650.server.ChatWebSocketHandler.handleTextMessage(ChatWebSocketHandler.java:72)
	at org.springframework.web.socket.handler.AbstractWebSocketHandler.handleMessage(AbstractWebSocketHandler.java:43)
	at org.springframework.web.socket.handler.WebSocketHandlerDecorator.handleMessage(WebSocketHandlerDecorator.java:75)
	at org.springframework.web.socket.handler.LoggingWebSocketHandlerDecorator.handleMessage(LoggingWebSocketHandlerDecorator.java:56)
	at org.springframework.web.socket.handler.ExceptionWebSocketHandlerDecorator.handleMessage(ExceptionWebSocketHandlerDecorator.java:58)
	at org.springframework.web.socket.adapter.standard.StandardWebSocketHandlerAdapter.handleTextMessage(StandardWebSocketHandlerAdapter.java:113)
	at org.springframework.web.socket.adapter.standard.StandardWebSocketHandlerAdapter$3.onMessage(StandardWebSocketHandlerAdapter.java:84)
	at org.springframework.web.socket.adapter.standard.StandardWebSocketHandlerAdapter$3.onMessage(StandardWebSocketHandlerAdapter.java:81)
	at org.apache.tomcat.websocket.WsFrameBase.sendMessageText(WsFrameBase.java:390)
	at org.apache.tomcat.websocket.server.WsFrameServer.sendMessageText(WsFrameServer.java:130)
	at org.apache.tomcat.websocket.WsFrameBase.processDataText(WsFrameBase.java:484)
	at org.apache.tomcat.websocket.WsFrameBase.processData(WsFrameBase.java:284)
	at org.apache.tomcat.websocket.WsFrameBase.processInputBuffer(WsFrameBase.java:130)
	at org.apache.tomcat.websocket.server.WsFrameServer.onDataAvailable(WsFrameServer.java:85)
	at org.apache.tomcat.websocket.server.WsFrameServer.doOnDataAvailable(WsFrameServer.java:184)
	at org.apache.tomcat.websocket.server.WsFrameServer.notifyDataAvailable(WsFrameServer.java:164)
	at org.apache.tomcat.websocket.server.WsHttpUpgradeHandler.upgradeDispatch(WsHttpUpgradeHandler.java:152)
	at org.apache.coyote.http11.upgrade.UpgradeProcessorInternal.dispatch(UpgradeProcessorInternal.java:60)
	at org.apache.coyote.AbstractProcessorLight.process(AbstractProcessorLight.java:57)
	at org.apache.coyote.AbstractProtocol$ConnectionHandler.process(AbstractProtocol.java:896)
	at org.apache.tomcat.util.net.NioEndpoint$SocketProcessor.doRun(NioEndpoint.java:1736)
	at org.apache.tomcat.util.net.SocketProcessorBase.run(SocketProcessorBase.java:52)
	at org.apache.tomcat.util.threads.ThreadPoolExecutor.runWorker(ThreadPoolExecutor.java:1191)
	at org.apache.tomcat.util.threads.ThreadPoolExecutor$Worker.run(ThreadPoolExecutor.java:659)
	at org.apache.tomcat.util.threads.TaskThread$WrappingRunnable.run(TaskThread.java:63)
	at java.base/java.lang.Thread.run(Thread.java:1575)
Caused by: java.io.IOException: Broken pipe
	at java.base/sun.nio.ch.SocketDispatcher.writev0(Native Method)
	at java.base/sun.nio.ch.SocketDispatcher.writev(SocketDispatcher.java:66)
	at java.base/sun.nio.ch.IOUtil.write(IOUtil.java:227)
	at java.base/sun.nio.ch.IOUtil.write(IOUtil.java:158)
	at java.base/sun.nio.ch.SocketChannelImpl.implWrite(SocketChannelImpl.java:597)
	at java.base/sun.nio.ch.SocketChannelImpl.write(SocketChannelImpl.java:631)
	at org.apache.tomcat.util.net.NioChannel.write(NioChannel.java:130)
	at org.apache.tomcat.util.net.NioEndpoint$NioSocketWrapper$NioOperationState.run(NioEndpoint.java:1627)
	at org.apache.tomcat.util.net.SocketWrapperBase$OperationState.start(SocketWrapperBase.java:1051)
	at org.apache.tomcat.util.net.SocketWrapperBase.vectoredOperation(SocketWrapperBase.java:1440)
	at org.apache.tomcat.util.net.SocketWrapperBase.write(SocketWrapperBase.java:1366)
	at org.apache.tomcat.util.net.SocketWrapperBase.write(SocketWrapperBase.java:1337)
	at org.apache.tomcat.websocket.server.WsRemoteEndpointImplServer.doWrite(WsRemoteEndpointImplServer.java:171)
	at org.apache.tomcat.websocket.WsRemoteEndpointImplBase.writeMessagePart(WsRemoteEndpointImplBase.java:516)
	at org.apache.tomcat.websocket.WsRemoteEndpointImplBase.sendMessageBlock(WsRemoteEndpointImplBase.java:308)
	... 32 more
Error processing message from room 19: java.io.IOException: Broken pipe
java.io.IOException: java.io.IOException: Broken pipe
	at org.apache.tomcat.websocket.WsRemoteEndpointImplBase.sendMessageBlock(WsRemoteEndpointImplBase.java:321)
	at org.apache.tomcat.websocket.WsRemoteEndpointImplBase.sendMessageBlock(WsRemoteEndpointImplBase.java:250)
	at org.apache.tomcat.websocket.WsRemoteEndpointImplBase.sendPartialString(WsRemoteEndpointImplBase.java:223)
	at org.apache.tomcat.websocket.WsRemoteEndpointBasic.sendText(WsRemoteEndpointBasic.java:48)
	at org.springframework.web.socket.adapter.standard.StandardWebSocketSession.sendTextMessage(StandardWebSocketSession.java:217)
	at org.springframework.web.socket.adapter.AbstractWebSocketSession.sendMessage(AbstractWebSocketSession.java:108)
	at edu.northeastern.cs6650.server.ChatWebSocketHandler.sendAck(ChatWebSocketHandler.java:121)
	at edu.northeastern.cs6650.server.ChatWebSocketHandler.handleTextMessage(ChatWebSocketHandler.java:72)
	at org.springframework.web.socket.handler.AbstractWebSocketHandler.handleMessage(AbstractWebSocketHandler.java:43)
	at org.springframework.web.socket.handler.WebSocketHandlerDecorator.handleMessage(WebSocketHandlerDecorator.java:75)
	at org.springframework.web.socket.handler.LoggingWebSocketHandlerDecorator.handleMessage(LoggingWebSocketHandlerDecorator.java:56)
	at org.springframework.web.socket.handler.ExceptionWebSocketHandlerDecorator.handleMessage(ExceptionWebSocketHandlerDecorator.java:58)
	at org.springframework.web.socket.adapter.standard.StandardWebSocketHandlerAdapter.handleTextMessage(StandardWebSocketHandlerAdapter.java:113)
	at org.springframework.web.socket.adapter.standard.StandardWebSocketHandlerAdapter$3.onMessage(StandardWebSocketHandlerAdapter.java:84)
	at org.springframework.web.socket.adapter.standard.StandardWebSocketHandlerAdapter$3.onMessage(StandardWebSocketHandlerAdapter.java:81)
	at org.apache.tomcat.websocket.WsFrameBase.sendMessageText(WsFrameBase.java:390)
	at org.apache.tomcat.websocket.server.WsFrameServer.sendMessageText(WsFrameServer.java:130)
	at org.apache.tomcat.websocket.WsFrameBase.processDataText(WsFrameBase.java:484)
	at org.apache.tomcat.websocket.WsFrameBase.processData(WsFrameBase.java:284)
	at org.apache.tomcat.websocket.WsFrameBase.processInputBuffer(WsFrameBase.java:130)
	at org.apache.tomcat.websocket.server.WsFrameServer.onDataAvailable(WsFrameServer.java:85)
	at org.apache.tomcat.websocket.server.WsFrameServer.doOnDataAvailable(WsFrameServer.java:184)
	at org.apache.tomcat.websocket.server.WsFrameServer.notifyDataAvailable(WsFrameServer.java:164)
	at org.apache.tomcat.websocket.server.WsHttpUpgradeHandler.upgradeDispatch(WsHttpUpgradeHandler.java:152)
	at org.apache.coyote.http11.upgrade.UpgradeProcessorInternal.dispatch(UpgradeProcessorInternal.java:60)
	at org.apache.coyote.AbstractProcessorLight.process(AbstractProcessorLight.java:57)
	at org.apache.coyote.AbstractProtocol$ConnectionHandler.process(AbstractProtocol.java:896)
	at org.apache.tomcat.util.net.NioEndpoint$SocketProcessor.doRun(NioEndpoint.java:1736)
	at org.apache.tomcat.util.net.SocketProcessorBase.run(SocketProcessorBase.java:52)
	at org.apache.tomcat.util.threads.ThreadPoolExecutor.runWorker(ThreadPoolExecutor.java:1191)
	at org.apache.tomcat.util.threads.ThreadPoolExecutor$Worker.run(ThreadPoolExecutor.java:659)
	at org.apache.tomcat.util.threads.TaskThread$WrappingRunnable.run(TaskThread.java:63)
	at java.base/java.lang.Thread.run(Thread.java:1575)
Caused by: java.io.IOException: Broken pipe
	at java.base/sun.nio.ch.SocketDispatcher.writev0(Native Method)
	at java.base/sun.nio.ch.SocketDispatcher.writev(SocketDispatcher.java:66)
	at java.base/sun.nio.ch.IOUtil.write(IOUtil.java:227)
	at java.base/sun.nio.ch.IOUtil.write(IOUtil.java:158)
	at java.base/sun.nio.ch.SocketChannelImpl.implWrite(SocketChannelImpl.java:597)
	at java.base/sun.nio.ch.SocketChannelImpl.write(SocketChannelImpl.java:631)
	at org.apache.tomcat.util.net.NioChannel.write(NioChannel.java:130)
	at org.apache.tomcat.util.net.NioEndpoint$NioSocketWrapper$NioOperationState.run(NioEndpoint.java:1627)
	at org.apache.tomcat.util.net.SocketWrapperBase$OperationState.start(SocketWrapperBase.java:1051)
	at org.apache.tomcat.util.net.SocketWrapperBase.vectoredOperation(SocketWrapperBase.java:1440)
	at org.apache.tomcat.util.net.SocketWrapperBase.write(SocketWrapperBase.java:1366)
	at org.apache.tomcat.util.net.SocketWrapperBase.write(SocketWrapperBase.java:1337)
	at org.apache.tomcat.websocket.server.WsRemoteEndpointImplServer.doWrite(WsRemoteEndpointImplServer.java:171)
	at org.apache.tomcat.websocket.WsRemoteEndpointImplBase.writeMessagePart(WsRemoteEndpointImplBase.java:516)
	at org.apache.tomcat.websocket.WsRemoteEndpointImplBase.sendMessageBlock(WsRemoteEndpointImplBase.java:308)
	... 32 more
Error processing message from room 16: java.io.IOException: Broken pipe
java.io.IOException: java.io.IOException: Broken pipe
	at org.apache.tomcat.websocket.WsRemoteEndpointImplBase.sendMessageBlock(WsRemoteEndpointImplBase.java:321)
	at org.apache.tomcat.websocket.WsRemoteEndpointImplBase.sendMessageBlock(WsRemoteEndpointImplBase.java:250)
	at org.apache.tomcat.websocket.WsRemoteEndpointImplBase.sendPartialString(WsRemoteEndpointImplBase.java:223)
	at org.apache.tomcat.websocket.WsRemoteEndpointBasic.sendText(WsRemoteEndpointBasic.java:48)
	at org.springframework.web.socket.adapter.standard.StandardWebSocketSession.sendTextMessage(StandardWebSocketSession.java:217)
	at org.springframework.web.socket.adapter.AbstractWebSocketSession.sendMessage(AbstractWebSocketSession.java:108)
	at edu.northeastern.cs6650.server.ChatWebSocketHandler.sendAck(ChatWebSocketHandler.java:121)
	at edu.northeastern.cs6650.server.ChatWebSocketHandler.handleTextMessage(ChatWebSocketHandler.java:72)
	at org.springframework.web.socket.handler.AbstractWebSocketHandler.handleMessage(AbstractWebSocketHandler.java:43)
	at org.springframework.web.socket.handler.WebSocketHandlerDecorator.handleMessage(WebSocketHandlerDecorator.java:75)
	at org.springframework.web.socket.handler.LoggingWebSocketHandlerDecorator.handleMessage(LoggingWebSocketHandlerDecorator.java:56)
	at org.springframework.web.socket.handler.ExceptionWebSocketHandlerDecorator.handleMessage(ExceptionWebSocketHandlerDecorator.java:58)
	at org.springframework.web.socket.adapter.standard.StandardWebSocketHandlerAdapter.handleTextMessage(StandardWebSocketHandlerAdapter.java:113)
	at org.springframework.web.socket.adapter.standard.StandardWebSocketHandlerAdapter$3.onMessage(StandardWebSocketHandlerAdapter.java:84)
	at org.springframework.web.socket.adapter.standard.StandardWebSocketHandlerAdapter$3.onMessage(StandardWebSocketHandlerAdapter.java:81)
	at org.apache.tomcat.websocket.WsFrameBase.sendMessageText(WsFrameBase.java:390)
	at org.apache.tomcat.websocket.server.WsFrameServer.sendMessageText(WsFrameServer.java:130)
	at org.apache.tomcat.websocket.WsFrameBase.processDataText(WsFrameBase.java:484)
	at org.apache.tomcat.websocket.WsFrameBase.processData(WsFrameBase.java:284)
	at org.apache.tomcat.websocket.WsFrameBase.processInputBuffer(WsFrameBase.java:130)
	at org.apache.tomcat.websocket.server.WsFrameServer.onDataAvailable(WsFrameServer.java:85)
	at org.apache.tomcat.websocket.server.WsFrameServer.doOnDataAvailable(WsFrameServer.java:184)
	at org.apache.tomcat.websocket.server.WsFrameServer.notifyDataAvailable(WsFrameServer.java:164)
	at org.apache.tomcat.websocket.server.WsHttpUpgradeHandler.upgradeDispatch(WsHttpUpgradeHandler.java:152)
	at org.apache.coyote.http11.upgrade.UpgradeProcessorInternal.dispatch(UpgradeProcessorInternal.java:60)
	at org.apache.coyote.AbstractProcessorLight.process(AbstractProcessorLight.java:57)
	at org.apache.coyote.AbstractProtocol$ConnectionHandler.process(AbstractProtocol.java:896)
	at org.apache.tomcat.util.net.NioEndpoint$SocketProcessor.doRun(NioEndpoint.java:1736)
	at org.apache.tomcat.util.net.SocketProcessorBase.run(SocketProcessorBase.java:52)
	at org.apache.tomcat.util.threads.ThreadPoolExecutor.runWorker(ThreadPoolExecutor.java:1191)
	at org.apache.tomcat.util.threads.ThreadPoolExecutor$Worker.run(ThreadPoolExecutor.java:659)
	at org.apache.tomcat.util.threads.TaskThread$WrappingRunnable.run(TaskThread.java:63)
	at java.base/java.lang.Thread.run(Thread.java:1575)
Caused by: java.io.IOException: Broken pipe
	at java.base/sun.nio.ch.SocketDispatcher.writev0(Native Method)
	at java.base/sun.nio.ch.SocketDispatcher.writev(SocketDispatcher.java:66)
	at java.base/sun.nio.ch.IOUtil.write(IOUtil.java:227)
	at java.base/sun.nio.ch.IOUtil.write(IOUtil.java:158)
	at java.base/sun.nio.ch.SocketChannelImpl.implWrite(SocketChannelImpl.java:597)
	at java.base/sun.nio.ch.SocketChannelImpl.write(SocketChannelImpl.java:631)
	at org.apache.tomcat.util.net.NioChannel.write(NioChannel.java:130)
	at org.apache.tomcat.util.net.NioEndpoint$NioSocketWrapper$NioOperationState.run(NioEndpoint.java:1627)
	at org.apache.tomcat.util.net.SocketWrapperBase$OperationState.start(SocketWrapperBase.java:1051)
	at org.apache.tomcat.util.net.SocketWrapperBase.vectoredOperation(SocketWrapperBase.java:1440)
	at org.apache.tomcat.util.net.SocketWrapperBase.write(SocketWrapperBase.java:1366)
	at org.apache.tomcat.util.net.SocketWrapperBase.write(SocketWrapperBase.java:1337)
	at org.apache.tomcat.websocket.server.WsRemoteEndpointImplServer.doWrite(WsRemoteEndpointImplServer.java:171)
	at org.apache.tomcat.websocket.WsRemoteEndpointImplBase.writeMessagePart(WsRemoteEndpointImplBase.java:516)
	at org.apache.tomcat.websocket.WsRemoteEndpointImplBase.sendMessageBlock(WsRemoteEndpointImplBase.java:308)
	... 32 more
Error processing message from room 13: java.io.IOException: Broken pipe
java.io.IOException: java.io.IOException: Broken pipe
	at org.apache.tomcat.websocket.WsRemoteEndpointImplBase.sendMessageBlock(WsRemoteEndpointImplBase.java:321)
	at org.apache.tomcat.websocket.WsRemoteEndpointImplBase.sendMessageBlock(WsRemoteEndpointImplBase.java:250)
	at org.apache.tomcat.websocket.WsRemoteEndpointImplBase.sendPartialString(WsRemoteEndpointImplBase.java:223)
	at org.apache.tomcat.websocket.WsRemoteEndpointBasic.sendText(WsRemoteEndpointBasic.java:48)
	at org.springframework.web.socket.adapter.standard.StandardWebSocketSession.sendTextMessage(StandardWebSocketSession.java:217)
	at org.springframework.web.socket.adapter.AbstractWebSocketSession.sendMessage(AbstractWebSocketSession.java:108)
	at edu.northeastern.cs6650.server.ChatWebSocketHandler.sendAck(ChatWebSocketHandler.java:121)
	at edu.northeastern.cs6650.server.ChatWebSocketHandler.handleTextMessage(ChatWebSocketHandler.java:72)
	at org.springframework.web.socket.handler.AbstractWebSocketHandler.handleMessage(AbstractWebSocketHandler.java:43)
	at org.springframework.web.socket.handler.WebSocketHandlerDecorator.handleMessage(WebSocketHandlerDecorator.java:75)
	at org.springframework.web.socket.handler.LoggingWebSocketHandlerDecorator.handleMessage(LoggingWebSocketHandlerDecorator.java:56)
	at org.springframework.web.socket.handler.ExceptionWebSocketHandlerDecorator.handleMessage(ExceptionWebSocketHandlerDecorator.java:58)
	at org.springframework.web.socket.adapter.standard.StandardWebSocketHandlerAdapter.handleTextMessage(StandardWebSocketHandlerAdapter.java:113)
	at org.springframework.web.socket.adapter.standard.StandardWebSocketHandlerAdapter$3.onMessage(StandardWebSocketHandlerAdapter.java:84)
	at org.springframework.web.socket.adapter.standard.StandardWebSocketHandlerAdapter$3.onMessage(StandardWebSocketHandlerAdapter.java:81)
	at org.apache.tomcat.websocket.WsFrameBase.sendMessageText(WsFrameBase.java:390)
	at org.apache.tomcat.websocket.server.WsFrameServer.sendMessageText(WsFrameServer.java:130)
	at org.apache.tomcat.websocket.WsFrameBase.processDataText(WsFrameBase.java:484)
	at org.apache.tomcat.websocket.WsFrameBase.processData(WsFrameBase.java:284)
	at org.apache.tomcat.websocket.WsFrameBase.processInputBuffer(WsFrameBase.java:130)
	at org.apache.tomcat.websocket.server.WsFrameServer.onDataAvailable(WsFrameServer.java:85)
	at org.apache.tomcat.websocket.server.WsFrameServer.doOnDataAvailable(WsFrameServer.java:184)
	at org.apache.tomcat.websocket.server.WsFrameServer.notifyDataAvailable(WsFrameServer.java:164)
	at org.apache.tomcat.websocket.server.WsHttpUpgradeHandler.upgradeDispatch(WsHttpUpgradeHandler.java:152)
	at org.apache.coyote.http11.upgrade.UpgradeProcessorInternal.dispatch(UpgradeProcessorInternal.java:60)
	at org.apache.coyote.AbstractProcessorLight.process(AbstractProcessorLight.java:57)
	at org.apache.coyote.AbstractProtocol$ConnectionHandler.process(AbstractProtocol.java:896)
	at org.apache.tomcat.util.net.NioEndpoint$SocketProcessor.doRun(NioEndpoint.java:1736)
	at org.apache.tomcat.util.net.SocketProcessorBase.run(SocketProcessorBase.java:52)
	at org.apache.tomcat.util.threads.ThreadPoolExecutor.runWorker(ThreadPoolExecutor.java:1191)
	at org.apache.tomcat.util.threads.ThreadPoolExecutor$Worker.run(ThreadPoolExecutor.java:659)
	at org.apache.tomcat.util.threads.TaskThread$WrappingRunnable.run(TaskThread.java:63)
	at java.base/java.lang.Thread.run(Thread.java:1575)
Caused by: java.io.IOException: Broken pipe
	at java.base/sun.nio.ch.SocketDispatcher.writev0(Native Method)
	at java.base/sun.nio.ch.SocketDispatcher.writev(SocketDispatcher.java:66)
	at java.base/sun.nio.ch.IOUtil.write(IOUtil.java:227)
	at java.base/sun.nio.ch.IOUtil.write(IOUtil.java:158)
	at java.base/sun.nio.ch.SocketChannelImpl.implWrite(SocketChannelImpl.java:597)
	at java.base/sun.nio.ch.SocketChannelImpl.write(SocketChannelImpl.java:631)
	at org.apache.tomcat.util.net.NioChannel.write(NioChannel.java:130)
	at org.apache.tomcat.util.net.NioEndpoint$NioSocketWrapper$NioOperationState.run(NioEndpoint.java:1627)
	at org.apache.tomcat.util.net.SocketWrapperBase$OperationState.start(SocketWrapperBase.java:1051)
	at org.apache.tomcat.util.net.SocketWrapperBase.vectoredOperation(SocketWrapperBase.java:1440)
	at org.apache.tomcat.util.net.SocketWrapperBase.write(SocketWrapperBase.java:1366)
	at org.apache.tomcat.util.net.SocketWrapperBase.write(SocketWrapperBase.java:1337)
	at org.apache.tomcat.websocket.server.WsRemoteEndpointImplServer.doWrite(WsRemoteEndpointImplServer.java:171)
	at org.apache.tomcat.websocket.WsRemoteEndpointImplBase.writeMessagePart(WsRemoteEndpointImplBase.java:516)
	at org.apache.tomcat.websocket.WsRemoteEndpointImplBase.sendMessageBlock(WsRemoteEndpointImplBase.java:308)
	... 32 more
Error processing message from room 12: java.io.IOException: Broken pipe
java.io.IOException: java.io.IOException: Broken pipe
	at org.apache.tomcat.websocket.WsRemoteEndpointImplBase.sendMessageBlock(WsRemoteEndpointImplBase.java:321)
	at org.apache.tomcat.websocket.WsRemoteEndpointImplBase.sendMessageBlock(WsRemoteEndpointImplBase.java:250)
	at org.apache.tomcat.websocket.WsRemoteEndpointImplBase.sendPartialString(WsRemoteEndpointImplBase.java:223)
	at org.apache.tomcat.websocket.WsRemoteEndpointBasic.sendText(WsRemoteEndpointBasic.java:48)
	at org.springframework.web.socket.adapter.standard.StandardWebSocketSession.sendTextMessage(StandardWebSocketSession.java:217)
	at org.springframework.web.socket.adapter.AbstractWebSocketSession.sendMessage(AbstractWebSocketSession.java:108)
	at edu.northeastern.cs6650.server.ChatWebSocketHandler.sendAck(ChatWebSocketHandler.java:121)
	at edu.northeastern.cs6650.server.ChatWebSocketHandler.handleTextMessage(ChatWebSocketHandler.java:72)
	at org.springframework.web.socket.handler.AbstractWebSocketHandler.handleMessage(AbstractWebSocketHandler.java:43)
	at org.springframework.web.socket.handler.WebSocketHandlerDecorator.handleMessage(WebSocketHandlerDecorator.java:75)
	at org.springframework.web.socket.handler.LoggingWebSocketHandlerDecorator.handleMessage(LoggingWebSocketHandlerDecorator.java:56)
	at org.springframework.web.socket.handler.ExceptionWebSocketHandlerDecorator.handleMessage(ExceptionWebSocketHandlerDecorator.java:58)
	at org.springframework.web.socket.adapter.standard.StandardWebSocketHandlerAdapter.handleTextMessage(StandardWebSocketHandlerAdapter.java:113)
	at org.springframework.web.socket.adapter.standard.StandardWebSocketHandlerAdapter$3.onMessage(StandardWebSocketHandlerAdapter.java:84)
	at org.springframework.web.socket.adapter.standard.StandardWebSocketHandlerAdapter$3.onMessage(StandardWebSocketHandlerAdapter.java:81)
	at org.apache.tomcat.websocket.WsFrameBase.sendMessageText(WsFrameBase.java:390)
	at org.apache.tomcat.websocket.server.WsFrameServer.sendMessageText(WsFrameServer.java:130)
	at org.apache.tomcat.websocket.WsFrameBase.processDataText(WsFrameBase.java:484)
	at org.apache.tomcat.websocket.WsFrameBase.processData(WsFrameBase.java:284)
	at org.apache.tomcat.websocket.WsFrameBase.processInputBuffer(WsFrameBase.java:130)
	at org.apache.tomcat.websocket.server.WsFrameServer.onDataAvailable(WsFrameServer.java:85)
	at org.apache.tomcat.websocket.server.WsFrameServer.doOnDataAvailable(WsFrameServer.java:184)
	at org.apache.tomcat.websocket.server.WsFrameServer.notifyDataAvailable(WsFrameServer.java:164)
	at org.apache.tomcat.websocket.server.WsHttpUpgradeHandler.upgradeDispatch(WsHttpUpgradeHandler.java:152)
	at org.apache.coyote.http11.upgrade.UpgradeProcessorInternal.dispatch(UpgradeProcessorInternal.java:60)
	at org.apache.coyote.AbstractProcessorLight.process(AbstractProcessorLight.java:57)
	at org.apache.coyote.AbstractProtocol$ConnectionHandler.process(AbstractProtocol.java:896)
	at org.apache.tomcat.util.net.NioEndpoint$SocketProcessor.doRun(NioEndpoint.java:1736)
	at org.apache.tomcat.util.net.SocketProcessorBase.run(SocketProcessorBase.java:52)
	at org.apache.tomcat.util.threads.ThreadPoolExecutor.runWorker(ThreadPoolExecutor.java:1191)
	at org.apache.tomcat.util.threads.ThreadPoolExecutor$Worker.run(ThreadPoolExecutor.java:659)
	at org.apache.tomcat.util.threads.TaskThread$WrappingRunnable.run(TaskThread.java:63)
	at java.base/java.lang.Thread.run(Thread.java:1575)
Caused by: java.io.IOException: Broken pipe
	at java.base/sun.nio.ch.SocketDispatcher.writev0(Native Method)
	at java.base/sun.nio.ch.SocketDispatcher.writev(SocketDispatcher.java:66)
	at java.base/sun.nio.ch.IOUtil.write(IOUtil.java:227)
	at java.base/sun.nio.ch.IOUtil.write(IOUtil.java:158)
	at java.base/sun.nio.ch.SocketChannelImpl.implWrite(SocketChannelImpl.java:597)
	at java.base/sun.nio.ch.SocketChannelImpl.write(SocketChannelImpl.java:631)
	at org.apache.tomcat.util.net.NioChannel.write(NioChannel.java:130)
	at org.apache.tomcat.util.net.NioEndpoint$NioSocketWrapper$NioOperationState.run(NioEndpoint.java:1627)
	at org.apache.tomcat.util.net.SocketWrapperBase$OperationState.start(SocketWrapperBase.java:1051)
	at org.apache.tomcat.util.net.SocketWrapperBase.vectoredOperation(SocketWrapperBase.java:1440)
	at org.apache.tomcat.util.net.SocketWrapperBase.write(SocketWrapperBase.java:1366)
	at org.apache.tomcat.util.net.SocketWrapperBase.write(SocketWrapperBase.java:1337)
	at org.apache.tomcat.websocket.server.WsRemoteEndpointImplServer.doWrite(WsRemoteEndpointImplServer.java:171)
	at org.apache.tomcat.websocket.WsRemoteEndpointImplBase.writeMessagePart(WsRemoteEndpointImplBase.java:516)
	at org.apache.tomcat.websocket.WsRemoteEndpointImplBase.sendMessageBlock(WsRemoteEndpointImplBase.java:308)
	... 32 more
Error processing message from room 2: java.io.IOException: Broken pipe
java.io.IOException: java.io.IOException: Broken pipe
	at org.apache.tomcat.websocket.WsRemoteEndpointImplBase.sendMessageBlock(WsRemoteEndpointImplBase.java:321)
	at org.apache.tomcat.websocket.WsRemoteEndpointImplBase.sendMessageBlock(WsRemoteEndpointImplBase.java:250)
	at org.apache.tomcat.websocket.WsRemoteEndpointImplBase.sendPartialString(WsRemoteEndpointImplBase.java:223)
	at org.apache.tomcat.websocket.WsRemoteEndpointBasic.sendText(WsRemoteEndpointBasic.java:48)
	at org.springframework.web.socket.adapter.standard.StandardWebSocketSession.sendTextMessage(StandardWebSocketSession.java:217)
	at org.springframework.web.socket.adapter.AbstractWebSocketSession.sendMessage(AbstractWebSocketSession.java:108)
	at edu.northeastern.cs6650.server.ChatWebSocketHandler.sendAck(ChatWebSocketHandler.java:121)
	at edu.northeastern.cs6650.server.ChatWebSocketHandler.handleTextMessage(ChatWebSocketHandler.java:72)
	at org.springframework.web.socket.handler.AbstractWebSocketHandler.handleMessage(AbstractWebSocketHandler.java:43)
	at org.springframework.web.socket.handler.WebSocketHandlerDecorator.handleMessage(WebSocketHandlerDecorator.java:75)
	at org.springframework.web.socket.handler.LoggingWebSocketHandlerDecorator.handleMessage(LoggingWebSocketHandlerDecorator.java:56)
	at org.springframework.web.socket.handler.ExceptionWebSocketHandlerDecorator.handleMessage(ExceptionWebSocketHandlerDecorator.java:58)
	at org.springframework.web.socket.adapter.standard.StandardWebSocketHandlerAdapter.handleTextMessage(StandardWebSocketHandlerAdapter.java:113)
	at org.springframework.web.socket.adapter.standard.StandardWebSocketHandlerAdapter$3.onMessage(StandardWebSocketHandlerAdapter.java:84)
	at org.springframework.web.socket.adapter.standard.StandardWebSocketHandlerAdapter$3.onMessage(StandardWebSocketHandlerAdapter.java:81)
	at org.apache.tomcat.websocket.WsFrameBase.sendMessageText(WsFrameBase.java:390)
	at org.apache.tomcat.websocket.server.WsFrameServer.sendMessageText(WsFrameServer.java:130)
	at org.apache.tomcat.websocket.WsFrameBase.processDataText(WsFrameBase.java:484)
	at org.apache.tomcat.websocket.WsFrameBase.processData(WsFrameBase.java:284)
	at org.apache.tomcat.websocket.WsFrameBase.processInputBuffer(WsFrameBase.java:130)
	at org.apache.tomcat.websocket.server.WsFrameServer.onDataAvailable(WsFrameServer.java:85)
	at org.apache.tomcat.websocket.server.WsFrameServer.doOnDataAvailable(WsFrameServer.java:184)
	at org.apache.tomcat.websocket.server.WsFrameServer.notifyDataAvailable(WsFrameServer.java:164)
	at org.apache.tomcat.websocket.server.WsHttpUpgradeHandler.upgradeDispatch(WsHttpUpgradeHandler.java:152)
	at org.apache.coyote.http11.upgrade.UpgradeProcessorInternal.dispatch(UpgradeProcessorInternal.java:60)
	at org.apache.coyote.AbstractProcessorLight.process(AbstractProcessorLight.java:57)
	at org.apache.coyote.AbstractProtocol$ConnectionHandler.process(AbstractProtocol.java:896)
	at org.apache.tomcat.util.net.NioEndpoint$SocketProcessor.doRun(NioEndpoint.java:1736)
	at org.apache.tomcat.util.net.SocketProcessorBase.run(SocketProcessorBase.java:52)
	at org.apache.tomcat.util.threads.ThreadPoolExecutor.runWorker(ThreadPoolExecutor.java:1191)
	at org.apache.tomcat.util.threads.ThreadPoolExecutor$Worker.run(ThreadPoolExecutor.java:659)
	at org.apache.tomcat.util.threads.TaskThread$WrappingRunnable.run(TaskThread.java:63)
	at java.base/java.lang.Thread.run(Thread.java:1575)
Caused by: java.io.IOException: Broken pipe
	at java.base/sun.nio.ch.SocketDispatcher.writev0(Native Method)
	at java.base/sun.nio.ch.SocketDispatcher.writev(SocketDispatcher.java:66)
	at java.base/sun.nio.ch.IOUtil.write(IOUtil.java:227)
	at java.base/sun.nio.ch.IOUtil.write(IOUtil.java:158)
	at java.base/sun.nio.ch.SocketChannelImpl.implWrite(SocketChannelImpl.java:597)
	at java.base/sun.nio.ch.SocketChannelImpl.write(SocketChannelImpl.java:631)
	at org.apache.tomcat.util.net.NioChannel.write(NioChannel.java:130)
	at org.apache.tomcat.util.net.NioEndpoint$NioSocketWrapper$NioOperationState.run(NioEndpoint.java:1627)
	at org.apache.tomcat.util.net.SocketWrapperBase$OperationState.start(SocketWrapperBase.java:1051)
	at org.apache.tomcat.util.net.SocketWrapperBase.vectoredOperation(SocketWrapperBase.java:1440)
	at org.apache.tomcat.util.net.SocketWrapperBase.write(SocketWrapperBase.java:1366)
	at org.apache.tomcat.util.net.SocketWrapperBase.write(SocketWrapperBase.java:1337)
	at org.apache.tomcat.websocket.server.WsRemoteEndpointImplServer.doWrite(WsRemoteEndpointImplServer.java:171)
	at org.apache.tomcat.websocket.WsRemoteEndpointImplBase.writeMessagePart(WsRemoteEndpointImplBase.java:516)
	at org.apache.tomcat.websocket.WsRemoteEndpointImplBase.sendMessageBlock(WsRemoteEndpointImplBase.java:308)
	... 32 more
Error processing message from room 11: java.io.IOException: Broken pipe
java.io.IOException: java.io.IOException: Broken pipe
	at org.apache.tomcat.websocket.WsRemoteEndpointImplBase.sendMessageBlock(WsRemoteEndpointImplBase.java:321)
	at org.apache.tomcat.websocket.WsRemoteEndpointImplBase.sendMessageBlock(WsRemoteEndpointImplBase.java:250)
	at org.apache.tomcat.websocket.WsRemoteEndpointImplBase.sendPartialString(WsRemoteEndpointImplBase.java:223)
	at org.apache.tomcat.websocket.WsRemoteEndpointBasic.sendText(WsRemoteEndpointBasic.java:48)
	at org.springframework.web.socket.adapter.standard.StandardWebSocketSession.sendTextMessage(StandardWebSocketSession.java:217)
	at org.springframework.web.socket.adapter.AbstractWebSocketSession.sendMessage(AbstractWebSocketSession.java:108)
	at edu.northeastern.cs6650.server.ChatWebSocketHandler.sendAck(ChatWebSocketHandler.java:121)
	at edu.northeastern.cs6650.server.ChatWebSocketHandler.handleTextMessage(ChatWebSocketHandler.java:72)
	at org.springframework.web.socket.handler.AbstractWebSocketHandler.handleMessage(AbstractWebSocketHandler.java:43)
	at org.springframework.web.socket.handler.WebSocketHandlerDecorator.handleMessage(WebSocketHandlerDecorator.java:75)
	at org.springframework.web.socket.handler.LoggingWebSocketHandlerDecorator.handleMessage(LoggingWebSocketHandlerDecorator.java:56)
	at org.springframework.web.socket.handler.ExceptionWebSocketHandlerDecorator.handleMessage(ExceptionWebSocketHandlerDecorator.java:58)
	at org.springframework.web.socket.adapter.standard.StandardWebSocketHandlerAdapter.handleTextMessage(StandardWebSocketHandlerAdapter.java:113)
	at org.springframework.web.socket.adapter.standard.StandardWebSocketHandlerAdapter$3.onMessage(StandardWebSocketHandlerAdapter.java:84)
	at org.springframework.web.socket.adapter.standard.StandardWebSocketHandlerAdapter$3.onMessage(StandardWebSocketHandlerAdapter.java:81)
	at org.apache.tomcat.websocket.WsFrameBase.sendMessageText(WsFrameBase.java:390)
	at org.apache.tomcat.websocket.server.WsFrameServer.sendMessageText(WsFrameServer.java:130)
	at org.apache.tomcat.websocket.WsFrameBase.processDataText(WsFrameBase.java:484)
	at org.apache.tomcat.websocket.WsFrameBase.processData(WsFrameBase.java:284)
	at org.apache.tomcat.websocket.WsFrameBase.processInputBuffer(WsFrameBase.java:130)
	at org.apache.tomcat.websocket.server.WsFrameServer.onDataAvailable(WsFrameServer.java:85)
	at org.apache.tomcat.websocket.server.WsFrameServer.doOnDataAvailable(WsFrameServer.java:184)
	at org.apache.tomcat.websocket.server.WsFrameServer.notifyDataAvailable(WsFrameServer.java:164)
	at org.apache.tomcat.websocket.server.WsHttpUpgradeHandler.upgradeDispatch(WsHttpUpgradeHandler.java:152)
	at org.apache.coyote.http11.upgrade.UpgradeProcessorInternal.dispatch(UpgradeProcessorInternal.java:60)
	at org.apache.coyote.AbstractProcessorLight.process(AbstractProcessorLight.java:57)
	at org.apache.coyote.AbstractProtocol$ConnectionHandler.process(AbstractProtocol.java:896)
	at org.apache.tomcat.util.net.NioEndpoint$SocketProcessor.doRun(NioEndpoint.java:1736)
	at org.apache.tomcat.util.net.SocketProcessorBase.run(SocketProcessorBase.java:52)
	at org.apache.tomcat.util.threads.ThreadPoolExecutor.runWorker(ThreadPoolExecutor.java:1191)
	at org.apache.tomcat.util.threads.ThreadPoolExecutor$Worker.run(ThreadPoolExecutor.java:659)
	at org.apache.tomcat.util.threads.TaskThread$WrappingRunnable.run(TaskThread.java:63)
	at java.base/java.lang.Thread.run(Thread.java:1575)
Caused by: java.io.IOException: Broken pipe
	at java.base/sun.nio.ch.SocketDispatcher.writev0(Native Method)
	at java.base/sun.nio.ch.SocketDispatcher.writev(SocketDispatcher.java:66)
	at java.base/sun.nio.ch.IOUtil.write(IOUtil.java:227)
	at java.base/sun.nio.ch.IOUtil.write(IOUtil.java:158)
	at java.base/sun.nio.ch.SocketChannelImpl.implWrite(SocketChannelImpl.java:597)
	at java.base/sun.nio.ch.SocketChannelImpl.write(SocketChannelImpl.java:631)
	at org.apache.tomcat.util.net.NioChannel.write(NioChannel.java:130)
	at org.apache.tomcat.util.net.NioEndpoint$NioSocketWrapper$NioOperationState.run(NioEndpoint.java:1627)
	at org.apache.tomcat.util.net.SocketWrapperBase$OperationState.start(SocketWrapperBase.java:1051)
	at org.apache.tomcat.util.net.SocketWrapperBase.vectoredOperation(SocketWrapperBase.java:1440)
	at org.apache.tomcat.util.net.SocketWrapperBase.write(SocketWrapperBase.java:1366)
	at org.apache.tomcat.util.net.SocketWrapperBase.write(SocketWrapperBase.java:1337)
	at org.apache.tomcat.websocket.server.WsRemoteEndpointImplServer.doWrite(WsRemoteEndpointImplServer.java:171)
	at org.apache.tomcat.websocket.WsRemoteEndpointImplBase.writeMessagePart(WsRemoteEndpointImplBase.java:516)
	at org.apache.tomcat.websocket.WsRemoteEndpointImplBase.sendMessageBlock(WsRemoteEndpointImplBase.java:308)
	... 32 more
Error processing message from room 18: java.io.IOException: Broken pipe
java.io.IOException: java.io.IOException: Broken pipe
	at org.apache.tomcat.websocket.WsRemoteEndpointImplBase.sendMessageBlock(WsRemoteEndpointImplBase.java:321)
	at org.apache.tomcat.websocket.WsRemoteEndpointImplBase.sendMessageBlock(WsRemoteEndpointImplBase.java:250)
	at org.apache.tomcat.websocket.WsRemoteEndpointImplBase.sendPartialString(WsRemoteEndpointImplBase.java:223)
	at org.apache.tomcat.websocket.WsRemoteEndpointBasic.sendText(WsRemoteEndpointBasic.java:48)
	at org.springframework.web.socket.adapter.standard.StandardWebSocketSession.sendTextMessage(StandardWebSocketSession.java:217)
	at org.springframework.web.socket.adapter.AbstractWebSocketSession.sendMessage(AbstractWebSocketSession.java:108)
	at edu.northeastern.cs6650.server.ChatWebSocketHandler.sendAck(ChatWebSocketHandler.java:121)
	at edu.northeastern.cs6650.server.ChatWebSocketHandler.handleTextMessage(ChatWebSocketHandler.java:72)
	at org.springframework.web.socket.handler.AbstractWebSocketHandler.handleMessage(AbstractWebSocketHandler.java:43)
	at org.springframework.web.socket.handler.WebSocketHandlerDecorator.handleMessage(WebSocketHandlerDecorator.java:75)
	at org.springframework.web.socket.handler.LoggingWebSocketHandlerDecorator.handleMessage(LoggingWebSocketHandlerDecorator.java:56)
	at org.springframework.web.socket.handler.ExceptionWebSocketHandlerDecorator.handleMessage(ExceptionWebSocketHandlerDecorator.java:58)
	at org.springframework.web.socket.adapter.standard.StandardWebSocketHandlerAdapter.handleTextMessage(StandardWebSocketHandlerAdapter.java:113)
	at org.springframework.web.socket.adapter.standard.StandardWebSocketHandlerAdapter$3.onMessage(StandardWebSocketHandlerAdapter.java:84)
	at org.springframework.web.socket.adapter.standard.StandardWebSocketHandlerAdapter$3.onMessage(StandardWebSocketHandlerAdapter.java:81)
	at org.apache.tomcat.websocket.WsFrameBase.sendMessageText(WsFrameBase.java:390)
	at org.apache.tomcat.websocket.server.WsFrameServer.sendMessageText(WsFrameServer.java:130)
	at org.apache.tomcat.websocket.WsFrameBase.processDataText(WsFrameBase.java:484)
	at org.apache.tomcat.websocket.WsFrameBase.processData(WsFrameBase.java:284)
	at org.apache.tomcat.websocket.WsFrameBase.processInputBuffer(WsFrameBase.java:130)
	at org.apache.tomcat.websocket.server.WsFrameServer.onDataAvailable(WsFrameServer.java:85)
	at org.apache.tomcat.websocket.server.WsFrameServer.doOnDataAvailable(WsFrameServer.java:184)
	at org.apache.tomcat.websocket.server.WsFrameServer.notifyDataAvailable(WsFrameServer.java:164)
	at org.apache.tomcat.websocket.server.WsHttpUpgradeHandler.upgradeDispatch(WsHttpUpgradeHandler.java:152)
	at org.apache.coyote.http11.upgrade.UpgradeProcessorInternal.dispatch(UpgradeProcessorInternal.java:60)
	at org.apache.coyote.AbstractProcessorLight.process(AbstractProcessorLight.java:57)
	at org.apache.coyote.AbstractProtocol$ConnectionHandler.process(AbstractProtocol.java:896)
	at org.apache.tomcat.util.net.NioEndpoint$SocketProcessor.doRun(NioEndpoint.java:1736)
	at org.apache.tomcat.util.net.SocketProcessorBase.run(SocketProcessorBase.java:52)
	at org.apache.tomcat.util.threads.ThreadPoolExecutor.runWorker(ThreadPoolExecutor.java:1191)
	at org.apache.tomcat.util.threads.ThreadPoolExecutor$Worker.run(ThreadPoolExecutor.java:659)
	at org.apache.tomcat.util.threads.TaskThread$WrappingRunnable.run(TaskThread.java:63)
	at java.base/java.lang.Thread.run(Thread.java:1575)
Caused by: java.io.IOException: Broken pipe
	at java.base/sun.nio.ch.SocketDispatcher.writev0(Native Method)
	at java.base/sun.nio.ch.SocketDispatcher.writev(SocketDispatcher.java:66)
	at java.base/sun.nio.ch.IOUtil.write(IOUtil.java:227)
	at java.base/sun.nio.ch.IOUtil.write(IOUtil.java:158)
	at java.base/sun.nio.ch.SocketChannelImpl.implWrite(SocketChannelImpl.java:597)
	at java.base/sun.nio.ch.SocketChannelImpl.write(SocketChannelImpl.java:631)
	at org.apache.tomcat.util.net.NioChannel.write(NioChannel.java:130)
	at org.apache.tomcat.util.net.NioEndpoint$NioSocketWrapper$NioOperationState.run(NioEndpoint.java:1627)
	at org.apache.tomcat.util.net.SocketWrapperBase$OperationState.start(SocketWrapperBase.java:1051)
	at org.apache.tomcat.util.net.SocketWrapperBase.vectoredOperation(SocketWrapperBase.java:1440)
	at org.apache.tomcat.util.net.SocketWrapperBase.write(SocketWrapperBase.java:1366)
	at org.apache.tomcat.util.net.SocketWrapperBase.write(SocketWrapperBase.java:1337)
	at org.apache.tomcat.websocket.server.WsRemoteEndpointImplServer.doWrite(WsRemoteEndpointImplServer.java:171)
	at org.apache.tomcat.websocket.WsRemoteEndpointImplBase.writeMessagePart(WsRemoteEndpointImplBase.java:516)
	at org.apache.tomcat.websocket.WsRemoteEndpointImplBase.sendMessageBlock(WsRemoteEndpointImplBase.java:308)
	... 32 more
Error processing message from room 17: java.io.IOException: Broken pipe
java.io.IOException: java.io.IOException: Broken pipe
	at org.apache.tomcat.websocket.WsRemoteEndpointImplBase.sendMessageBlock(WsRemoteEndpointImplBase.java:321)
	at org.apache.tomcat.websocket.WsRemoteEndpointImplBase.sendMessageBlock(WsRemoteEndpointImplBase.java:250)
	at org.apache.tomcat.websocket.WsRemoteEndpointImplBase.sendPartialString(WsRemoteEndpointImplBase.java:223)
	at org.apache.tomcat.websocket.WsRemoteEndpointBasic.sendText(WsRemoteEndpointBasic.java:48)
	at org.springframework.web.socket.adapter.standard.StandardWebSocketSession.sendTextMessage(StandardWebSocketSession.java:217)
	at org.springframework.web.socket.adapter.AbstractWebSocketSession.sendMessage(AbstractWebSocketSession.java:108)
	at edu.northeastern.cs6650.server.ChatWebSocketHandler.sendAck(ChatWebSocketHandler.java:121)
	at edu.northeastern.cs6650.server.ChatWebSocketHandler.handleTextMessage(ChatWebSocketHandler.java:72)
	at org.springframework.web.socket.handler.AbstractWebSocketHandler.handleMessage(AbstractWebSocketHandler.java:43)
	at org.springframework.web.socket.handler.WebSocketHandlerDecorator.handleMessage(WebSocketHandlerDecorator.java:75)
	at org.springframework.web.socket.handler.LoggingWebSocketHandlerDecorator.handleMessage(LoggingWebSocketHandlerDecorator.java:56)
	at org.springframework.web.socket.handler.ExceptionWebSocketHandlerDecorator.handleMessage(ExceptionWebSocketHandlerDecorator.java:58)
	at org.springframework.web.socket.adapter.standard.StandardWebSocketHandlerAdapter.handleTextMessage(StandardWebSocketHandlerAdapter.java:113)
	at org.springframework.web.socket.adapter.standard.StandardWebSocketHandlerAdapter$3.onMessage(StandardWebSocketHandlerAdapter.java:84)
	at org.springframework.web.socket.adapter.standard.StandardWebSocketHandlerAdapter$3.onMessage(StandardWebSocketHandlerAdapter.java:81)
	at org.apache.tomcat.websocket.WsFrameBase.sendMessageText(WsFrameBase.java:390)
	at org.apache.tomcat.websocket.server.WsFrameServer.sendMessageText(WsFrameServer.java:130)
	at org.apache.tomcat.websocket.WsFrameBase.processDataText(WsFrameBase.java:484)
	at org.apache.tomcat.websocket.WsFrameBase.processData(WsFrameBase.java:284)
	at org.apache.tomcat.websocket.WsFrameBase.processInputBuffer(WsFrameBase.java:130)
	at org.apache.tomcat.websocket.server.WsFrameServer.onDataAvailable(WsFrameServer.java:85)
	at org.apache.tomcat.websocket.server.WsFrameServer.doOnDataAvailable(WsFrameServer.java:184)
	at org.apache.tomcat.websocket.server.WsFrameServer.notifyDataAvailable(WsFrameServer.java:164)
	at org.apache.tomcat.websocket.server.WsHttpUpgradeHandler.upgradeDispatch(WsHttpUpgradeHandler.java:152)
	at org.apache.coyote.http11.upgrade.UpgradeProcessorInternal.dispatch(UpgradeProcessorInternal.java:60)
	at org.apache.coyote.AbstractProcessorLight.process(AbstractProcessorLight.java:57)
	at org.apache.coyote.AbstractProtocol$ConnectionHandler.process(AbstractProtocol.java:896)
	at org.apache.tomcat.util.net.NioEndpoint$SocketProcessor.doRun(NioEndpoint.java:1736)
	at org.apache.tomcat.util.net.SocketProcessorBase.run(SocketProcessorBase.java:52)
	at org.apache.tomcat.util.threads.ThreadPoolExecutor.runWorker(ThreadPoolExecutor.java:1191)
	at org.apache.tomcat.util.threads.ThreadPoolExecutor$Worker.run(ThreadPoolExecutor.java:659)
	at org.apache.tomcat.util.threads.TaskThread$WrappingRunnable.run(TaskThread.java:63)
	at java.base/java.lang.Thread.run(Thread.java:1575)
Caused by: java.io.IOException: Broken pipe
	at java.base/sun.nio.ch.SocketDispatcher.writev0(Native Method)
	at java.base/sun.nio.ch.SocketDispatcher.writev(SocketDispatcher.java:66)
	at java.base/sun.nio.ch.IOUtil.write(IOUtil.java:227)
	at java.base/sun.nio.ch.IOUtil.write(IOUtil.java:158)
	at java.base/sun.nio.ch.SocketChannelImpl.implWrite(SocketChannelImpl.java:597)
	at java.base/sun.nio.ch.SocketChannelImpl.write(SocketChannelImpl.java:631)
	at org.apache.tomcat.util.net.NioChannel.write(NioChannel.java:130)
	at org.apache.tomcat.util.net.NioEndpoint$NioSocketWrapper$NioOperationState.run(NioEndpoint.java:1627)
	at org.apache.tomcat.util.net.SocketWrapperBase$OperationState.start(SocketWrapperBase.java:1051)
	at org.apache.tomcat.util.net.SocketWrapperBase.vectoredOperation(SocketWrapperBase.java:1440)
	at org.apache.tomcat.util.net.SocketWrapperBase.write(SocketWrapperBase.java:1366)
	at org.apache.tomcat.util.net.SocketWrapperBase.write(SocketWrapperBase.java:1337)
	at org.apache.tomcat.websocket.server.WsRemoteEndpointImplServer.doWrite(WsRemoteEndpointImplServer.java:171)
	at org.apache.tomcat.websocket.WsRemoteEndpointImplBase.writeMessagePart(WsRemoteEndpointImplBase.java:516)
	at org.apache.tomcat.websocket.WsRemoteEndpointImplBase.sendMessageBlock(WsRemoteEndpointImplBase.java:308)
	... 32 more
Error processing message from room 9: java.io.IOException: Broken pipe
java.io.IOException: java.io.IOException: Broken pipe
	at org.apache.tomcat.websocket.WsRemoteEndpointImplBase.sendMessageBlock(WsRemoteEndpointImplBase.java:321)
	at org.apache.tomcat.websocket.WsRemoteEndpointImplBase.sendMessageBlock(WsRemoteEndpointImplBase.java:250)
	at org.apache.tomcat.websocket.WsRemoteEndpointImplBase.sendPartialString(WsRemoteEndpointImplBase.java:223)
	at org.apache.tomcat.websocket.WsRemoteEndpointBasic.sendText(WsRemoteEndpointBasic.java:48)
	at org.springframework.web.socket.adapter.standard.StandardWebSocketSession.sendTextMessage(StandardWebSocketSession.java:217)
	at org.springframework.web.socket.adapter.AbstractWebSocketSession.sendMessage(AbstractWebSocketSession.java:108)
	at edu.northeastern.cs6650.server.ChatWebSocketHandler.sendAck(ChatWebSocketHandler.java:121)
	at edu.northeastern.cs6650.server.ChatWebSocketHandler.handleTextMessage(ChatWebSocketHandler.java:72)
	at org.springframework.web.socket.handler.AbstractWebSocketHandler.handleMessage(AbstractWebSocketHandler.java:43)
	at org.springframework.web.socket.handler.WebSocketHandlerDecorator.handleMessage(WebSocketHandlerDecorator.java:75)
	at org.springframework.web.socket.handler.LoggingWebSocketHandlerDecorator.handleMessage(LoggingWebSocketHandlerDecorator.java:56)
	at org.springframework.web.socket.handler.ExceptionWebSocketHandlerDecorator.handleMessage(ExceptionWebSocketHandlerDecorator.java:58)
	at org.springframework.web.socket.adapter.standard.StandardWebSocketHandlerAdapter.handleTextMessage(StandardWebSocketHandlerAdapter.java:113)
	at org.springframework.web.socket.adapter.standard.StandardWebSocketHandlerAdapter$3.onMessage(StandardWebSocketHandlerAdapter.java:84)
	at org.springframework.web.socket.adapter.standard.StandardWebSocketHandlerAdapter$3.onMessage(StandardWebSocketHandlerAdapter.java:81)
	at org.apache.tomcat.websocket.WsFrameBase.sendMessageText(WsFrameBase.java:390)
	at org.apache.tomcat.websocket.server.WsFrameServer.sendMessageText(WsFrameServer.java:130)
	at org.apache.tomcat.websocket.WsFrameBase.processDataText(WsFrameBase.java:484)
	at org.apache.tomcat.websocket.WsFrameBase.processData(WsFrameBase.java:284)
	at org.apache.tomcat.websocket.WsFrameBase.processInputBuffer(WsFrameBase.java:130)
	at org.apache.tomcat.websocket.server.WsFrameServer.onDataAvailable(WsFrameServer.java:85)
	at org.apache.tomcat.websocket.server.WsFrameServer.doOnDataAvailable(WsFrameServer.java:184)
	at org.apache.tomcat.websocket.server.WsFrameServer.notifyDataAvailable(WsFrameServer.java:164)
	at org.apache.tomcat.websocket.server.WsHttpUpgradeHandler.upgradeDispatch(WsHttpUpgradeHandler.java:152)
	at org.apache.coyote.http11.upgrade.UpgradeProcessorInternal.dispatch(UpgradeProcessorInternal.java:60)
	at org.apache.coyote.AbstractProcessorLight.process(AbstractProcessorLight.java:57)
	at org.apache.coyote.AbstractProtocol$ConnectionHandler.process(AbstractProtocol.java:896)
	at org.apache.tomcat.util.net.NioEndpoint$SocketProcessor.doRun(NioEndpoint.java:1736)
	at org.apache.tomcat.util.net.SocketProcessorBase.run(SocketProcessorBase.java:52)
	at org.apache.tomcat.util.threads.ThreadPoolExecutor.runWorker(ThreadPoolExecutor.java:1191)
	at org.apache.tomcat.util.threads.ThreadPoolExecutor$Worker.run(ThreadPoolExecutor.java:659)
	at org.apache.tomcat.util.threads.TaskThread$WrappingRunnable.run(TaskThread.java:63)
	at java.base/java.lang.Thread.run(Thread.java:1575)
Caused by: java.io.IOException: Broken pipe
	at java.base/sun.nio.ch.SocketDispatcher.writev0(Native Method)
	at java.base/sun.nio.ch.SocketDispatcher.writev(SocketDispatcher.java:66)
	at java.base/sun.nio.ch.IOUtil.write(IOUtil.java:227)
	at java.base/sun.nio.ch.IOUtil.write(IOUtil.java:158)
	at java.base/sun.nio.ch.SocketChannelImpl.implWrite(SocketChannelImpl.java:597)
	at java.base/sun.nio.ch.SocketChannelImpl.write(SocketChannelImpl.java:631)
	at org.apache.tomcat.util.net.NioChannel.write(NioChannel.java:130)
	at org.apache.tomcat.util.net.NioEndpoint$NioSocketWrapper$NioOperationState.run(NioEndpoint.java:1627)
	at org.apache.tomcat.util.net.SocketWrapperBase$OperationState.start(SocketWrapperBase.java:1051)
	at org.apache.tomcat.util.net.SocketWrapperBase.vectoredOperation(SocketWrapperBase.java:1440)
	at org.apache.tomcat.util.net.SocketWrapperBase.write(SocketWrapperBase.java:1366)
	at org.apache.tomcat.util.net.SocketWrapperBase.write(SocketWrapperBase.java:1337)
	at org.apache.tomcat.websocket.server.WsRemoteEndpointImplServer.doWrite(WsRemoteEndpointImplServer.java:171)
	at org.apache.tomcat.websocket.WsRemoteEndpointImplBase.writeMessagePart(WsRemoteEndpointImplBase.java:516)
	at org.apache.tomcat.websocket.WsRemoteEndpointImplBase.sendMessageBlock(WsRemoteEndpointImplBase.java:308)
	... 32 more
Error processing message from room 8: java.io.IOException: Broken pipe
java.io.IOException: java.io.IOException: Broken pipe
	at org.apache.tomcat.websocket.WsRemoteEndpointImplBase.sendMessageBlock(WsRemoteEndpointImplBase.java:321)
	at org.apache.tomcat.websocket.WsRemoteEndpointImplBase.sendMessageBlock(WsRemoteEndpointImplBase.java:250)
	at org.apache.tomcat.websocket.WsRemoteEndpointImplBase.sendPartialString(WsRemoteEndpointImplBase.java:223)
	at org.apache.tomcat.websocket.WsRemoteEndpointBasic.sendText(WsRemoteEndpointBasic.java:48)
	at org.springframework.web.socket.adapter.standard.StandardWebSocketSession.sendTextMessage(StandardWebSocketSession.java:217)
	at org.springframework.web.socket.adapter.AbstractWebSocketSession.sendMessage(AbstractWebSocketSession.java:108)
	at edu.northeastern.cs6650.server.ChatWebSocketHandler.sendAck(ChatWebSocketHandler.java:121)
	at edu.northeastern.cs6650.server.ChatWebSocketHandler.handleTextMessage(ChatWebSocketHandler.java:72)
	at org.springframework.web.socket.handler.AbstractWebSocketHandler.handleMessage(AbstractWebSocketHandler.java:43)
	at org.springframework.web.socket.handler.WebSocketHandlerDecorator.handleMessage(WebSocketHandlerDecorator.java:75)
	at org.springframework.web.socket.handler.LoggingWebSocketHandlerDecorator.handleMessage(LoggingWebSocketHandlerDecorator.java:56)
	at org.springframework.web.socket.handler.ExceptionWebSocketHandlerDecorator.handleMessage(ExceptionWebSocketHandlerDecorator.java:58)
	at org.springframework.web.socket.adapter.standard.StandardWebSocketHandlerAdapter.handleTextMessage(StandardWebSocketHandlerAdapter.java:113)
	at org.springframework.web.socket.adapter.standard.StandardWebSocketHandlerAdapter$3.onMessage(StandardWebSocketHandlerAdapter.java:84)
	at org.springframework.web.socket.adapter.standard.StandardWebSocketHandlerAdapter$3.onMessage(StandardWebSocketHandlerAdapter.java:81)
	at org.apache.tomcat.websocket.WsFrameBase.sendMessageText(WsFrameBase.java:390)
	at org.apache.tomcat.websocket.server.WsFrameServer.sendMessageText(WsFrameServer.java:130)
	at org.apache.tomcat.websocket.WsFrameBase.processDataText(WsFrameBase.java:484)
	at org.apache.tomcat.websocket.WsFrameBase.processData(WsFrameBase.java:284)
	at org.apache.tomcat.websocket.WsFrameBase.processInputBuffer(WsFrameBase.java:130)
	at org.apache.tomcat.websocket.server.WsFrameServer.onDataAvailable(WsFrameServer.java:85)
	at org.apache.tomcat.websocket.server.WsFrameServer.doOnDataAvailable(WsFrameServer.java:184)
	at org.apache.tomcat.websocket.server.WsFrameServer.notifyDataAvailable(WsFrameServer.java:164)
	at org.apache.tomcat.websocket.server.WsHttpUpgradeHandler.upgradeDispatch(WsHttpUpgradeHandler.java:152)
	at org.apache.coyote.http11.upgrade.UpgradeProcessorInternal.dispatch(UpgradeProcessorInternal.java:60)
	at org.apache.coyote.AbstractProcessorLight.process(AbstractProcessorLight.java:57)
	at org.apache.coyote.AbstractProtocol$ConnectionHandler.process(AbstractProtocol.java:896)
	at org.apache.tomcat.util.net.NioEndpoint$SocketProcessor.doRun(NioEndpoint.java:1736)
	at org.apache.tomcat.util.net.SocketProcessorBase.run(SocketProcessorBase.java:52)
	at org.apache.tomcat.util.threads.ThreadPoolExecutor.runWorker(ThreadPoolExecutor.java:1191)
	at org.apache.tomcat.util.threads.ThreadPoolExecutor$Worker.run(ThreadPoolExecutor.java:659)
	at org.apache.tomcat.util.threads.TaskThread$WrappingRunnable.run(TaskThread.java:63)
	at java.base/java.lang.Thread.run(Thread.java:1575)
Caused by: java.io.IOException: Broken pipe
	at java.base/sun.nio.ch.SocketDispatcher.writev0(Native Method)
	at java.base/sun.nio.ch.SocketDispatcher.writev(SocketDispatcher.java:66)
	at java.base/sun.nio.ch.IOUtil.write(IOUtil.java:227)
	at java.base/sun.nio.ch.IOUtil.write(IOUtil.java:158)
	at java.base/sun.nio.ch.SocketChannelImpl.implWrite(SocketChannelImpl.java:597)
	at java.base/sun.nio.ch.SocketChannelImpl.write(SocketChannelImpl.java:631)
	at org.apache.tomcat.util.net.NioChannel.write(NioChannel.java:130)
	at org.apache.tomcat.util.net.NioEndpoint$NioSocketWrapper$NioOperationState.run(NioEndpoint.java:1627)
	at org.apache.tomcat.util.net.SocketWrapperBase$OperationState.start(SocketWrapperBase.java:1051)
	at org.apache.tomcat.util.net.SocketWrapperBase.vectoredOperation(SocketWrapperBase.java:1440)
	at org.apache.tomcat.util.net.SocketWrapperBase.write(SocketWrapperBase.java:1366)
	at org.apache.tomcat.util.net.SocketWrapperBase.write(SocketWrapperBase.java:1337)
	at org.apache.tomcat.websocket.server.WsRemoteEndpointImplServer.doWrite(WsRemoteEndpointImplServer.java:171)
	at org.apache.tomcat.websocket.WsRemoteEndpointImplBase.writeMessagePart(WsRemoteEndpointImplBase.java:516)
	at org.apache.tomcat.websocket.WsRemoteEndpointImplBase.sendMessageBlock(WsRemoteEndpointImplBase.java:308)
	... 32 more
Error processing message from room 5: java.io.IOException: Broken pipe
java.io.IOException: java.io.IOException: Broken pipe
	at org.apache.tomcat.websocket.WsRemoteEndpointImplBase.sendMessageBlock(WsRemoteEndpointImplBase.java:321)
	at org.apache.tomcat.websocket.WsRemoteEndpointImplBase.sendMessageBlock(WsRemoteEndpointImplBase.java:250)
	at org.apache.tomcat.websocket.WsRemoteEndpointImplBase.sendPartialString(WsRemoteEndpointImplBase.java:223)
	at org.apache.tomcat.websocket.WsRemoteEndpointBasic.sendText(WsRemoteEndpointBasic.java:48)
	at org.springframework.web.socket.adapter.standard.StandardWebSocketSession.sendTextMessage(StandardWebSocketSession.java:217)
	at org.springframework.web.socket.adapter.AbstractWebSocketSession.sendMessage(AbstractWebSocketSession.java:108)
	at edu.northeastern.cs6650.server.ChatWebSocketHandler.sendAck(ChatWebSocketHandler.java:121)
	at edu.northeastern.cs6650.server.ChatWebSocketHandler.handleTextMessage(ChatWebSocketHandler.java:72)
	at org.springframework.web.socket.handler.AbstractWebSocketHandler.handleMessage(AbstractWebSocketHandler.java:43)
	at org.springframework.web.socket.handler.WebSocketHandlerDecorator.handleMessage(WebSocketHandlerDecorator.java:75)
	at org.springframework.web.socket.handler.LoggingWebSocketHandlerDecorator.handleMessage(LoggingWebSocketHandlerDecorator.java:56)
	at org.springframework.web.socket.handler.ExceptionWebSocketHandlerDecorator.handleMessage(ExceptionWebSocketHandlerDecorator.java:58)
	at org.springframework.web.socket.adapter.standard.StandardWebSocketHandlerAdapter.handleTextMessage(StandardWebSocketHandlerAdapter.java:113)
	at org.springframework.web.socket.adapter.standard.StandardWebSocketHandlerAdapter$3.onMessage(StandardWebSocketHandlerAdapter.java:84)
	at org.springframework.web.socket.adapter.standard.StandardWebSocketHandlerAdapter$3.onMessage(StandardWebSocketHandlerAdapter.java:81)
	at org.apache.tomcat.websocket.WsFrameBase.sendMessageText(WsFrameBase.java:390)
	at org.apache.tomcat.websocket.server.WsFrameServer.sendMessageText(WsFrameServer.java:130)
	at org.apache.tomcat.websocket.WsFrameBase.processDataText(WsFrameBase.java:484)
	at org.apache.tomcat.websocket.WsFrameBase.processData(WsFrameBase.java:284)
	at org.apache.tomcat.websocket.WsFrameBase.processInputBuffer(WsFrameBase.java:130)
	at org.apache.tomcat.websocket.server.WsFrameServer.onDataAvailable(WsFrameServer.java:85)
	at org.apache.tomcat.websocket.server.WsFrameServer.doOnDataAvailable(WsFrameServer.java:184)
	at org.apache.tomcat.websocket.server.WsFrameServer.notifyDataAvailable(WsFrameServer.java:164)
	at org.apache.tomcat.websocket.server.WsHttpUpgradeHandler.upgradeDispatch(WsHttpUpgradeHandler.java:152)
	at org.apache.coyote.http11.upgrade.UpgradeProcessorInternal.dispatch(UpgradeProcessorInternal.java:60)
	at org.apache.coyote.AbstractProcessorLight.process(AbstractProcessorLight.java:57)
	at org.apache.coyote.AbstractProtocol$ConnectionHandler.process(AbstractProtocol.java:896)
	at org.apache.tomcat.util.net.NioEndpoint$SocketProcessor.doRun(NioEndpoint.java:1736)
	at org.apache.tomcat.util.net.SocketProcessorBase.run(SocketProcessorBase.java:52)
	at org.apache.tomcat.util.threads.ThreadPoolExecutor.runWorker(ThreadPoolExecutor.java:1191)
	at org.apache.tomcat.util.threads.ThreadPoolExecutor$Worker.run(ThreadPoolExecutor.java:659)
	at org.apache.tomcat.util.threads.TaskThread$WrappingRunnable.run(TaskThread.java:63)
	at java.base/java.lang.Thread.run(Thread.java:1575)
Caused by: java.io.IOException: Broken pipe
	at java.base/sun.nio.ch.SocketDispatcher.writev0(Native Method)
	at java.base/sun.nio.ch.SocketDispatcher.writev(SocketDispatcher.java:66)
	at java.base/sun.nio.ch.IOUtil.write(IOUtil.java:227)
	at java.base/sun.nio.ch.IOUtil.write(IOUtil.java:158)
	at java.base/sun.nio.ch.SocketChannelImpl.implWrite(SocketChannelImpl.java:597)
	at java.base/sun.nio.ch.SocketChannelImpl.write(SocketChannelImpl.java:631)
	at org.apache.tomcat.util.net.NioChannel.write(NioChannel.java:130)
	at org.apache.tomcat.util.net.NioEndpoint$NioSocketWrapper$NioOperationState.run(NioEndpoint.java:1627)
	at org.apache.tomcat.util.net.SocketWrapperBase$OperationState.start(SocketWrapperBase.java:1051)
	at org.apache.tomcat.util.net.SocketWrapperBase.vectoredOperation(SocketWrapperBase.java:1440)
	at org.apache.tomcat.util.net.SocketWrapperBase.write(SocketWrapperBase.java:1366)
	at org.apache.tomcat.util.net.SocketWrapperBase.write(SocketWrapperBase.java:1337)
	at org.apache.tomcat.websocket.server.WsRemoteEndpointImplServer.doWrite(WsRemoteEndpointImplServer.java:171)
	at org.apache.tomcat.websocket.WsRemoteEndpointImplBase.writeMessagePart(WsRemoteEndpointImplBase.java:516)
	at org.apache.tomcat.websocket.WsRemoteEndpointImplBase.sendMessageBlock(WsRemoteEndpointImplBase.java:308)
	... 32 more
Error processing message from room 20: java.io.IOException: Broken pipe
java.io.IOException: java.io.IOException: Broken pipe
	at org.apache.tomcat.websocket.WsRemoteEndpointImplBase.sendMessageBlock(WsRemoteEndpointImplBase.java:321)
	at org.apache.tomcat.websocket.WsRemoteEndpointImplBase.sendMessageBlock(WsRemoteEndpointImplBase.java:250)
	at org.apache.tomcat.websocket.WsRemoteEndpointImplBase.sendPartialString(WsRemoteEndpointImplBase.java:223)
	at org.apache.tomcat.websocket.WsRemoteEndpointBasic.sendText(WsRemoteEndpointBasic.java:48)
	at org.springframework.web.socket.adapter.standard.StandardWebSocketSession.sendTextMessage(StandardWebSocketSession.java:217)
	at org.springframework.web.socket.adapter.AbstractWebSocketSession.sendMessage(AbstractWebSocketSession.java:108)
	at edu.northeastern.cs6650.server.ChatWebSocketHandler.sendAck(ChatWebSocketHandler.java:121)
	at edu.northeastern.cs6650.server.ChatWebSocketHandler.handleTextMessage(ChatWebSocketHandler.java:72)
	at org.springframework.web.socket.handler.AbstractWebSocketHandler.handleMessage(AbstractWebSocketHandler.java:43)
	at org.springframework.web.socket.handler.WebSocketHandlerDecorator.handleMessage(WebSocketHandlerDecorator.java:75)
	at org.springframework.web.socket.handler.LoggingWebSocketHandlerDecorator.handleMessage(LoggingWebSocketHandlerDecorator.java:56)
	at org.springframework.web.socket.handler.ExceptionWebSocketHandlerDecorator.handleMessage(ExceptionWebSocketHandlerDecorator.java:58)
	at org.springframework.web.socket.adapter.standard.StandardWebSocketHandlerAdapter.handleTextMessage(StandardWebSocketHandlerAdapter.java:113)
	at org.springframework.web.socket.adapter.standard.StandardWebSocketHandlerAdapter$3.onMessage(StandardWebSocketHandlerAdapter.java:84)
	at org.springframework.web.socket.adapter.standard.StandardWebSocketHandlerAdapter$3.onMessage(StandardWebSocketHandlerAdapter.java:81)
	at org.apache.tomcat.websocket.WsFrameBase.sendMessageText(WsFrameBase.java:390)
	at org.apache.tomcat.websocket.server.WsFrameServer.sendMessageText(WsFrameServer.java:130)
	at org.apache.tomcat.websocket.WsFrameBase.processDataText(WsFrameBase.java:484)
	at org.apache.tomcat.websocket.WsFrameBase.processData(WsFrameBase.java:284)
	at org.apache.tomcat.websocket.WsFrameBase.processInputBuffer(WsFrameBase.java:130)
	at org.apache.tomcat.websocket.server.WsFrameServer.onDataAvailable(WsFrameServer.java:85)
	at org.apache.tomcat.websocket.server.WsFrameServer.doOnDataAvailable(WsFrameServer.java:184)
	at org.apache.tomcat.websocket.server.WsFrameServer.notifyDataAvailable(WsFrameServer.java:164)
	at org.apache.tomcat.websocket.server.WsHttpUpgradeHandler.upgradeDispatch(WsHttpUpgradeHandler.java:152)
	at org.apache.coyote.http11.upgrade.UpgradeProcessorInternal.dispatch(UpgradeProcessorInternal.java:60)
	at org.apache.coyote.AbstractProcessorLight.process(AbstractProcessorLight.java:57)
	at org.apache.coyote.AbstractProtocol$ConnectionHandler.process(AbstractProtocol.java:896)
	at org.apache.tomcat.util.net.NioEndpoint$SocketProcessor.doRun(NioEndpoint.java:1736)
	at org.apache.tomcat.util.net.SocketProcessorBase.run(SocketProcessorBase.java:52)
	at org.apache.tomcat.util.threads.ThreadPoolExecutor.runWorker(ThreadPoolExecutor.java:1191)
	at org.apache.tomcat.util.threads.ThreadPoolExecutor$Worker.run(ThreadPoolExecutor.java:659)
	at org.apache.tomcat.util.threads.TaskThread$WrappingRunnable.run(TaskThread.java:63)
	at java.base/java.lang.Thread.run(Thread.java:1575)
Caused by: java.io.IOException: Broken pipe
	at java.base/sun.nio.ch.SocketDispatcher.writev0(Native Method)
	at java.base/sun.nio.ch.SocketDispatcher.writev(SocketDispatcher.java:66)
	at java.base/sun.nio.ch.IOUtil.write(IOUtil.java:227)
	at java.base/sun.nio.ch.IOUtil.write(IOUtil.java:158)
	at java.base/sun.nio.ch.SocketChannelImpl.implWrite(SocketChannelImpl.java:597)
	at java.base/sun.nio.ch.SocketChannelImpl.write(SocketChannelImpl.java:631)
	at org.apache.tomcat.util.net.NioChannel.write(NioChannel.java:130)
	at org.apache.tomcat.util.net.NioEndpoint$NioSocketWrapper$NioOperationState.run(NioEndpoint.java:1627)
	at org.apache.tomcat.util.net.SocketWrapperBase$OperationState.start(SocketWrapperBase.java:1051)
	at org.apache.tomcat.util.net.SocketWrapperBase.vectoredOperation(SocketWrapperBase.java:1440)
	at org.apache.tomcat.util.net.SocketWrapperBase.write(SocketWrapperBase.java:1366)
	at org.apache.tomcat.util.net.SocketWrapperBase.write(SocketWrapperBase.java:1337)
	at org.apache.tomcat.websocket.server.WsRemoteEndpointImplServer.doWrite(WsRemoteEndpointImplServer.java:171)
	at org.apache.tomcat.websocket.WsRemoteEndpointImplBase.writeMessagePart(WsRemoteEndpointImplBase.java:516)
	at org.apache.tomcat.websocket.WsRemoteEndpointImplBase.sendMessageBlock(WsRemoteEndpointImplBase.java:308)
	... 32 more
Error processing message from room 3: java.io.IOException: Broken pipe
java.io.IOException: java.io.IOException: Broken pipe
	at org.apache.tomcat.websocket.WsRemoteEndpointImplBase.sendMessageBlock(WsRemoteEndpointImplBase.java:321)
	at org.apache.tomcat.websocket.WsRemoteEndpointImplBase.sendMessageBlock(WsRemoteEndpointImplBase.java:250)
	at org.apache.tomcat.websocket.WsRemoteEndpointImplBase.sendPartialString(WsRemoteEndpointImplBase.java:223)
	at org.apache.tomcat.websocket.WsRemoteEndpointBasic.sendText(WsRemoteEndpointBasic.java:48)
	at org.springframework.web.socket.adapter.standard.StandardWebSocketSession.sendTextMessage(StandardWebSocketSession.java:217)
	at org.springframework.web.socket.adapter.AbstractWebSocketSession.sendMessage(AbstractWebSocketSession.java:108)
	at edu.northeastern.cs6650.server.ChatWebSocketHandler.sendAck(ChatWebSocketHandler.java:121)
	at edu.northeastern.cs6650.server.ChatWebSocketHandler.handleTextMessage(ChatWebSocketHandler.java:72)
	at org.springframework.web.socket.handler.AbstractWebSocketHandler.handleMessage(AbstractWebSocketHandler.java:43)
	at org.springframework.web.socket.handler.WebSocketHandlerDecorator.handleMessage(WebSocketHandlerDecorator.java:75)
	at org.springframework.web.socket.handler.LoggingWebSocketHandlerDecorator.handleMessage(LoggingWebSocketHandlerDecorator.java:56)
	at org.springframework.web.socket.handler.ExceptionWebSocketHandlerDecorator.handleMessage(ExceptionWebSocketHandlerDecorator.java:58)
	at org.springframework.web.socket.adapter.standard.StandardWebSocketHandlerAdapter.handleTextMessage(StandardWebSocketHandlerAdapter.java:113)
	at org.springframework.web.socket.adapter.standard.StandardWebSocketHandlerAdapter$3.onMessage(StandardWebSocketHandlerAdapter.java:84)
	at org.springframework.web.socket.adapter.standard.StandardWebSocketHandlerAdapter$3.onMessage(StandardWebSocketHandlerAdapter.java:81)
	at org.apache.tomcat.websocket.WsFrameBase.sendMessageText(WsFrameBase.java:390)
	at org.apache.tomcat.websocket.server.WsFrameServer.sendMessageText(WsFrameServer.java:130)
	at org.apache.tomcat.websocket.WsFrameBase.processDataText(WsFrameBase.java:484)
	at org.apache.tomcat.websocket.WsFrameBase.processData(WsFrameBase.java:284)
	at org.apache.tomcat.websocket.WsFrameBase.processInputBuffer(WsFrameBase.java:130)
	at org.apache.tomcat.websocket.server.WsFrameServer.onDataAvailable(WsFrameServer.java:85)
	at org.apache.tomcat.websocket.server.WsFrameServer.doOnDataAvailable(WsFrameServer.java:184)
	at org.apache.tomcat.websocket.server.WsFrameServer.notifyDataAvailable(WsFrameServer.java:164)
	at org.apache.tomcat.websocket.server.WsHttpUpgradeHandler.upgradeDispatch(WsHttpUpgradeHandler.java:152)
	at org.apache.coyote.http11.upgrade.UpgradeProcessorInternal.dispatch(UpgradeProcessorInternal.java:60)
	at org.apache.coyote.AbstractProcessorLight.process(AbstractProcessorLight.java:57)
	at org.apache.coyote.AbstractProtocol$ConnectionHandler.process(AbstractProtocol.java:896)
	at org.apache.tomcat.util.net.NioEndpoint$SocketProcessor.doRun(NioEndpoint.java:1736)
	at org.apache.tomcat.util.net.SocketProcessorBase.run(SocketProcessorBase.java:52)
	at org.apache.tomcat.util.threads.ThreadPoolExecutor.runWorker(ThreadPoolExecutor.java:1191)
	at org.apache.tomcat.util.threads.ThreadPoolExecutor$Worker.run(ThreadPoolExecutor.java:659)
	at org.apache.tomcat.util.threads.TaskThread$WrappingRunnable.run(TaskThread.java:63)
	at java.base/java.lang.Thread.run(Thread.java:1575)
Caused by: java.io.IOException: Broken pipe
	at java.base/sun.nio.ch.SocketDispatcher.writev0(Native Method)
	at java.base/sun.nio.ch.SocketDispatcher.writev(SocketDispatcher.java:66)
	at java.base/sun.nio.ch.IOUtil.write(IOUtil.java:227)
	at java.base/sun.nio.ch.IOUtil.write(IOUtil.java:158)
	at java.base/sun.nio.ch.SocketChannelImpl.implWrite(SocketChannelImpl.java:597)
	at java.base/sun.nio.ch.SocketChannelImpl.write(SocketChannelImpl.java:631)
	at org.apache.tomcat.util.net.NioChannel.write(NioChannel.java:130)
	at org.apache.tomcat.util.net.NioEndpoint$NioSocketWrapper$NioOperationState.run(NioEndpoint.java:1627)
	at org.apache.tomcat.util.net.SocketWrapperBase$OperationState.start(SocketWrapperBase.java:1051)
	at org.apache.tomcat.util.net.SocketWrapperBase.vectoredOperation(SocketWrapperBase.java:1440)
	at org.apache.tomcat.util.net.SocketWrapperBase.write(SocketWrapperBase.java:1366)
	at org.apache.tomcat.util.net.SocketWrapperBase.write(SocketWrapperBase.java:1337)
	at org.apache.tomcat.websocket.server.WsRemoteEndpointImplServer.doWrite(WsRemoteEndpointImplServer.java:171)
	at org.apache.tomcat.websocket.WsRemoteEndpointImplBase.writeMessagePart(WsRemoteEndpointImplBase.java:516)
	at org.apache.tomcat.websocket.WsRemoteEndpointImplBase.sendMessageBlock(WsRemoteEndpointImplBase.java:308)
	... 32 more
Error processing message from room 15: java.io.IOException: Broken pipe
java.io.IOException: java.io.IOException: Broken pipe
	at org.apache.tomcat.websocket.WsRemoteEndpointImplBase.sendMessageBlock(WsRemoteEndpointImplBase.java:321)
	at org.apache.tomcat.websocket.WsRemoteEndpointImplBase.sendMessageBlock(WsRemoteEndpointImplBase.java:250)
	at org.apache.tomcat.websocket.WsRemoteEndpointImplBase.sendPartialString(WsRemoteEndpointImplBase.java:223)
	at org.apache.tomcat.websocket.WsRemoteEndpointBasic.sendText(WsRemoteEndpointBasic.java:48)
	at org.springframework.web.socket.adapter.standard.StandardWebSocketSession.sendTextMessage(StandardWebSocketSession.java:217)
	at org.springframework.web.socket.adapter.AbstractWebSocketSession.sendMessage(AbstractWebSocketSession.java:108)
	at edu.northeastern.cs6650.server.ChatWebSocketHandler.sendAck(ChatWebSocketHandler.java:121)
	at edu.northeastern.cs6650.server.ChatWebSocketHandler.handleTextMessage(ChatWebSocketHandler.java:72)
	at org.springframework.web.socket.handler.AbstractWebSocketHandler.handleMessage(AbstractWebSocketHandler.java:43)
	at org.springframework.web.socket.handler.WebSocketHandlerDecorator.handleMessage(WebSocketHandlerDecorator.java:75)
	at org.springframework.web.socket.handler.LoggingWebSocketHandlerDecorator.handleMessage(LoggingWebSocketHandlerDecorator.java:56)
	at org.springframework.web.socket.handler.ExceptionWebSocketHandlerDecorator.handleMessage(ExceptionWebSocketHandlerDecorator.java:58)
	at org.springframework.web.socket.adapter.standard.StandardWebSocketHandlerAdapter.handleTextMessage(StandardWebSocketHandlerAdapter.java:113)
	at org.springframework.web.socket.adapter.standard.StandardWebSocketHandlerAdapter$3.onMessage(StandardWebSocketHandlerAdapter.java:84)
	at org.springframework.web.socket.adapter.standard.StandardWebSocketHandlerAdapter$3.onMessage(StandardWebSocketHandlerAdapter.java:81)
	at org.apache.tomcat.websocket.WsFrameBase.sendMessageText(WsFrameBase.java:390)
	at org.apache.tomcat.websocket.server.WsFrameServer.sendMessageText(WsFrameServer.java:130)
	at org.apache.tomcat.websocket.WsFrameBase.processDataText(WsFrameBase.java:484)
	at org.apache.tomcat.websocket.WsFrameBase.processData(WsFrameBase.java:284)
	at org.apache.tomcat.websocket.WsFrameBase.processInputBuffer(WsFrameBase.java:130)
	at org.apache.tomcat.websocket.server.WsFrameServer.onDataAvailable(WsFrameServer.java:85)
	at org.apache.tomcat.websocket.server.WsFrameServer.doOnDataAvailable(WsFrameServer.java:184)
	at org.apache.tomcat.websocket.server.WsFrameServer.notifyDataAvailable(WsFrameServer.java:164)
	at org.apache.tomcat.websocket.server.WsHttpUpgradeHandler.upgradeDispatch(WsHttpUpgradeHandler.java:152)
	at org.apache.coyote.http11.upgrade.UpgradeProcessorInternal.dispatch(UpgradeProcessorInternal.java:60)
	at org.apache.coyote.AbstractProcessorLight.process(AbstractProcessorLight.java:57)
	at org.apache.coyote.AbstractProtocol$ConnectionHandler.process(AbstractProtocol.java:896)
	at org.apache.tomcat.util.net.NioEndpoint$SocketProcessor.doRun(NioEndpoint.java:1736)
	at org.apache.tomcat.util.net.SocketProcessorBase.run(SocketProcessorBase.java:52)
	at org.apache.tomcat.util.threads.ThreadPoolExecutor.runWorker(ThreadPoolExecutor.java:1191)
	at org.apache.tomcat.util.threads.ThreadPoolExecutor$Worker.run(ThreadPoolExecutor.java:659)
	at org.apache.tomcat.util.threads.TaskThread$WrappingRunnable.run(TaskThread.java:63)
	at java.base/java.lang.Thread.run(Thread.java:1575)
Caused by: java.io.IOException: Broken pipe
	at java.base/sun.nio.ch.SocketDispatcher.writev0(Native Method)
	at java.base/sun.nio.ch.SocketDispatcher.writev(SocketDispatcher.java:66)
	at java.base/sun.nio.ch.IOUtil.write(IOUtil.java:227)
	at java.base/sun.nio.ch.IOUtil.write(IOUtil.java:158)
	at java.base/sun.nio.ch.SocketChannelImpl.implWrite(SocketChannelImpl.java:597)
	at java.base/sun.nio.ch.SocketChannelImpl.write(SocketChannelImpl.java:631)
	at org.apache.tomcat.util.net.NioChannel.write(NioChannel.java:130)
	at org.apache.tomcat.util.net.NioEndpoint$NioSocketWrapper$NioOperationState.run(NioEndpoint.java:1627)
	at org.apache.tomcat.util.net.SocketWrapperBase$OperationState.start(SocketWrapperBase.java:1051)
	at org.apache.tomcat.util.net.SocketWrapperBase.vectoredOperation(SocketWrapperBase.java:1440)
	at org.apache.tomcat.util.net.SocketWrapperBase.write(SocketWrapperBase.java:1366)
	at org.apache.tomcat.util.net.SocketWrapperBase.write(SocketWrapperBase.java:1337)
	at org.apache.tomcat.websocket.server.WsRemoteEndpointImplServer.doWrite(WsRemoteEndpointImplServer.java:171)
	at org.apache.tomcat.websocket.WsRemoteEndpointImplBase.writeMessagePart(WsRemoteEndpointImplBase.java:516)
	at org.apache.tomcat.websocket.WsRemoteEndpointImplBase.sendMessageBlock(WsRemoteEndpointImplBase.java:308)
	... 32 more
Error processing message from room 13: java.io.IOException: Broken pipe
java.io.IOException: java.io.IOException: Broken pipe
	at org.apache.tomcat.websocket.WsRemoteEndpointImplBase.sendMessageBlock(WsRemoteEndpointImplBase.java:321)
	at org.apache.tomcat.websocket.WsRemoteEndpointImplBase.sendMessageBlock(WsRemoteEndpointImplBase.java:250)
	at org.apache.tomcat.websocket.WsRemoteEndpointImplBase.sendPartialString(WsRemoteEndpointImplBase.java:223)
	at org.apache.tomcat.websocket.WsRemoteEndpointBasic.sendText(WsRemoteEndpointBasic.java:48)
	at org.springframework.web.socket.adapter.standard.StandardWebSocketSession.sendTextMessage(StandardWebSocketSession.java:217)
	at org.springframework.web.socket.adapter.AbstractWebSocketSession.sendMessage(AbstractWebSocketSession.java:108)
	at edu.northeastern.cs6650.server.ChatWebSocketHandler.sendAck(ChatWebSocketHandler.java:121)
	at edu.northeastern.cs6650.server.ChatWebSocketHandler.handleTextMessage(ChatWebSocketHandler.java:72)
	at org.springframework.web.socket.handler.AbstractWebSocketHandler.handleMessage(AbstractWebSocketHandler.java:43)
	at org.springframework.web.socket.handler.WebSocketHandlerDecorator.handleMessage(WebSocketHandlerDecorator.java:75)
	at org.springframework.web.socket.handler.LoggingWebSocketHandlerDecorator.handleMessage(LoggingWebSocketHandlerDecorator.java:56)
	at org.springframework.web.socket.handler.ExceptionWebSocketHandlerDecorator.handleMessage(ExceptionWebSocketHandlerDecorator.java:58)
	at org.springframework.web.socket.adapter.standard.StandardWebSocketHandlerAdapter.handleTextMessage(StandardWebSocketHandlerAdapter.java:113)
	at org.springframework.web.socket.adapter.standard.StandardWebSocketHandlerAdapter$3.onMessage(StandardWebSocketHandlerAdapter.java:84)
	at org.springframework.web.socket.adapter.standard.StandardWebSocketHandlerAdapter$3.onMessage(StandardWebSocketHandlerAdapter.java:81)
	at org.apache.tomcat.websocket.WsFrameBase.sendMessageText(WsFrameBase.java:390)
	at org.apache.tomcat.websocket.server.WsFrameServer.sendMessageText(WsFrameServer.java:130)
	at org.apache.tomcat.websocket.WsFrameBase.processDataText(WsFrameBase.java:484)
	at org.apache.tomcat.websocket.WsFrameBase.processData(WsFrameBase.java:284)
	at org.apache.tomcat.websocket.WsFrameBase.processInputBuffer(WsFrameBase.java:130)
	at org.apache.tomcat.websocket.server.WsFrameServer.onDataAvailable(WsFrameServer.java:85)
	at org.apache.tomcat.websocket.server.WsFrameServer.doOnDataAvailable(WsFrameServer.java:184)
	at org.apache.tomcat.websocket.server.WsFrameServer.notifyDataAvailable(WsFrameServer.java:164)
	at org.apache.tomcat.websocket.server.WsHttpUpgradeHandler.upgradeDispatch(WsHttpUpgradeHandler.java:152)
	at org.apache.coyote.http11.upgrade.UpgradeProcessorInternal.dispatch(UpgradeProcessorInternal.java:60)
	at org.apache.coyote.AbstractProcessorLight.process(AbstractProcessorLight.java:57)
	at org.apache.coyote.AbstractProtocol$ConnectionHandler.process(AbstractProtocol.java:896)
	at org.apache.tomcat.util.net.NioEndpoint$SocketProcessor.doRun(NioEndpoint.java:1736)
	at org.apache.tomcat.util.net.SocketProcessorBase.run(SocketProcessorBase.java:52)
	at org.apache.tomcat.util.threads.ThreadPoolExecutor.runWorker(ThreadPoolExecutor.java:1191)
	at org.apache.tomcat.util.threads.ThreadPoolExecutor$Worker.run(ThreadPoolExecutor.java:659)
	at org.apache.tomcat.util.threads.TaskThread$WrappingRunnable.run(TaskThread.java:63)
	at java.base/java.lang.Thread.run(Thread.java:1575)
Caused by: java.io.IOException: Broken pipe
	at java.base/sun.nio.ch.SocketDispatcher.writev0(Native Method)
	at java.base/sun.nio.ch.SocketDispatcher.writev(SocketDispatcher.java:66)
	at java.base/sun.nio.ch.IOUtil.write(IOUtil.java:227)
	at java.base/sun.nio.ch.IOUtil.write(IOUtil.java:158)
	at java.base/sun.nio.ch.SocketChannelImpl.implWrite(SocketChannelImpl.java:597)
	at java.base/sun.nio.ch.SocketChannelImpl.write(SocketChannelImpl.java:631)
	at org.apache.tomcat.util.net.NioChannel.write(NioChannel.java:130)
	at org.apache.tomcat.util.net.NioEndpoint$NioSocketWrapper$NioOperationState.run(NioEndpoint.java:1627)
	at org.apache.tomcat.util.net.SocketWrapperBase$OperationState.start(SocketWrapperBase.java:1051)
	at org.apache.tomcat.util.net.SocketWrapperBase.vectoredOperation(SocketWrapperBase.java:1440)
	at org.apache.tomcat.util.net.SocketWrapperBase.write(SocketWrapperBase.java:1366)
	at org.apache.tomcat.util.net.SocketWrapperBase.write(SocketWrapperBase.java:1337)
	at org.apache.tomcat.websocket.server.WsRemoteEndpointImplServer.doWrite(WsRemoteEndpointImplServer.java:171)
	at org.apache.tomcat.websocket.WsRemoteEndpointImplBase.writeMessagePart(WsRemoteEndpointImplBase.java:516)
	at org.apache.tomcat.websocket.WsRemoteEndpointImplBase.sendMessageBlock(WsRemoteEndpointImplBase.java:308)
	... 32 more
Error processing message from room 18: java.io.IOException: Broken pipe
java.io.IOException: java.io.IOException: Broken pipe
	at org.apache.tomcat.websocket.WsRemoteEndpointImplBase.sendMessageBlock(WsRemoteEndpointImplBase.java:321)
	at org.apache.tomcat.websocket.WsRemoteEndpointImplBase.sendMessageBlock(WsRemoteEndpointImplBase.java:250)
	at org.apache.tomcat.websocket.WsRemoteEndpointImplBase.sendPartialString(WsRemoteEndpointImplBase.java:223)
	at org.apache.tomcat.websocket.WsRemoteEndpointBasic.sendText(WsRemoteEndpointBasic.java:48)
	at org.springframework.web.socket.adapter.standard.StandardWebSocketSession.sendTextMessage(StandardWebSocketSession.java:217)
	at org.springframework.web.socket.adapter.AbstractWebSocketSession.sendMessage(AbstractWebSocketSession.java:108)
	at edu.northeastern.cs6650.server.ChatWebSocketHandler.sendAck(ChatWebSocketHandler.java:121)
	at edu.northeastern.cs6650.server.ChatWebSocketHandler.handleTextMessage(ChatWebSocketHandler.java:72)
	at org.springframework.web.socket.handler.AbstractWebSocketHandler.handleMessage(AbstractWebSocketHandler.java:43)
	at org.springframework.web.socket.handler.WebSocketHandlerDecorator.handleMessage(WebSocketHandlerDecorator.java:75)
	at org.springframework.web.socket.handler.LoggingWebSocketHandlerDecorator.handleMessage(LoggingWebSocketHandlerDecorator.java:56)
	at org.springframework.web.socket.handler.ExceptionWebSocketHandlerDecorator.handleMessage(ExceptionWebSocketHandlerDecorator.java:58)
	at org.springframework.web.socket.adapter.standard.StandardWebSocketHandlerAdapter.handleTextMessage(StandardWebSocketHandlerAdapter.java:113)
	at org.springframework.web.socket.adapter.standard.StandardWebSocketHandlerAdapter$3.onMessage(StandardWebSocketHandlerAdapter.java:84)
	at org.springframework.web.socket.adapter.standard.StandardWebSocketHandlerAdapter$3.onMessage(StandardWebSocketHandlerAdapter.java:81)
	at org.apache.tomcat.websocket.WsFrameBase.sendMessageText(WsFrameBase.java:390)
	at org.apache.tomcat.websocket.server.WsFrameServer.sendMessageText(WsFrameServer.java:130)
	at org.apache.tomcat.websocket.WsFrameBase.processDataText(WsFrameBase.java:484)
	at org.apache.tomcat.websocket.WsFrameBase.processData(WsFrameBase.java:284)
	at org.apache.tomcat.websocket.WsFrameBase.processInputBuffer(WsFrameBase.java:130)
	at org.apache.tomcat.websocket.server.WsFrameServer.onDataAvailable(WsFrameServer.java:85)
	at org.apache.tomcat.websocket.server.WsFrameServer.doOnDataAvailable(WsFrameServer.java:184)
	at org.apache.tomcat.websocket.server.WsFrameServer.notifyDataAvailable(WsFrameServer.java:164)
	at org.apache.tomcat.websocket.server.WsHttpUpgradeHandler.upgradeDispatch(WsHttpUpgradeHandler.java:152)
	at org.apache.coyote.http11.upgrade.UpgradeProcessorInternal.dispatch(UpgradeProcessorInternal.java:60)
	at org.apache.coyote.AbstractProcessorLight.process(AbstractProcessorLight.java:57)
	at org.apache.coyote.AbstractProtocol$ConnectionHandler.process(AbstractProtocol.java:896)
	at org.apache.tomcat.util.net.NioEndpoint$SocketProcessor.doRun(NioEndpoint.java:1736)
	at org.apache.tomcat.util.net.SocketProcessorBase.run(SocketProcessorBase.java:52)
	at org.apache.tomcat.util.threads.ThreadPoolExecutor.runWorker(ThreadPoolExecutor.java:1191)
	at org.apache.tomcat.util.threads.ThreadPoolExecutor$Worker.run(ThreadPoolExecutor.java:659)
	at org.apache.tomcat.util.threads.TaskThread$WrappingRunnable.run(TaskThread.java:63)
	at java.base/java.lang.Thread.run(Thread.java:1575)
Caused by: java.io.IOException: Broken pipe
	at java.base/sun.nio.ch.SocketDispatcher.writev0(Native Method)
	at java.base/sun.nio.ch.SocketDispatcher.writev(SocketDispatcher.java:66)
	at java.base/sun.nio.ch.IOUtil.write(IOUtil.java:227)
	at java.base/sun.nio.ch.IOUtil.write(IOUtil.java:158)
	at java.base/sun.nio.ch.SocketChannelImpl.implWrite(SocketChannelImpl.java:597)
	at java.base/sun.nio.ch.SocketChannelImpl.write(SocketChannelImpl.java:631)
	at org.apache.tomcat.util.net.NioChannel.write(NioChannel.java:130)
	at org.apache.tomcat.util.net.NioEndpoint$NioSocketWrapper$NioOperationState.run(NioEndpoint.java:1627)
	at org.apache.tomcat.util.net.SocketWrapperBase$OperationState.start(SocketWrapperBase.java:1051)
	at org.apache.tomcat.util.net.SocketWrapperBase.vectoredOperation(SocketWrapperBase.java:1440)
	at org.apache.tomcat.util.net.SocketWrapperBase.write(SocketWrapperBase.java:1366)
	at org.apache.tomcat.util.net.SocketWrapperBase.write(SocketWrapperBase.java:1337)
	at org.apache.tomcat.websocket.server.WsRemoteEndpointImplServer.doWrite(WsRemoteEndpointImplServer.java:171)
	at org.apache.tomcat.websocket.WsRemoteEndpointImplBase.writeMessagePart(WsRemoteEndpointImplBase.java:516)
	at org.apache.tomcat.websocket.WsRemoteEndpointImplBase.sendMessageBlock(WsRemoteEndpointImplBase.java:308)
	... 32 more
Error processing message from room 2: java.io.IOException: Broken pipe
java.io.IOException: java.io.IOException: Broken pipe
	at org.apache.tomcat.websocket.WsRemoteEndpointImplBase.sendMessageBlock(WsRemoteEndpointImplBase.java:321)
	at org.apache.tomcat.websocket.WsRemoteEndpointImplBase.sendMessageBlock(WsRemoteEndpointImplBase.java:250)
	at org.apache.tomcat.websocket.WsRemoteEndpointImplBase.sendPartialString(WsRemoteEndpointImplBase.java:223)
	at org.apache.tomcat.websocket.WsRemoteEndpointBasic.sendText(WsRemoteEndpointBasic.java:48)
	at org.springframework.web.socket.adapter.standard.StandardWebSocketSession.sendTextMessage(StandardWebSocketSession.java:217)
	at org.springframework.web.socket.adapter.AbstractWebSocketSession.sendMessage(AbstractWebSocketSession.java:108)
	at edu.northeastern.cs6650.server.ChatWebSocketHandler.sendAck(ChatWebSocketHandler.java:121)
	at edu.northeastern.cs6650.server.ChatWebSocketHandler.handleTextMessage(ChatWebSocketHandler.java:72)
	at org.springframework.web.socket.handler.AbstractWebSocketHandler.handleMessage(AbstractWebSocketHandler.java:43)
	at org.springframework.web.socket.handler.WebSocketHandlerDecorator.handleMessage(WebSocketHandlerDecorator.java:75)
	at org.springframework.web.socket.handler.LoggingWebSocketHandlerDecorator.handleMessage(LoggingWebSocketHandlerDecorator.java:56)
	at org.springframework.web.socket.handler.ExceptionWebSocketHandlerDecorator.handleMessage(ExceptionWebSocketHandlerDecorator.java:58)
	at org.springframework.web.socket.adapter.standard.StandardWebSocketHandlerAdapter.handleTextMessage(StandardWebSocketHandlerAdapter.java:113)
	at org.springframework.web.socket.adapter.standard.StandardWebSocketHandlerAdapter$3.onMessage(StandardWebSocketHandlerAdapter.java:84)
	at org.springframework.web.socket.adapter.standard.StandardWebSocketHandlerAdapter$3.onMessage(StandardWebSocketHandlerAdapter.java:81)
	at org.apache.tomcat.websocket.WsFrameBase.sendMessageText(WsFrameBase.java:390)
	at org.apache.tomcat.websocket.server.WsFrameServer.sendMessageText(WsFrameServer.java:130)
	at org.apache.tomcat.websocket.WsFrameBase.processDataText(WsFrameBase.java:484)
	at org.apache.tomcat.websocket.WsFrameBase.processData(WsFrameBase.java:284)
	at org.apache.tomcat.websocket.WsFrameBase.processInputBuffer(WsFrameBase.java:130)
	at org.apache.tomcat.websocket.server.WsFrameServer.onDataAvailable(WsFrameServer.java:85)
	at org.apache.tomcat.websocket.server.WsFrameServer.doOnDataAvailable(WsFrameServer.java:184)
	at org.apache.tomcat.websocket.server.WsFrameServer.notifyDataAvailable(WsFrameServer.java:164)
	at org.apache.tomcat.websocket.server.WsHttpUpgradeHandler.upgradeDispatch(WsHttpUpgradeHandler.java:152)
	at org.apache.coyote.http11.upgrade.UpgradeProcessorInternal.dispatch(UpgradeProcessorInternal.java:60)
	at org.apache.coyote.AbstractProcessorLight.process(AbstractProcessorLight.java:57)
	at org.apache.coyote.AbstractProtocol$ConnectionHandler.process(AbstractProtocol.java:896)
	at org.apache.tomcat.util.net.NioEndpoint$SocketProcessor.doRun(NioEndpoint.java:1736)
	at org.apache.tomcat.util.net.SocketProcessorBase.run(SocketProcessorBase.java:52)
	at org.apache.tomcat.util.threads.ThreadPoolExecutor.runWorker(ThreadPoolExecutor.java:1191)
	at org.apache.tomcat.util.threads.ThreadPoolExecutor$Worker.run(ThreadPoolExecutor.java:659)
	at org.apache.tomcat.util.threads.TaskThread$WrappingRunnable.run(TaskThread.java:63)
	at java.base/java.lang.Thread.run(Thread.java:1575)
Caused by: java.io.IOException: Broken pipe
	at java.base/sun.nio.ch.SocketDispatcher.writev0(Native Method)
	at java.base/sun.nio.ch.SocketDispatcher.writev(SocketDispatcher.java:66)
	at java.base/sun.nio.ch.IOUtil.write(IOUtil.java:227)
	at java.base/sun.nio.ch.IOUtil.write(IOUtil.java:158)
	at java.base/sun.nio.ch.SocketChannelImpl.implWrite(SocketChannelImpl.java:597)
	at java.base/sun.nio.ch.SocketChannelImpl.write(SocketChannelImpl.java:631)
	at org.apache.tomcat.util.net.NioChannel.write(NioChannel.java:130)
	at org.apache.tomcat.util.net.NioEndpoint$NioSocketWrapper$NioOperationState.run(NioEndpoint.java:1627)
	at org.apache.tomcat.util.net.SocketWrapperBase$OperationState.start(SocketWrapperBase.java:1051)
	at org.apache.tomcat.util.net.SocketWrapperBase.vectoredOperation(SocketWrapperBase.java:1440)
	at org.apache.tomcat.util.net.SocketWrapperBase.write(SocketWrapperBase.java:1366)
	at org.apache.tomcat.util.net.SocketWrapperBase.write(SocketWrapperBase.java:1337)
	at org.apache.tomcat.websocket.server.WsRemoteEndpointImplServer.doWrite(WsRemoteEndpointImplServer.java:171)
	at org.apache.tomcat.websocket.WsRemoteEndpointImplBase.writeMessagePart(WsRemoteEndpointImplBase.java:516)
	at org.apache.tomcat.websocket.WsRemoteEndpointImplBase.sendMessageBlock(WsRemoteEndpointImplBase.java:308)
	... 32 more
Error processing message from room 10: java.io.IOException: Broken pipe
java.io.IOException: java.io.IOException: Broken pipe
	at org.apache.tomcat.websocket.WsRemoteEndpointImplBase.sendMessageBlock(WsRemoteEndpointImplBase.java:321)
	at org.apache.tomcat.websocket.WsRemoteEndpointImplBase.sendMessageBlock(WsRemoteEndpointImplBase.java:250)
	at org.apache.tomcat.websocket.WsRemoteEndpointImplBase.sendPartialString(WsRemoteEndpointImplBase.java:223)
	at org.apache.tomcat.websocket.WsRemoteEndpointBasic.sendText(WsRemoteEndpointBasic.java:48)
	at org.springframework.web.socket.adapter.standard.StandardWebSocketSession.sendTextMessage(StandardWebSocketSession.java:217)
	at org.springframework.web.socket.adapter.AbstractWebSocketSession.sendMessage(AbstractWebSocketSession.java:108)
	at edu.northeastern.cs6650.server.ChatWebSocketHandler.sendAck(ChatWebSocketHandler.java:121)
	at edu.northeastern.cs6650.server.ChatWebSocketHandler.handleTextMessage(ChatWebSocketHandler.java:72)
	at org.springframework.web.socket.handler.AbstractWebSocketHandler.handleMessage(AbstractWebSocketHandler.java:43)
	at org.springframework.web.socket.handler.WebSocketHandlerDecorator.handleMessage(WebSocketHandlerDecorator.java:75)
	at org.springframework.web.socket.handler.LoggingWebSocketHandlerDecorator.handleMessage(LoggingWebSocketHandlerDecorator.java:56)
	at org.springframework.web.socket.handler.ExceptionWebSocketHandlerDecorator.handleMessage(ExceptionWebSocketHandlerDecorator.java:58)
	at org.springframework.web.socket.adapter.standard.StandardWebSocketHandlerAdapter.handleTextMessage(StandardWebSocketHandlerAdapter.java:113)
	at org.springframework.web.socket.adapter.standard.StandardWebSocketHandlerAdapter$3.onMessage(StandardWebSocketHandlerAdapter.java:84)
	at org.springframework.web.socket.adapter.standard.StandardWebSocketHandlerAdapter$3.onMessage(StandardWebSocketHandlerAdapter.java:81)
	at org.apache.tomcat.websocket.WsFrameBase.sendMessageText(WsFrameBase.java:390)
	at org.apache.tomcat.websocket.server.WsFrameServer.sendMessageText(WsFrameServer.java:130)
	at org.apache.tomcat.websocket.WsFrameBase.processDataText(WsFrameBase.java:484)
	at org.apache.tomcat.websocket.WsFrameBase.processData(WsFrameBase.java:284)
	at org.apache.tomcat.websocket.WsFrameBase.processInputBuffer(WsFrameBase.java:130)
	at org.apache.tomcat.websocket.server.WsFrameServer.onDataAvailable(WsFrameServer.java:85)
	at org.apache.tomcat.websocket.server.WsFrameServer.doOnDataAvailable(WsFrameServer.java:184)
	at org.apache.tomcat.websocket.server.WsFrameServer.notifyDataAvailable(WsFrameServer.java:164)
	at org.apache.tomcat.websocket.server.WsHttpUpgradeHandler.upgradeDispatch(WsHttpUpgradeHandler.java:152)
	at org.apache.coyote.http11.upgrade.UpgradeProcessorInternal.dispatch(UpgradeProcessorInternal.java:60)
	at org.apache.coyote.AbstractProcessorLight.process(AbstractProcessorLight.java:57)
	at org.apache.coyote.AbstractProtocol$ConnectionHandler.process(AbstractProtocol.java:896)
	at org.apache.tomcat.util.net.NioEndpoint$SocketProcessor.doRun(NioEndpoint.java:1736)
	at org.apache.tomcat.util.net.SocketProcessorBase.run(SocketProcessorBase.java:52)
	at org.apache.tomcat.util.threads.ThreadPoolExecutor.runWorker(ThreadPoolExecutor.java:1191)
	at org.apache.tomcat.util.threads.ThreadPoolExecutor$Worker.run(ThreadPoolExecutor.java:659)
	at org.apache.tomcat.util.threads.TaskThread$WrappingRunnable.run(TaskThread.java:63)
	at java.base/java.lang.Thread.run(Thread.java:1575)
Caused by: java.io.IOException: Broken pipe
	at java.base/sun.nio.ch.SocketDispatcher.writev0(Native Method)
	at java.base/sun.nio.ch.SocketDispatcher.writev(SocketDispatcher.java:66)
	at java.base/sun.nio.ch.IOUtil.write(IOUtil.java:227)
	at java.base/sun.nio.ch.IOUtil.write(IOUtil.java:158)
	at java.base/sun.nio.ch.SocketChannelImpl.implWrite(SocketChannelImpl.java:597)
	at java.base/sun.nio.ch.SocketChannelImpl.write(SocketChannelImpl.java:631)
	at org.apache.tomcat.util.net.NioChannel.write(NioChannel.java:130)
	at org.apache.tomcat.util.net.NioEndpoint$NioSocketWrapper$NioOperationState.run(NioEndpoint.java:1627)
	at org.apache.tomcat.util.net.SocketWrapperBase$OperationState.start(SocketWrapperBase.java:1051)
	at org.apache.tomcat.util.net.SocketWrapperBase.vectoredOperation(SocketWrapperBase.java:1440)
	at org.apache.tomcat.util.net.SocketWrapperBase.write(SocketWrapperBase.java:1366)
	at org.apache.tomcat.util.net.SocketWrapperBase.write(SocketWrapperBase.java:1337)
	at org.apache.tomcat.websocket.server.WsRemoteEndpointImplServer.doWrite(WsRemoteEndpointImplServer.java:171)
	at org.apache.tomcat.websocket.WsRemoteEndpointImplBase.writeMessagePart(WsRemoteEndpointImplBase.java:516)
	at org.apache.tomcat.websocket.WsRemoteEndpointImplBase.sendMessageBlock(WsRemoteEndpointImplBase.java:308)
	... 32 more
Error processing message from room 7: java.io.IOException: Broken pipe
java.io.IOException: java.io.IOException: Broken pipe
	at org.apache.tomcat.websocket.WsRemoteEndpointImplBase.sendMessageBlock(WsRemoteEndpointImplBase.java:321)
	at org.apache.tomcat.websocket.WsRemoteEndpointImplBase.sendMessageBlock(WsRemoteEndpointImplBase.java:250)
	at org.apache.tomcat.websocket.WsRemoteEndpointImplBase.sendPartialString(WsRemoteEndpointImplBase.java:223)
	at org.apache.tomcat.websocket.WsRemoteEndpointBasic.sendText(WsRemoteEndpointBasic.java:48)
	at org.springframework.web.socket.adapter.standard.StandardWebSocketSession.sendTextMessage(StandardWebSocketSession.java:217)
	at org.springframework.web.socket.adapter.AbstractWebSocketSession.sendMessage(AbstractWebSocketSession.java:108)
	at edu.northeastern.cs6650.server.ChatWebSocketHandler.sendAck(ChatWebSocketHandler.java:121)
	at edu.northeastern.cs6650.server.ChatWebSocketHandler.handleTextMessage(ChatWebSocketHandler.java:72)
	at org.springframework.web.socket.handler.AbstractWebSocketHandler.handleMessage(AbstractWebSocketHandler.java:43)
	at org.springframework.web.socket.handler.WebSocketHandlerDecorator.handleMessage(WebSocketHandlerDecorator.java:75)
	at org.springframework.web.socket.handler.LoggingWebSocketHandlerDecorator.handleMessage(LoggingWebSocketHandlerDecorator.java:56)
	at org.springframework.web.socket.handler.ExceptionWebSocketHandlerDecorator.handleMessage(ExceptionWebSocketHandlerDecorator.java:58)
	at org.springframework.web.socket.adapter.standard.StandardWebSocketHandlerAdapter.handleTextMessage(StandardWebSocketHandlerAdapter.java:113)
	at org.springframework.web.socket.adapter.standard.StandardWebSocketHandlerAdapter$3.onMessage(StandardWebSocketHandlerAdapter.java:84)
	at org.springframework.web.socket.adapter.standard.StandardWebSocketHandlerAdapter$3.onMessage(StandardWebSocketHandlerAdapter.java:81)
	at org.apache.tomcat.websocket.WsFrameBase.sendMessageText(WsFrameBase.java:390)
	at org.apache.tomcat.websocket.server.WsFrameServer.sendMessageText(WsFrameServer.java:130)
	at org.apache.tomcat.websocket.WsFrameBase.processDataText(WsFrameBase.java:484)
	at org.apache.tomcat.websocket.WsFrameBase.processData(WsFrameBase.java:284)
	at org.apache.tomcat.websocket.WsFrameBase.processInputBuffer(WsFrameBase.java:130)
	at org.apache.tomcat.websocket.server.WsFrameServer.onDataAvailable(WsFrameServer.java:85)
	at org.apache.tomcat.websocket.server.WsFrameServer.doOnDataAvailable(WsFrameServer.java:184)
	at org.apache.tomcat.websocket.server.WsFrameServer.notifyDataAvailable(WsFrameServer.java:164)
	at org.apache.tomcat.websocket.server.WsHttpUpgradeHandler.upgradeDispatch(WsHttpUpgradeHandler.java:152)
	at org.apache.coyote.http11.upgrade.UpgradeProcessorInternal.dispatch(UpgradeProcessorInternal.java:60)
	at org.apache.coyote.AbstractProcessorLight.process(AbstractProcessorLight.java:57)
	at org.apache.coyote.AbstractProtocol$ConnectionHandler.process(AbstractProtocol.java:896)
	at org.apache.tomcat.util.net.NioEndpoint$SocketProcessor.doRun(NioEndpoint.java:1736)
	at org.apache.tomcat.util.net.SocketProcessorBase.run(SocketProcessorBase.java:52)
	at org.apache.tomcat.util.threads.ThreadPoolExecutor.runWorker(ThreadPoolExecutor.java:1191)
	at org.apache.tomcat.util.threads.ThreadPoolExecutor$Worker.run(ThreadPoolExecutor.java:659)
	at org.apache.tomcat.util.threads.TaskThread$WrappingRunnable.run(TaskThread.java:63)
	at java.base/java.lang.Thread.run(Thread.java:1575)
Caused by: java.io.IOException: Broken pipe
	at java.base/sun.nio.ch.SocketDispatcher.writev0(Native Method)
	at java.base/sun.nio.ch.SocketDispatcher.writev(SocketDispatcher.java:66)
	at java.base/sun.nio.ch.IOUtil.write(IOUtil.java:227)
	at java.base/sun.nio.ch.IOUtil.write(IOUtil.java:158)
	at java.base/sun.nio.ch.SocketChannelImpl.implWrite(SocketChannelImpl.java:597)
	at java.base/sun.nio.ch.SocketChannelImpl.write(SocketChannelImpl.java:631)
	at org.apache.tomcat.util.net.NioChannel.write(NioChannel.java:130)
	at org.apache.tomcat.util.net.NioEndpoint$NioSocketWrapper$NioOperationState.run(NioEndpoint.java:1627)
	at org.apache.tomcat.util.net.SocketWrapperBase$OperationState.start(SocketWrapperBase.java:1051)
	at org.apache.tomcat.util.net.SocketWrapperBase.vectoredOperation(SocketWrapperBase.java:1440)
	at org.apache.tomcat.util.net.SocketWrapperBase.write(SocketWrapperBase.java:1366)
	at org.apache.tomcat.util.net.SocketWrapperBase.write(SocketWrapperBase.java:1337)
	at org.apache.tomcat.websocket.server.WsRemoteEndpointImplServer.doWrite(WsRemoteEndpointImplServer.java:171)
	at org.apache.tomcat.websocket.WsRemoteEndpointImplBase.writeMessagePart(WsRemoteEndpointImplBase.java:516)
	at org.apache.tomcat.websocket.WsRemoteEndpointImplBase.sendMessageBlock(WsRemoteEndpointImplBase.java:308)
	... 32 more
Error processing message from room 12: java.io.IOException: Broken pipe
java.io.IOException: java.io.IOException: Broken pipe
	at org.apache.tomcat.websocket.WsRemoteEndpointImplBase.sendMessageBlock(WsRemoteEndpointImplBase.java:321)
	at org.apache.tomcat.websocket.WsRemoteEndpointImplBase.sendMessageBlock(WsRemoteEndpointImplBase.java:250)
	at org.apache.tomcat.websocket.WsRemoteEndpointImplBase.sendPartialString(WsRemoteEndpointImplBase.java:223)
	at org.apache.tomcat.websocket.WsRemoteEndpointBasic.sendText(WsRemoteEndpointBasic.java:48)
	at org.springframework.web.socket.adapter.standard.StandardWebSocketSession.sendTextMessage(StandardWebSocketSession.java:217)
	at org.springframework.web.socket.adapter.AbstractWebSocketSession.sendMessage(AbstractWebSocketSession.java:108)
	at edu.northeastern.cs6650.server.ChatWebSocketHandler.sendAck(ChatWebSocketHandler.java:121)
	at edu.northeastern.cs6650.server.ChatWebSocketHandler.handleTextMessage(ChatWebSocketHandler.java:72)
	at org.springframework.web.socket.handler.AbstractWebSocketHandler.handleMessage(AbstractWebSocketHandler.java:43)
	at org.springframework.web.socket.handler.WebSocketHandlerDecorator.handleMessage(WebSocketHandlerDecorator.java:75)
	at org.springframework.web.socket.handler.LoggingWebSocketHandlerDecorator.handleMessage(LoggingWebSocketHandlerDecorator.java:56)
	at org.springframework.web.socket.handler.ExceptionWebSocketHandlerDecorator.handleMessage(ExceptionWebSocketHandlerDecorator.java:58)
	at org.springframework.web.socket.adapter.standard.StandardWebSocketHandlerAdapter.handleTextMessage(StandardWebSocketHandlerAdapter.java:113)
	at org.springframework.web.socket.adapter.standard.StandardWebSocketHandlerAdapter$3.onMessage(StandardWebSocketHandlerAdapter.java:84)
	at org.springframework.web.socket.adapter.standard.StandardWebSocketHandlerAdapter$3.onMessage(StandardWebSocketHandlerAdapter.java:81)
	at org.apache.tomcat.websocket.WsFrameBase.sendMessageText(WsFrameBase.java:390)
	at org.apache.tomcat.websocket.server.WsFrameServer.sendMessageText(WsFrameServer.java:130)
	at org.apache.tomcat.websocket.WsFrameBase.processDataText(WsFrameBase.java:484)
	at org.apache.tomcat.websocket.WsFrameBase.processData(WsFrameBase.java:284)
	at org.apache.tomcat.websocket.WsFrameBase.processInputBuffer(WsFrameBase.java:130)
	at org.apache.tomcat.websocket.server.WsFrameServer.onDataAvailable(WsFrameServer.java:85)
	at org.apache.tomcat.websocket.server.WsFrameServer.doOnDataAvailable(WsFrameServer.java:184)
	at org.apache.tomcat.websocket.server.WsFrameServer.notifyDataAvailable(WsFrameServer.java:164)
	at org.apache.tomcat.websocket.server.WsHttpUpgradeHandler.upgradeDispatch(WsHttpUpgradeHandler.java:152)
	at org.apache.coyote.http11.upgrade.UpgradeProcessorInternal.dispatch(UpgradeProcessorInternal.java:60)
	at org.apache.coyote.AbstractProcessorLight.process(AbstractProcessorLight.java:57)
	at org.apache.coyote.AbstractProtocol$ConnectionHandler.process(AbstractProtocol.java:896)
	at org.apache.tomcat.util.net.NioEndpoint$SocketProcessor.doRun(NioEndpoint.java:1736)
	at org.apache.tomcat.util.net.SocketProcessorBase.run(SocketProcessorBase.java:52)
	at org.apache.tomcat.util.threads.ThreadPoolExecutor.runWorker(ThreadPoolExecutor.java:1191)
	at org.apache.tomcat.util.threads.ThreadPoolExecutor$Worker.run(ThreadPoolExecutor.java:659)
	at org.apache.tomcat.util.threads.TaskThread$WrappingRunnable.run(TaskThread.java:63)
	at java.base/java.lang.Thread.run(Thread.java:1575)
Caused by: java.io.IOException: Broken pipe
	at java.base/sun.nio.ch.SocketDispatcher.writev0(Native Method)
	at java.base/sun.nio.ch.SocketDispatcher.writev(SocketDispatcher.java:66)
	at java.base/sun.nio.ch.IOUtil.write(IOUtil.java:227)
	at java.base/sun.nio.ch.IOUtil.write(IOUtil.java:158)
	at java.base/sun.nio.ch.SocketChannelImpl.implWrite(SocketChannelImpl.java:597)
	at java.base/sun.nio.ch.SocketChannelImpl.write(SocketChannelImpl.java:631)
	at org.apache.tomcat.util.net.NioChannel.write(NioChannel.java:130)
	at org.apache.tomcat.util.net.NioEndpoint$NioSocketWrapper$NioOperationState.run(NioEndpoint.java:1627)
	at org.apache.tomcat.util.net.SocketWrapperBase$OperationState.start(SocketWrapperBase.java:1051)
	at org.apache.tomcat.util.net.SocketWrapperBase.vectoredOperation(SocketWrapperBase.java:1440)
	at org.apache.tomcat.util.net.SocketWrapperBase.write(SocketWrapperBase.java:1366)
	at org.apache.tomcat.util.net.SocketWrapperBase.write(SocketWrapperBase.java:1337)
	at org.apache.tomcat.websocket.server.WsRemoteEndpointImplServer.doWrite(WsRemoteEndpointImplServer.java:171)
	at org.apache.tomcat.websocket.WsRemoteEndpointImplBase.writeMessagePart(WsRemoteEndpointImplBase.java:516)
	at org.apache.tomcat.websocket.WsRemoteEndpointImplBase.sendMessageBlock(WsRemoteEndpointImplBase.java:308)
	... 32 more
Error processing message from room 19: java.io.IOException: Broken pipe
java.io.IOException: java.io.IOException: Broken pipe
	at org.apache.tomcat.websocket.WsRemoteEndpointImplBase.sendMessageBlock(WsRemoteEndpointImplBase.java:321)
	at org.apache.tomcat.websocket.WsRemoteEndpointImplBase.sendMessageBlock(WsRemoteEndpointImplBase.java:250)
	at org.apache.tomcat.websocket.WsRemoteEndpointImplBase.sendPartialString(WsRemoteEndpointImplBase.java:223)
	at org.apache.tomcat.websocket.WsRemoteEndpointBasic.sendText(WsRemoteEndpointBasic.java:48)
	at org.springframework.web.socket.adapter.standard.StandardWebSocketSession.sendTextMessage(StandardWebSocketSession.java:217)
	at org.springframework.web.socket.adapter.AbstractWebSocketSession.sendMessage(AbstractWebSocketSession.java:108)
	at edu.northeastern.cs6650.server.ChatWebSocketHandler.sendAck(ChatWebSocketHandler.java:121)
	at edu.northeastern.cs6650.server.ChatWebSocketHandler.handleTextMessage(ChatWebSocketHandler.java:72)
	at org.springframework.web.socket.handler.AbstractWebSocketHandler.handleMessage(AbstractWebSocketHandler.java:43)
	at org.springframework.web.socket.handler.WebSocketHandlerDecorator.handleMessage(WebSocketHandlerDecorator.java:75)
	at org.springframework.web.socket.handler.LoggingWebSocketHandlerDecorator.handleMessage(LoggingWebSocketHandlerDecorator.java:56)
	at org.springframework.web.socket.handler.ExceptionWebSocketHandlerDecorator.handleMessage(ExceptionWebSocketHandlerDecorator.java:58)
	at org.springframework.web.socket.adapter.standard.StandardWebSocketHandlerAdapter.handleTextMessage(StandardWebSocketHandlerAdapter.java:113)
	at org.springframework.web.socket.adapter.standard.StandardWebSocketHandlerAdapter$3.onMessage(StandardWebSocketHandlerAdapter.java:84)
	at org.springframework.web.socket.adapter.standard.StandardWebSocketHandlerAdapter$3.onMessage(StandardWebSocketHandlerAdapter.java:81)
	at org.apache.tomcat.websocket.WsFrameBase.sendMessageText(WsFrameBase.java:390)
	at org.apache.tomcat.websocket.server.WsFrameServer.sendMessageText(WsFrameServer.java:130)
	at org.apache.tomcat.websocket.WsFrameBase.processDataText(WsFrameBase.java:484)
	at org.apache.tomcat.websocket.WsFrameBase.processData(WsFrameBase.java:284)
	at org.apache.tomcat.websocket.WsFrameBase.processInputBuffer(WsFrameBase.java:130)
	at org.apache.tomcat.websocket.server.WsFrameServer.onDataAvailable(WsFrameServer.java:85)
	at org.apache.tomcat.websocket.server.WsFrameServer.doOnDataAvailable(WsFrameServer.java:184)
	at org.apache.tomcat.websocket.server.WsFrameServer.notifyDataAvailable(WsFrameServer.java:164)
	at org.apache.tomcat.websocket.server.WsHttpUpgradeHandler.upgradeDispatch(WsHttpUpgradeHandler.java:152)
	at org.apache.coyote.http11.upgrade.UpgradeProcessorInternal.dispatch(UpgradeProcessorInternal.java:60)
	at org.apache.coyote.AbstractProcessorLight.process(AbstractProcessorLight.java:57)
	at org.apache.coyote.AbstractProtocol$ConnectionHandler.process(AbstractProtocol.java:896)
	at org.apache.tomcat.util.net.NioEndpoint$SocketProcessor.doRun(NioEndpoint.java:1736)
	at org.apache.tomcat.util.net.SocketProcessorBase.run(SocketProcessorBase.java:52)
	at org.apache.tomcat.util.threads.ThreadPoolExecutor.runWorker(ThreadPoolExecutor.java:1191)
	at org.apache.tomcat.util.threads.ThreadPoolExecutor$Worker.run(ThreadPoolExecutor.java:659)
	at org.apache.tomcat.util.threads.TaskThread$WrappingRunnable.run(TaskThread.java:63)
	at java.base/java.lang.Thread.run(Thread.java:1575)
Caused by: java.io.IOException: Broken pipe
	at java.base/sun.nio.ch.SocketDispatcher.writev0(Native Method)
	at java.base/sun.nio.ch.SocketDispatcher.writev(SocketDispatcher.java:66)
	at java.base/sun.nio.ch.IOUtil.write(IOUtil.java:227)
	at java.base/sun.nio.ch.IOUtil.write(IOUtil.java:158)
	at java.base/sun.nio.ch.SocketChannelImpl.implWrite(SocketChannelImpl.java:597)
	at java.base/sun.nio.ch.SocketChannelImpl.write(SocketChannelImpl.java:631)
	at org.apache.tomcat.util.net.NioChannel.write(NioChannel.java:130)
	at org.apache.tomcat.util.net.NioEndpoint$NioSocketWrapper$NioOperationState.run(NioEndpoint.java:1627)
	at org.apache.tomcat.util.net.SocketWrapperBase$OperationState.start(SocketWrapperBase.java:1051)
	at org.apache.tomcat.util.net.SocketWrapperBase.vectoredOperation(SocketWrapperBase.java:1440)
	at org.apache.tomcat.util.net.SocketWrapperBase.write(SocketWrapperBase.java:1366)
	at org.apache.tomcat.util.net.SocketWrapperBase.write(SocketWrapperBase.java:1337)
	at org.apache.tomcat.websocket.server.WsRemoteEndpointImplServer.doWrite(WsRemoteEndpointImplServer.java:171)
	at org.apache.tomcat.websocket.WsRemoteEndpointImplBase.writeMessagePart(WsRemoteEndpointImplBase.java:516)
	at org.apache.tomcat.websocket.WsRemoteEndpointImplBase.sendMessageBlock(WsRemoteEndpointImplBase.java:308)
	... 32 more
Error processing message from room 8: java.io.IOException: Broken pipe
java.io.IOException: java.io.IOException: Broken pipe
	at org.apache.tomcat.websocket.WsRemoteEndpointImplBase.sendMessageBlock(WsRemoteEndpointImplBase.java:321)
	at org.apache.tomcat.websocket.WsRemoteEndpointImplBase.sendMessageBlock(WsRemoteEndpointImplBase.java:250)
	at org.apache.tomcat.websocket.WsRemoteEndpointImplBase.sendPartialString(WsRemoteEndpointImplBase.java:223)
	at org.apache.tomcat.websocket.WsRemoteEndpointBasic.sendText(WsRemoteEndpointBasic.java:48)
	at org.springframework.web.socket.adapter.standard.StandardWebSocketSession.sendTextMessage(StandardWebSocketSession.java:217)
	at org.springframework.web.socket.adapter.AbstractWebSocketSession.sendMessage(AbstractWebSocketSession.java:108)
	at edu.northeastern.cs6650.server.ChatWebSocketHandler.sendAck(ChatWebSocketHandler.java:121)
	at edu.northeastern.cs6650.server.ChatWebSocketHandler.handleTextMessage(ChatWebSocketHandler.java:72)
	at org.springframework.web.socket.handler.AbstractWebSocketHandler.handleMessage(AbstractWebSocketHandler.java:43)
	at org.springframework.web.socket.handler.WebSocketHandlerDecorator.handleMessage(WebSocketHandlerDecorator.java:75)
	at org.springframework.web.socket.handler.LoggingWebSocketHandlerDecorator.handleMessage(LoggingWebSocketHandlerDecorator.java:56)
	at org.springframework.web.socket.handler.ExceptionWebSocketHandlerDecorator.handleMessage(ExceptionWebSocketHandlerDecorator.java:58)
	at org.springframework.web.socket.adapter.standard.StandardWebSocketHandlerAdapter.handleTextMessage(StandardWebSocketHandlerAdapter.java:113)
	at org.springframework.web.socket.adapter.standard.StandardWebSocketHandlerAdapter$3.onMessage(StandardWebSocketHandlerAdapter.java:84)
	at org.springframework.web.socket.adapter.standard.StandardWebSocketHandlerAdapter$3.onMessage(StandardWebSocketHandlerAdapter.java:81)
	at org.apache.tomcat.websocket.WsFrameBase.sendMessageText(WsFrameBase.java:390)
	at org.apache.tomcat.websocket.server.WsFrameServer.sendMessageText(WsFrameServer.java:130)
	at org.apache.tomcat.websocket.WsFrameBase.processDataText(WsFrameBase.java:484)
	at org.apache.tomcat.websocket.WsFrameBase.processData(WsFrameBase.java:284)
	at org.apache.tomcat.websocket.WsFrameBase.processInputBuffer(WsFrameBase.java:130)
	at org.apache.tomcat.websocket.server.WsFrameServer.onDataAvailable(WsFrameServer.java:85)
	at org.apache.tomcat.websocket.server.WsFrameServer.doOnDataAvailable(WsFrameServer.java:184)
	at org.apache.tomcat.websocket.server.WsFrameServer.notifyDataAvailable(WsFrameServer.java:164)
	at org.apache.tomcat.websocket.server.WsHttpUpgradeHandler.upgradeDispatch(WsHttpUpgradeHandler.java:152)
	at org.apache.coyote.http11.upgrade.UpgradeProcessorInternal.dispatch(UpgradeProcessorInternal.java:60)
	at org.apache.coyote.AbstractProcessorLight.process(AbstractProcessorLight.java:57)
	at org.apache.coyote.AbstractProtocol$ConnectionHandler.process(AbstractProtocol.java:896)
	at org.apache.tomcat.util.net.NioEndpoint$SocketProcessor.doRun(NioEndpoint.java:1736)
	at org.apache.tomcat.util.net.SocketProcessorBase.run(SocketProcessorBase.java:52)
	at org.apache.tomcat.util.threads.ThreadPoolExecutor.runWorker(ThreadPoolExecutor.java:1191)
	at org.apache.tomcat.util.threads.ThreadPoolExecutor$Worker.run(ThreadPoolExecutor.java:659)
	at org.apache.tomcat.util.threads.TaskThread$WrappingRunnable.run(TaskThread.java:63)
	at java.base/java.lang.Thread.run(Thread.java:1575)
Caused by: java.io.IOException: Broken pipe
	at java.base/sun.nio.ch.SocketDispatcher.writev0(Native Method)
	at java.base/sun.nio.ch.SocketDispatcher.writev(SocketDispatcher.java:66)
	at java.base/sun.nio.ch.IOUtil.write(IOUtil.java:227)
	at java.base/sun.nio.ch.IOUtil.write(IOUtil.java:158)
	at java.base/sun.nio.ch.SocketChannelImpl.implWrite(SocketChannelImpl.java:597)
	at java.base/sun.nio.ch.SocketChannelImpl.write(SocketChannelImpl.java:631)
	at org.apache.tomcat.util.net.NioChannel.write(NioChannel.java:130)
	at org.apache.tomcat.util.net.NioEndpoint$NioSocketWrapper$NioOperationState.run(NioEndpoint.java:1627)
	at org.apache.tomcat.util.net.SocketWrapperBase$OperationState.start(SocketWrapperBase.java:1051)
	at org.apache.tomcat.util.net.SocketWrapperBase.vectoredOperation(SocketWrapperBase.java:1440)
	at org.apache.tomcat.util.net.SocketWrapperBase.write(SocketWrapperBase.java:1366)
	at org.apache.tomcat.util.net.SocketWrapperBase.write(SocketWrapperBase.java:1337)
	at org.apache.tomcat.websocket.server.WsRemoteEndpointImplServer.doWrite(WsRemoteEndpointImplServer.java:171)
	at org.apache.tomcat.websocket.WsRemoteEndpointImplBase.writeMessagePart(WsRemoteEndpointImplBase.java:516)
	at org.apache.tomcat.websocket.WsRemoteEndpointImplBase.sendMessageBlock(WsRemoteEndpointImplBase.java:308)
	... 32 more
Error processing message from room 4: java.io.IOException: Broken pipe
java.io.IOException: java.io.IOException: Broken pipe
	at org.apache.tomcat.websocket.WsRemoteEndpointImplBase.sendMessageBlock(WsRemoteEndpointImplBase.java:321)
	at org.apache.tomcat.websocket.WsRemoteEndpointImplBase.sendMessageBlock(WsRemoteEndpointImplBase.java:250)
	at org.apache.tomcat.websocket.WsRemoteEndpointImplBase.sendPartialString(WsRemoteEndpointImplBase.java:223)
	at org.apache.tomcat.websocket.WsRemoteEndpointBasic.sendText(WsRemoteEndpointBasic.java:48)
	at org.springframework.web.socket.adapter.standard.StandardWebSocketSession.sendTextMessage(StandardWebSocketSession.java:217)
	at org.springframework.web.socket.adapter.AbstractWebSocketSession.sendMessage(AbstractWebSocketSession.java:108)
	at edu.northeastern.cs6650.server.ChatWebSocketHandler.sendAck(ChatWebSocketHandler.java:121)
	at edu.northeastern.cs6650.server.ChatWebSocketHandler.handleTextMessage(ChatWebSocketHandler.java:72)
	at org.springframework.web.socket.handler.AbstractWebSocketHandler.handleMessage(AbstractWebSocketHandler.java:43)
	at org.springframework.web.socket.handler.WebSocketHandlerDecorator.handleMessage(WebSocketHandlerDecorator.java:75)
	at org.springframework.web.socket.handler.LoggingWebSocketHandlerDecorator.handleMessage(LoggingWebSocketHandlerDecorator.java:56)
	at org.springframework.web.socket.handler.ExceptionWebSocketHandlerDecorator.handleMessage(ExceptionWebSocketHandlerDecorator.java:58)
	at org.springframework.web.socket.adapter.standard.StandardWebSocketHandlerAdapter.handleTextMessage(StandardWebSocketHandlerAdapter.java:113)
	at org.springframework.web.socket.adapter.standard.StandardWebSocketHandlerAdapter$3.onMessage(StandardWebSocketHandlerAdapter.java:84)
	at org.springframework.web.socket.adapter.standard.StandardWebSocketHandlerAdapter$3.onMessage(StandardWebSocketHandlerAdapter.java:81)
	at org.apache.tomcat.websocket.WsFrameBase.sendMessageText(WsFrameBase.java:390)
	at org.apache.tomcat.websocket.server.WsFrameServer.sendMessageText(WsFrameServer.java:130)
	at org.apache.tomcat.websocket.WsFrameBase.processDataText(WsFrameBase.java:484)
	at org.apache.tomcat.websocket.WsFrameBase.processData(WsFrameBase.java:284)
	at org.apache.tomcat.websocket.WsFrameBase.processInputBuffer(WsFrameBase.java:130)
	at org.apache.tomcat.websocket.server.WsFrameServer.onDataAvailable(WsFrameServer.java:85)
	at org.apache.tomcat.websocket.server.WsFrameServer.doOnDataAvailable(WsFrameServer.java:184)
	at org.apache.tomcat.websocket.server.WsFrameServer.notifyDataAvailable(WsFrameServer.java:164)
	at org.apache.tomcat.websocket.server.WsHttpUpgradeHandler.upgradeDispatch(WsHttpUpgradeHandler.java:152)
	at org.apache.coyote.http11.upgrade.UpgradeProcessorInternal.dispatch(UpgradeProcessorInternal.java:60)
	at org.apache.coyote.AbstractProcessorLight.process(AbstractProcessorLight.java:57)
	at org.apache.coyote.AbstractProtocol$ConnectionHandler.process(AbstractProtocol.java:896)
	at org.apache.tomcat.util.net.NioEndpoint$SocketProcessor.doRun(NioEndpoint.java:1736)
	at org.apache.tomcat.util.net.SocketProcessorBase.run(SocketProcessorBase.java:52)
	at org.apache.tomcat.util.threads.ThreadPoolExecutor.runWorker(ThreadPoolExecutor.java:1191)
	at org.apache.tomcat.util.threads.ThreadPoolExecutor$Worker.run(ThreadPoolExecutor.java:659)
	at org.apache.tomcat.util.threads.TaskThread$WrappingRunnable.run(TaskThread.java:63)
	at java.base/java.lang.Thread.run(Thread.java:1575)
Caused by: java.io.IOException: Broken pipe
	at java.base/sun.nio.ch.SocketDispatcher.writev0(Native Method)
	at java.base/sun.nio.ch.SocketDispatcher.writev(SocketDispatcher.java:66)
	at java.base/sun.nio.ch.IOUtil.write(IOUtil.java:227)
	at java.base/sun.nio.ch.IOUtil.write(IOUtil.java:158)
	at java.base/sun.nio.ch.SocketChannelImpl.implWrite(SocketChannelImpl.java:597)
	at java.base/sun.nio.ch.SocketChannelImpl.write(SocketChannelImpl.java:631)
	at org.apache.tomcat.util.net.NioChannel.write(NioChannel.java:130)
	at org.apache.tomcat.util.net.NioEndpoint$NioSocketWrapper$NioOperationState.run(NioEndpoint.java:1627)
	at org.apache.tomcat.util.net.SocketWrapperBase$OperationState.start(SocketWrapperBase.java:1051)
	at org.apache.tomcat.util.net.SocketWrapperBase.vectoredOperation(SocketWrapperBase.java:1440)
	at org.apache.tomcat.util.net.SocketWrapperBase.write(SocketWrapperBase.java:1366)
	at org.apache.tomcat.util.net.SocketWrapperBase.write(SocketWrapperBase.java:1337)
	at org.apache.tomcat.websocket.server.WsRemoteEndpointImplServer.doWrite(WsRemoteEndpointImplServer.java:171)
	at org.apache.tomcat.websocket.WsRemoteEndpointImplBase.writeMessagePart(WsRemoteEndpointImplBase.java:516)
	at org.apache.tomcat.websocket.WsRemoteEndpointImplBase.sendMessageBlock(WsRemoteEndpointImplBase.java:308)
	... 32 more
Error processing message from room 5: java.io.IOException: Broken pipe
java.io.IOException: java.io.IOException: Broken pipe
	at org.apache.tomcat.websocket.WsRemoteEndpointImplBase.sendMessageBlock(WsRemoteEndpointImplBase.java:321)
	at org.apache.tomcat.websocket.WsRemoteEndpointImplBase.sendMessageBlock(WsRemoteEndpointImplBase.java:250)
	at org.apache.tomcat.websocket.WsRemoteEndpointImplBase.sendPartialString(WsRemoteEndpointImplBase.java:223)
	at org.apache.tomcat.websocket.WsRemoteEndpointBasic.sendText(WsRemoteEndpointBasic.java:48)
	at org.springframework.web.socket.adapter.standard.StandardWebSocketSession.sendTextMessage(StandardWebSocketSession.java:217)
	at org.springframework.web.socket.adapter.AbstractWebSocketSession.sendMessage(AbstractWebSocketSession.java:108)
	at edu.northeastern.cs6650.server.ChatWebSocketHandler.sendAck(ChatWebSocketHandler.java:121)
	at edu.northeastern.cs6650.server.ChatWebSocketHandler.handleTextMessage(ChatWebSocketHandler.java:72)
	at org.springframework.web.socket.handler.AbstractWebSocketHandler.handleMessage(AbstractWebSocketHandler.java:43)
	at org.springframework.web.socket.handler.WebSocketHandlerDecorator.handleMessage(WebSocketHandlerDecorator.java:75)
	at org.springframework.web.socket.handler.LoggingWebSocketHandlerDecorator.handleMessage(LoggingWebSocketHandlerDecorator.java:56)
	at org.springframework.web.socket.handler.ExceptionWebSocketHandlerDecorator.handleMessage(ExceptionWebSocketHandlerDecorator.java:58)
	at org.springframework.web.socket.adapter.standard.StandardWebSocketHandlerAdapter.handleTextMessage(StandardWebSocketHandlerAdapter.java:113)
	at org.springframework.web.socket.adapter.standard.StandardWebSocketHandlerAdapter$3.onMessage(StandardWebSocketHandlerAdapter.java:84)
	at org.springframework.web.socket.adapter.standard.StandardWebSocketHandlerAdapter$3.onMessage(StandardWebSocketHandlerAdapter.java:81)
	at org.apache.tomcat.websocket.WsFrameBase.sendMessageText(WsFrameBase.java:390)
	at org.apache.tomcat.websocket.server.WsFrameServer.sendMessageText(WsFrameServer.java:130)
	at org.apache.tomcat.websocket.WsFrameBase.processDataText(WsFrameBase.java:484)
	at org.apache.tomcat.websocket.WsFrameBase.processData(WsFrameBase.java:284)
	at org.apache.tomcat.websocket.WsFrameBase.processInputBuffer(WsFrameBase.java:130)
	at org.apache.tomcat.websocket.server.WsFrameServer.onDataAvailable(WsFrameServer.java:85)
	at org.apache.tomcat.websocket.server.WsFrameServer.doOnDataAvailable(WsFrameServer.java:184)
	at org.apache.tomcat.websocket.server.WsFrameServer.notifyDataAvailable(WsFrameServer.java:164)
	at org.apache.tomcat.websocket.server.WsHttpUpgradeHandler.upgradeDispatch(WsHttpUpgradeHandler.java:152)
	at org.apache.coyote.http11.upgrade.UpgradeProcessorInternal.dispatch(UpgradeProcessorInternal.java:60)
	at org.apache.coyote.AbstractProcessorLight.process(AbstractProcessorLight.java:57)
	at org.apache.coyote.AbstractProtocol$ConnectionHandler.process(AbstractProtocol.java:896)
	at org.apache.tomcat.util.net.NioEndpoint$SocketProcessor.doRun(NioEndpoint.java:1736)
	at org.apache.tomcat.util.net.SocketProcessorBase.run(SocketProcessorBase.java:52)
	at org.apache.tomcat.util.threads.ThreadPoolExecutor.runWorker(ThreadPoolExecutor.java:1191)
	at org.apache.tomcat.util.threads.ThreadPoolExecutor$Worker.run(ThreadPoolExecutor.java:659)
	at org.apache.tomcat.util.threads.TaskThread$WrappingRunnable.run(TaskThread.java:63)
	at java.base/java.lang.Thread.run(Thread.java:1575)
Caused by: java.io.IOException: Broken pipe
	at java.base/sun.nio.ch.SocketDispatcher.writev0(Native Method)
	at java.base/sun.nio.ch.SocketDispatcher.writev(SocketDispatcher.java:66)
	at java.base/sun.nio.ch.IOUtil.write(IOUtil.java:227)
	at java.base/sun.nio.ch.IOUtil.write(IOUtil.java:158)
	at java.base/sun.nio.ch.SocketChannelImpl.implWrite(SocketChannelImpl.java:597)
	at java.base/sun.nio.ch.SocketChannelImpl.write(SocketChannelImpl.java:631)
	at org.apache.tomcat.util.net.NioChannel.write(NioChannel.java:130)
	at org.apache.tomcat.util.net.NioEndpoint$NioSocketWrapper$NioOperationState.run(NioEndpoint.java:1627)
	at org.apache.tomcat.util.net.SocketWrapperBase$OperationState.start(SocketWrapperBase.java:1051)
	at org.apache.tomcat.util.net.SocketWrapperBase.vectoredOperation(SocketWrapperBase.java:1440)
	at org.apache.tomcat.util.net.SocketWrapperBase.write(SocketWrapperBase.java:1366)
	at org.apache.tomcat.util.net.SocketWrapperBase.write(SocketWrapperBase.java:1337)
	at org.apache.tomcat.websocket.server.WsRemoteEndpointImplServer.doWrite(WsRemoteEndpointImplServer.java:171)
	at org.apache.tomcat.websocket.WsRemoteEndpointImplBase.writeMessagePart(WsRemoteEndpointImplBase.java:516)
	at org.apache.tomcat.websocket.WsRemoteEndpointImplBase.sendMessageBlock(WsRemoteEndpointImplBase.java:308)
	... 32 more
Error processing message from room 1: java.io.IOException: Broken pipe
java.io.IOException: java.io.IOException: Broken pipe
	at org.apache.tomcat.websocket.WsRemoteEndpointImplBase.sendMessageBlock(WsRemoteEndpointImplBase.java:321)
	at org.apache.tomcat.websocket.WsRemoteEndpointImplBase.sendMessageBlock(WsRemoteEndpointImplBase.java:250)
	at org.apache.tomcat.websocket.WsRemoteEndpointImplBase.sendPartialString(WsRemoteEndpointImplBase.java:223)
	at org.apache.tomcat.websocket.WsRemoteEndpointBasic.sendText(WsRemoteEndpointBasic.java:48)
	at org.springframework.web.socket.adapter.standard.StandardWebSocketSession.sendTextMessage(StandardWebSocketSession.java:217)
	at org.springframework.web.socket.adapter.AbstractWebSocketSession.sendMessage(AbstractWebSocketSession.java:108)
	at edu.northeastern.cs6650.server.ChatWebSocketHandler.sendAck(ChatWebSocketHandler.java:121)
	at edu.northeastern.cs6650.server.ChatWebSocketHandler.handleTextMessage(ChatWebSocketHandler.java:72)
	at org.springframework.web.socket.handler.AbstractWebSocketHandler.handleMessage(AbstractWebSocketHandler.java:43)
	at org.springframework.web.socket.handler.WebSocketHandlerDecorator.handleMessage(WebSocketHandlerDecorator.java:75)
	at org.springframework.web.socket.handler.LoggingWebSocketHandlerDecorator.handleMessage(LoggingWebSocketHandlerDecorator.java:56)
	at org.springframework.web.socket.handler.ExceptionWebSocketHandlerDecorator.handleMessage(ExceptionWebSocketHandlerDecorator.java:58)
	at org.springframework.web.socket.adapter.standard.StandardWebSocketHandlerAdapter.handleTextMessage(StandardWebSocketHandlerAdapter.java:113)
	at org.springframework.web.socket.adapter.standard.StandardWebSocketHandlerAdapter$3.onMessage(StandardWebSocketHandlerAdapter.java:84)
	at org.springframework.web.socket.adapter.standard.StandardWebSocketHandlerAdapter$3.onMessage(StandardWebSocketHandlerAdapter.java:81)
	at org.apache.tomcat.websocket.WsFrameBase.sendMessageText(WsFrameBase.java:390)
	at org.apache.tomcat.websocket.server.WsFrameServer.sendMessageText(WsFrameServer.java:130)
	at org.apache.tomcat.websocket.WsFrameBase.processDataText(WsFrameBase.java:484)
	at org.apache.tomcat.websocket.WsFrameBase.processData(WsFrameBase.java:284)
	at org.apache.tomcat.websocket.WsFrameBase.processInputBuffer(WsFrameBase.java:130)
	at org.apache.tomcat.websocket.server.WsFrameServer.onDataAvailable(WsFrameServer.java:85)
	at org.apache.tomcat.websocket.server.WsFrameServer.doOnDataAvailable(WsFrameServer.java:184)
	at org.apache.tomcat.websocket.server.WsFrameServer.notifyDataAvailable(WsFrameServer.java:164)
	at org.apache.tomcat.websocket.server.WsHttpUpgradeHandler.upgradeDispatch(WsHttpUpgradeHandler.java:152)
	at org.apache.coyote.http11.upgrade.UpgradeProcessorInternal.dispatch(UpgradeProcessorInternal.java:60)
	at org.apache.coyote.AbstractProcessorLight.process(AbstractProcessorLight.java:57)
	at org.apache.coyote.AbstractProtocol$ConnectionHandler.process(AbstractProtocol.java:896)
	at org.apache.tomcat.util.net.NioEndpoint$SocketProcessor.doRun(NioEndpoint.java:1736)
	at org.apache.tomcat.util.net.SocketProcessorBase.run(SocketProcessorBase.java:52)
	at org.apache.tomcat.util.threads.ThreadPoolExecutor.runWorker(ThreadPoolExecutor.java:1191)
	at org.apache.tomcat.util.threads.ThreadPoolExecutor$Worker.run(ThreadPoolExecutor.java:659)
	at org.apache.tomcat.util.threads.TaskThread$WrappingRunnable.run(TaskThread.java:63)
	at java.base/java.lang.Thread.run(Thread.java:1575)
Caused by: java.io.IOException: Broken pipe
	at java.base/sun.nio.ch.SocketDispatcher.writev0(Native Method)
	at java.base/sun.nio.ch.SocketDispatcher.writev(SocketDispatcher.java:66)
	at java.base/sun.nio.ch.IOUtil.write(IOUtil.java:227)
	at java.base/sun.nio.ch.IOUtil.write(IOUtil.java:158)
	at java.base/sun.nio.ch.SocketChannelImpl.implWrite(SocketChannelImpl.java:597)
	at java.base/sun.nio.ch.SocketChannelImpl.write(SocketChannelImpl.java:631)
	at org.apache.tomcat.util.net.NioChannel.write(NioChannel.java:130)
	at org.apache.tomcat.util.net.NioEndpoint$NioSocketWrapper$NioOperationState.run(NioEndpoint.java:1627)
	at org.apache.tomcat.util.net.SocketWrapperBase$OperationState.start(SocketWrapperBase.java:1051)
	at org.apache.tomcat.util.net.SocketWrapperBase.vectoredOperation(SocketWrapperBase.java:1440)
	at org.apache.tomcat.util.net.SocketWrapperBase.write(SocketWrapperBase.java:1366)
	at org.apache.tomcat.util.net.SocketWrapperBase.write(SocketWrapperBase.java:1337)
	at org.apache.tomcat.websocket.server.WsRemoteEndpointImplServer.doWrite(WsRemoteEndpointImplServer.java:171)
	at org.apache.tomcat.websocket.WsRemoteEndpointImplBase.writeMessagePart(WsRemoteEndpointImplBase.java:516)
	at org.apache.tomcat.websocket.WsRemoteEndpointImplBase.sendMessageBlock(WsRemoteEndpointImplBase.java:308)
	... 32 more
Error processing message from room 9: java.io.IOException: Broken pipe
java.io.IOException: java.io.IOException: Broken pipe
	at org.apache.tomcat.websocket.WsRemoteEndpointImplBase.sendMessageBlock(WsRemoteEndpointImplBase.java:321)
	at org.apache.tomcat.websocket.WsRemoteEndpointImplBase.sendMessageBlock(WsRemoteEndpointImplBase.java:250)
	at org.apache.tomcat.websocket.WsRemoteEndpointImplBase.sendPartialString(WsRemoteEndpointImplBase.java:223)
	at org.apache.tomcat.websocket.WsRemoteEndpointBasic.sendText(WsRemoteEndpointBasic.java:48)
	at org.springframework.web.socket.adapter.standard.StandardWebSocketSession.sendTextMessage(StandardWebSocketSession.java:217)
	at org.springframework.web.socket.adapter.AbstractWebSocketSession.sendMessage(AbstractWebSocketSession.java:108)
	at edu.northeastern.cs6650.server.ChatWebSocketHandler.sendAck(ChatWebSocketHandler.java:121)
	at edu.northeastern.cs6650.server.ChatWebSocketHandler.handleTextMessage(ChatWebSocketHandler.java:72)
	at org.springframework.web.socket.handler.AbstractWebSocketHandler.handleMessage(AbstractWebSocketHandler.java:43)
	at org.springframework.web.socket.handler.WebSocketHandlerDecorator.handleMessage(WebSocketHandlerDecorator.java:75)
	at org.springframework.web.socket.handler.LoggingWebSocketHandlerDecorator.handleMessage(LoggingWebSocketHandlerDecorator.java:56)
	at org.springframework.web.socket.handler.ExceptionWebSocketHandlerDecorator.handleMessage(ExceptionWebSocketHandlerDecorator.java:58)
	at org.springframework.web.socket.adapter.standard.StandardWebSocketHandlerAdapter.handleTextMessage(StandardWebSocketHandlerAdapter.java:113)
	at org.springframework.web.socket.adapter.standard.StandardWebSocketHandlerAdapter$3.onMessage(StandardWebSocketHandlerAdapter.java:84)
	at org.springframework.web.socket.adapter.standard.StandardWebSocketHandlerAdapter$3.onMessage(StandardWebSocketHandlerAdapter.java:81)
	at org.apache.tomcat.websocket.WsFrameBase.sendMessageText(WsFrameBase.java:390)
	at org.apache.tomcat.websocket.server.WsFrameServer.sendMessageText(WsFrameServer.java:130)
	at org.apache.tomcat.websocket.WsFrameBase.processDataText(WsFrameBase.java:484)
	at org.apache.tomcat.websocket.WsFrameBase.processData(WsFrameBase.java:284)
	at org.apache.tomcat.websocket.WsFrameBase.processInputBuffer(WsFrameBase.java:130)
	at org.apache.tomcat.websocket.server.WsFrameServer.onDataAvailable(WsFrameServer.java:85)
	at org.apache.tomcat.websocket.server.WsFrameServer.doOnDataAvailable(WsFrameServer.java:184)
	at org.apache.tomcat.websocket.server.WsFrameServer.notifyDataAvailable(WsFrameServer.java:164)
	at org.apache.tomcat.websocket.server.WsHttpUpgradeHandler.upgradeDispatch(WsHttpUpgradeHandler.java:152)
	at org.apache.coyote.http11.upgrade.UpgradeProcessorInternal.dispatch(UpgradeProcessorInternal.java:60)
	at org.apache.coyote.AbstractProcessorLight.process(AbstractProcessorLight.java:57)
	at org.apache.coyote.AbstractProtocol$ConnectionHandler.process(AbstractProtocol.java:896)
	at org.apache.tomcat.util.net.NioEndpoint$SocketProcessor.doRun(NioEndpoint.java:1736)
	at org.apache.tomcat.util.net.SocketProcessorBase.run(SocketProcessorBase.java:52)
	at org.apache.tomcat.util.threads.ThreadPoolExecutor.runWorker(ThreadPoolExecutor.java:1191)
	at org.apache.tomcat.util.threads.ThreadPoolExecutor$Worker.run(ThreadPoolExecutor.java:659)
	at org.apache.tomcat.util.threads.TaskThread$WrappingRunnable.run(TaskThread.java:63)
	at java.base/java.lang.Thread.run(Thread.java:1575)
Caused by: java.io.IOException: Broken pipe
	at java.base/sun.nio.ch.SocketDispatcher.writev0(Native Method)
	at java.base/sun.nio.ch.SocketDispatcher.writev(SocketDispatcher.java:66)
	at java.base/sun.nio.ch.IOUtil.write(IOUtil.java:227)
	at java.base/sun.nio.ch.IOUtil.write(IOUtil.java:158)
	at java.base/sun.nio.ch.SocketChannelImpl.implWrite(SocketChannelImpl.java:597)
	at java.base/sun.nio.ch.SocketChannelImpl.write(SocketChannelImpl.java:631)
	at org.apache.tomcat.util.net.NioChannel.write(NioChannel.java:130)
	at org.apache.tomcat.util.net.NioEndpoint$NioSocketWrapper$NioOperationState.run(NioEndpoint.java:1627)
	at org.apache.tomcat.util.net.SocketWrapperBase$OperationState.start(SocketWrapperBase.java:1051)
	at org.apache.tomcat.util.net.SocketWrapperBase.vectoredOperation(SocketWrapperBase.java:1440)
	at org.apache.tomcat.util.net.SocketWrapperBase.write(SocketWrapperBase.java:1366)
	at org.apache.tomcat.util.net.SocketWrapperBase.write(SocketWrapperBase.java:1337)
	at org.apache.tomcat.websocket.server.WsRemoteEndpointImplServer.doWrite(WsRemoteEndpointImplServer.java:171)
	at org.apache.tomcat.websocket.WsRemoteEndpointImplBase.writeMessagePart(WsRemoteEndpointImplBase.java:516)
	at org.apache.tomcat.websocket.WsRemoteEndpointImplBase.sendMessageBlock(WsRemoteEndpointImplBase.java:308)
	... 32 more
Error processing message from room 9: java.io.IOException: Broken pipe
java.io.IOException: java.io.IOException: Broken pipe
	at org.apache.tomcat.websocket.WsRemoteEndpointImplBase.sendMessageBlock(WsRemoteEndpointImplBase.java:321)
	at org.apache.tomcat.websocket.WsRemoteEndpointImplBase.sendMessageBlock(WsRemoteEndpointImplBase.java:250)
	at org.apache.tomcat.websocket.WsRemoteEndpointImplBase.sendPartialString(WsRemoteEndpointImplBase.java:223)
	at org.apache.tomcat.websocket.WsRemoteEndpointBasic.sendText(WsRemoteEndpointBasic.java:48)
	at org.springframework.web.socket.adapter.standard.StandardWebSocketSession.sendTextMessage(StandardWebSocketSession.java:217)
	at org.springframework.web.socket.adapter.AbstractWebSocketSession.sendMessage(AbstractWebSocketSession.java:108)
	at edu.northeastern.cs6650.server.ChatWebSocketHandler.sendAck(ChatWebSocketHandler.java:121)
	at edu.northeastern.cs6650.server.ChatWebSocketHandler.handleTextMessage(ChatWebSocketHandler.java:72)
	at org.springframework.web.socket.handler.AbstractWebSocketHandler.handleMessage(AbstractWebSocketHandler.java:43)
	at org.springframework.web.socket.handler.WebSocketHandlerDecorator.handleMessage(WebSocketHandlerDecorator.java:75)
	at org.springframework.web.socket.handler.LoggingWebSocketHandlerDecorator.handleMessage(LoggingWebSocketHandlerDecorator.java:56)
	at org.springframework.web.socket.handler.ExceptionWebSocketHandlerDecorator.handleMessage(ExceptionWebSocketHandlerDecorator.java:58)
	at org.springframework.web.socket.adapter.standard.StandardWebSocketHandlerAdapter.handleTextMessage(StandardWebSocketHandlerAdapter.java:113)
	at org.springframework.web.socket.adapter.standard.StandardWebSocketHandlerAdapter$3.onMessage(StandardWebSocketHandlerAdapter.java:84)
	at org.springframework.web.socket.adapter.standard.StandardWebSocketHandlerAdapter$3.onMessage(StandardWebSocketHandlerAdapter.java:81)
	at org.apache.tomcat.websocket.WsFrameBase.sendMessageText(WsFrameBase.java:390)
	at org.apache.tomcat.websocket.server.WsFrameServer.sendMessageText(WsFrameServer.java:130)
	at org.apache.tomcat.websocket.WsFrameBase.processDataText(WsFrameBase.java:484)
	at org.apache.tomcat.websocket.WsFrameBase.processData(WsFrameBase.java:284)
	at org.apache.tomcat.websocket.WsFrameBase.processInputBuffer(WsFrameBase.java:130)
	at org.apache.tomcat.websocket.server.WsFrameServer.onDataAvailable(WsFrameServer.java:85)
	at org.apache.tomcat.websocket.server.WsFrameServer.doOnDataAvailable(WsFrameServer.java:184)
	at org.apache.tomcat.websocket.server.WsFrameServer.notifyDataAvailable(WsFrameServer.java:164)
	at org.apache.tomcat.websocket.server.WsHttpUpgradeHandler.upgradeDispatch(WsHttpUpgradeHandler.java:152)
	at org.apache.coyote.http11.upgrade.UpgradeProcessorInternal.dispatch(UpgradeProcessorInternal.java:60)
	at org.apache.coyote.AbstractProcessorLight.process(AbstractProcessorLight.java:57)
	at org.apache.coyote.AbstractProtocol$ConnectionHandler.process(AbstractProtocol.java:896)
	at org.apache.tomcat.util.net.NioEndpoint$SocketProcessor.doRun(NioEndpoint.java:1736)
	at org.apache.tomcat.util.net.SocketProcessorBase.run(SocketProcessorBase.java:52)
	at org.apache.tomcat.util.threads.ThreadPoolExecutor.runWorker(ThreadPoolExecutor.java:1191)
	at org.apache.tomcat.util.threads.ThreadPoolExecutor$Worker.run(ThreadPoolExecutor.java:659)
	at org.apache.tomcat.util.threads.TaskThread$WrappingRunnable.run(TaskThread.java:63)
	at java.base/java.lang.Thread.run(Thread.java:1575)
Caused by: java.io.IOException: Broken pipe
	at java.base/sun.nio.ch.SocketDispatcher.writev0(Native Method)
	at java.base/sun.nio.ch.SocketDispatcher.writev(SocketDispatcher.java:66)
	at java.base/sun.nio.ch.IOUtil.write(IOUtil.java:227)
	at java.base/sun.nio.ch.IOUtil.write(IOUtil.java:158)
	at java.base/sun.nio.ch.SocketChannelImpl.implWrite(SocketChannelImpl.java:597)
	at java.base/sun.nio.ch.SocketChannelImpl.write(SocketChannelImpl.java:631)
	at org.apache.tomcat.util.net.NioChannel.write(NioChannel.java:130)
	at org.apache.tomcat.util.net.NioEndpoint$NioSocketWrapper$NioOperationState.run(NioEndpoint.java:1627)
	at org.apache.tomcat.util.net.SocketWrapperBase$OperationState.start(SocketWrapperBase.java:1051)
	at org.apache.tomcat.util.net.SocketWrapperBase.vectoredOperation(SocketWrapperBase.java:1440)
	at org.apache.tomcat.util.net.SocketWrapperBase.write(SocketWrapperBase.java:1366)
	at org.apache.tomcat.util.net.SocketWrapperBase.write(SocketWrapperBase.java:1337)
	at org.apache.tomcat.websocket.server.WsRemoteEndpointImplServer.doWrite(WsRemoteEndpointImplServer.java:171)
	at org.apache.tomcat.websocket.WsRemoteEndpointImplBase.writeMessagePart(WsRemoteEndpointImplBase.java:516)
	at org.apache.tomcat.websocket.WsRemoteEndpointImplBase.sendMessageBlock(WsRemoteEndpointImplBase.java:308)
	... 32 more
Error processing message from room 6: java.io.IOException: Broken pipe
java.io.IOException: java.io.IOException: Broken pipe
	at org.apache.tomcat.websocket.WsRemoteEndpointImplBase.sendMessageBlock(WsRemoteEndpointImplBase.java:321)
	at org.apache.tomcat.websocket.WsRemoteEndpointImplBase.sendMessageBlock(WsRemoteEndpointImplBase.java:250)
	at org.apache.tomcat.websocket.WsRemoteEndpointImplBase.sendPartialString(WsRemoteEndpointImplBase.java:223)
	at org.apache.tomcat.websocket.WsRemoteEndpointBasic.sendText(WsRemoteEndpointBasic.java:48)
	at org.springframework.web.socket.adapter.standard.StandardWebSocketSession.sendTextMessage(StandardWebSocketSession.java:217)
	at org.springframework.web.socket.adapter.AbstractWebSocketSession.sendMessage(AbstractWebSocketSession.java:108)
	at edu.northeastern.cs6650.server.ChatWebSocketHandler.sendAck(ChatWebSocketHandler.java:121)
	at edu.northeastern.cs6650.server.ChatWebSocketHandler.handleTextMessage(ChatWebSocketHandler.java:72)
	at org.springframework.web.socket.handler.AbstractWebSocketHandler.handleMessage(AbstractWebSocketHandler.java:43)
	at org.springframework.web.socket.handler.WebSocketHandlerDecorator.handleMessage(WebSocketHandlerDecorator.java:75)
	at org.springframework.web.socket.handler.LoggingWebSocketHandlerDecorator.handleMessage(LoggingWebSocketHandlerDecorator.java:56)
	at org.springframework.web.socket.handler.ExceptionWebSocketHandlerDecorator.handleMessage(ExceptionWebSocketHandlerDecorator.java:58)
	at org.springframework.web.socket.adapter.standard.StandardWebSocketHandlerAdapter.handleTextMessage(StandardWebSocketHandlerAdapter.java:113)
	at org.springframework.web.socket.adapter.standard.StandardWebSocketHandlerAdapter$3.onMessage(StandardWebSocketHandlerAdapter.java:84)
	at org.springframework.web.socket.adapter.standard.StandardWebSocketHandlerAdapter$3.onMessage(StandardWebSocketHandlerAdapter.java:81)
	at org.apache.tomcat.websocket.WsFrameBase.sendMessageText(WsFrameBase.java:390)
	at org.apache.tomcat.websocket.server.WsFrameServer.sendMessageText(WsFrameServer.java:130)
	at org.apache.tomcat.websocket.WsFrameBase.processDataText(WsFrameBase.java:484)
	at org.apache.tomcat.websocket.WsFrameBase.processData(WsFrameBase.java:284)
	at org.apache.tomcat.websocket.WsFrameBase.processInputBuffer(WsFrameBase.java:130)
	at org.apache.tomcat.websocket.server.WsFrameServer.onDataAvailable(WsFrameServer.java:85)
	at org.apache.tomcat.websocket.server.WsFrameServer.doOnDataAvailable(WsFrameServer.java:184)
	at org.apache.tomcat.websocket.server.WsFrameServer.notifyDataAvailable(WsFrameServer.java:164)
	at org.apache.tomcat.websocket.server.WsHttpUpgradeHandler.upgradeDispatch(WsHttpUpgradeHandler.java:152)
	at org.apache.coyote.http11.upgrade.UpgradeProcessorInternal.dispatch(UpgradeProcessorInternal.java:60)
	at org.apache.coyote.AbstractProcessorLight.process(AbstractProcessorLight.java:57)
	at org.apache.coyote.AbstractProtocol$ConnectionHandler.process(AbstractProtocol.java:896)
	at org.apache.tomcat.util.net.NioEndpoint$SocketProcessor.doRun(NioEndpoint.java:1736)
	at org.apache.tomcat.util.net.SocketProcessorBase.run(SocketProcessorBase.java:52)
	at org.apache.tomcat.util.threads.ThreadPoolExecutor.runWorker(ThreadPoolExecutor.java:1191)
	at org.apache.tomcat.util.threads.ThreadPoolExecutor$Worker.run(ThreadPoolExecutor.java:659)
	at org.apache.tomcat.util.threads.TaskThread$WrappingRunnable.run(TaskThread.java:63)
	at java.base/java.lang.Thread.run(Thread.java:1575)
Caused by: java.io.IOException: Broken pipe
	at java.base/sun.nio.ch.SocketDispatcher.writev0(Native Method)
	at java.base/sun.nio.ch.SocketDispatcher.writev(SocketDispatcher.java:66)
	at java.base/sun.nio.ch.IOUtil.write(IOUtil.java:227)
	at java.base/sun.nio.ch.IOUtil.write(IOUtil.java:158)
	at java.base/sun.nio.ch.SocketChannelImpl.implWrite(SocketChannelImpl.java:597)
	at java.base/sun.nio.ch.SocketChannelImpl.write(SocketChannelImpl.java:631)
	at org.apache.tomcat.util.net.NioChannel.write(NioChannel.java:130)
	at org.apache.tomcat.util.net.NioEndpoint$NioSocketWrapper$NioOperationState.run(NioEndpoint.java:1627)
	at org.apache.tomcat.util.net.SocketWrapperBase$OperationState.start(SocketWrapperBase.java:1051)
	at org.apache.tomcat.util.net.SocketWrapperBase.vectoredOperation(SocketWrapperBase.java:1440)
	at org.apache.tomcat.util.net.SocketWrapperBase.write(SocketWrapperBase.java:1366)
	at org.apache.tomcat.util.net.SocketWrapperBase.write(SocketWrapperBase.java:1337)
	at org.apache.tomcat.websocket.server.WsRemoteEndpointImplServer.doWrite(WsRemoteEndpointImplServer.java:171)
	at org.apache.tomcat.websocket.WsRemoteEndpointImplBase.writeMessagePart(WsRemoteEndpointImplBase.java:516)
	at org.apache.tomcat.websocket.WsRemoteEndpointImplBase.sendMessageBlock(WsRemoteEndpointImplBase.java:308)
	... 32 more
Error processing message from room 14: java.io.IOException: Broken pipe
java.io.IOException: java.io.IOException: Broken pipe
	at org.apache.tomcat.websocket.WsRemoteEndpointImplBase.sendMessageBlock(WsRemoteEndpointImplBase.java:321)
	at org.apache.tomcat.websocket.WsRemoteEndpointImplBase.sendMessageBlock(WsRemoteEndpointImplBase.java:250)
	at org.apache.tomcat.websocket.WsRemoteEndpointImplBase.sendPartialString(WsRemoteEndpointImplBase.java:223)
	at org.apache.tomcat.websocket.WsRemoteEndpointBasic.sendText(WsRemoteEndpointBasic.java:48)
	at org.springframework.web.socket.adapter.standard.StandardWebSocketSession.sendTextMessage(StandardWebSocketSession.java:217)
	at org.springframework.web.socket.adapter.AbstractWebSocketSession.sendMessage(AbstractWebSocketSession.java:108)
	at edu.northeastern.cs6650.server.ChatWebSocketHandler.sendAck(ChatWebSocketHandler.java:121)
	at edu.northeastern.cs6650.server.ChatWebSocketHandler.handleTextMessage(ChatWebSocketHandler.java:72)
	at org.springframework.web.socket.handler.AbstractWebSocketHandler.handleMessage(AbstractWebSocketHandler.java:43)
	at org.springframework.web.socket.handler.WebSocketHandlerDecorator.handleMessage(WebSocketHandlerDecorator.java:75)
	at org.springframework.web.socket.handler.LoggingWebSocketHandlerDecorator.handleMessage(LoggingWebSocketHandlerDecorator.java:56)
	at org.springframework.web.socket.handler.ExceptionWebSocketHandlerDecorator.handleMessage(ExceptionWebSocketHandlerDecorator.java:58)
	at org.springframework.web.socket.adapter.standard.StandardWebSocketHandlerAdapter.handleTextMessage(StandardWebSocketHandlerAdapter.java:113)
	at org.springframework.web.socket.adapter.standard.StandardWebSocketHandlerAdapter$3.onMessage(StandardWebSocketHandlerAdapter.java:84)
	at org.springframework.web.socket.adapter.standard.StandardWebSocketHandlerAdapter$3.onMessage(StandardWebSocketHandlerAdapter.java:81)
	at org.apache.tomcat.websocket.WsFrameBase.sendMessageText(WsFrameBase.java:390)
	at org.apache.tomcat.websocket.server.WsFrameServer.sendMessageText(WsFrameServer.java:130)
	at org.apache.tomcat.websocket.WsFrameBase.processDataText(WsFrameBase.java:484)
	at org.apache.tomcat.websocket.WsFrameBase.processData(WsFrameBase.java:284)
	at org.apache.tomcat.websocket.WsFrameBase.processInputBuffer(WsFrameBase.java:130)
	at org.apache.tomcat.websocket.server.WsFrameServer.onDataAvailable(WsFrameServer.java:85)
	at org.apache.tomcat.websocket.server.WsFrameServer.doOnDataAvailable(WsFrameServer.java:184)
	at org.apache.tomcat.websocket.server.WsFrameServer.notifyDataAvailable(WsFrameServer.java:164)
	at org.apache.tomcat.websocket.server.WsHttpUpgradeHandler.upgradeDispatch(WsHttpUpgradeHandler.java:152)
	at org.apache.coyote.http11.upgrade.UpgradeProcessorInternal.dispatch(UpgradeProcessorInternal.java:60)
	at org.apache.coyote.AbstractProcessorLight.process(AbstractProcessorLight.java:57)
	at org.apache.coyote.AbstractProtocol$ConnectionHandler.process(AbstractProtocol.java:896)
	at org.apache.tomcat.util.net.NioEndpoint$SocketProcessor.doRun(NioEndpoint.java:1736)
	at org.apache.tomcat.util.net.SocketProcessorBase.run(SocketProcessorBase.java:52)
	at org.apache.tomcat.util.threads.ThreadPoolExecutor.runWorker(ThreadPoolExecutor.java:1191)
	at org.apache.tomcat.util.threads.ThreadPoolExecutor$Worker.run(ThreadPoolExecutor.java:659)
	at org.apache.tomcat.util.threads.TaskThread$WrappingRunnable.run(TaskThread.java:63)
	at java.base/java.lang.Thread.run(Thread.java:1575)
Caused by: java.io.IOException: Broken pipe
	at java.base/sun.nio.ch.SocketDispatcher.writev0(Native Method)
	at java.base/sun.nio.ch.SocketDispatcher.writev(SocketDispatcher.java:66)
	at java.base/sun.nio.ch.IOUtil.write(IOUtil.java:227)
	at java.base/sun.nio.ch.IOUtil.write(IOUtil.java:158)
	at java.base/sun.nio.ch.SocketChannelImpl.implWrite(SocketChannelImpl.java:597)
	at java.base/sun.nio.ch.SocketChannelImpl.write(SocketChannelImpl.java:631)
	at org.apache.tomcat.util.net.NioChannel.write(NioChannel.java:130)
	at org.apache.tomcat.util.net.NioEndpoint$NioSocketWrapper$NioOperationState.run(NioEndpoint.java:1627)
	at org.apache.tomcat.util.net.SocketWrapperBase$OperationState.start(SocketWrapperBase.java:1051)
	at org.apache.tomcat.util.net.SocketWrapperBase.vectoredOperation(SocketWrapperBase.java:1440)
	at org.apache.tomcat.util.net.SocketWrapperBase.write(SocketWrapperBase.java:1366)
	at org.apache.tomcat.util.net.SocketWrapperBase.write(SocketWrapperBase.java:1337)
	at org.apache.tomcat.websocket.server.WsRemoteEndpointImplServer.doWrite(WsRemoteEndpointImplServer.java:171)
	at org.apache.tomcat.websocket.WsRemoteEndpointImplBase.writeMessagePart(WsRemoteEndpointImplBase.java:516)
	at org.apache.tomcat.websocket.WsRemoteEndpointImplBase.sendMessageBlock(WsRemoteEndpointImplBase.java:308)
	... 32 more
Error processing message from room 3: java.io.IOException: Broken pipe
java.io.IOException: java.io.IOException: Broken pipe
	at org.apache.tomcat.websocket.WsRemoteEndpointImplBase.sendMessageBlock(WsRemoteEndpointImplBase.java:321)
	at org.apache.tomcat.websocket.WsRemoteEndpointImplBase.sendMessageBlock(WsRemoteEndpointImplBase.java:250)
	at org.apache.tomcat.websocket.WsRemoteEndpointImplBase.sendPartialString(WsRemoteEndpointImplBase.java:223)
	at org.apache.tomcat.websocket.WsRemoteEndpointBasic.sendText(WsRemoteEndpointBasic.java:48)
	at org.springframework.web.socket.adapter.standard.StandardWebSocketSession.sendTextMessage(StandardWebSocketSession.java:217)
	at org.springframework.web.socket.adapter.AbstractWebSocketSession.sendMessage(AbstractWebSocketSession.java:108)
	at edu.northeastern.cs6650.server.ChatWebSocketHandler.sendAck(ChatWebSocketHandler.java:121)
	at edu.northeastern.cs6650.server.ChatWebSocketHandler.handleTextMessage(ChatWebSocketHandler.java:72)
	at org.springframework.web.socket.handler.AbstractWebSocketHandler.handleMessage(AbstractWebSocketHandler.java:43)
	at org.springframework.web.socket.handler.WebSocketHandlerDecorator.handleMessage(WebSocketHandlerDecorator.java:75)
	at org.springframework.web.socket.handler.LoggingWebSocketHandlerDecorator.handleMessage(LoggingWebSocketHandlerDecorator.java:56)
	at org.springframework.web.socket.handler.ExceptionWebSocketHandlerDecorator.handleMessage(ExceptionWebSocketHandlerDecorator.java:58)
	at org.springframework.web.socket.adapter.standard.StandardWebSocketHandlerAdapter.handleTextMessage(StandardWebSocketHandlerAdapter.java:113)
	at org.springframework.web.socket.adapter.standard.StandardWebSocketHandlerAdapter$3.onMessage(StandardWebSocketHandlerAdapter.java:84)
	at org.springframework.web.socket.adapter.standard.StandardWebSocketHandlerAdapter$3.onMessage(StandardWebSocketHandlerAdapter.java:81)
	at org.apache.tomcat.websocket.WsFrameBase.sendMessageText(WsFrameBase.java:390)
	at org.apache.tomcat.websocket.server.WsFrameServer.sendMessageText(WsFrameServer.java:130)
	at org.apache.tomcat.websocket.WsFrameBase.processDataText(WsFrameBase.java:484)
	at org.apache.tomcat.websocket.WsFrameBase.processData(WsFrameBase.java:284)
	at org.apache.tomcat.websocket.WsFrameBase.processInputBuffer(WsFrameBase.java:130)
	at org.apache.tomcat.websocket.server.WsFrameServer.onDataAvailable(WsFrameServer.java:85)
	at org.apache.tomcat.websocket.server.WsFrameServer.doOnDataAvailable(WsFrameServer.java:184)
	at org.apache.tomcat.websocket.server.WsFrameServer.notifyDataAvailable(WsFrameServer.java:164)
	at org.apache.tomcat.websocket.server.WsHttpUpgradeHandler.upgradeDispatch(WsHttpUpgradeHandler.java:152)
	at org.apache.coyote.http11.upgrade.UpgradeProcessorInternal.dispatch(UpgradeProcessorInternal.java:60)
	at org.apache.coyote.AbstractProcessorLight.process(AbstractProcessorLight.java:57)
	at org.apache.coyote.AbstractProtocol$ConnectionHandler.process(AbstractProtocol.java:896)
	at org.apache.tomcat.util.net.NioEndpoint$SocketProcessor.doRun(NioEndpoint.java:1736)
	at org.apache.tomcat.util.net.SocketProcessorBase.run(SocketProcessorBase.java:52)
	at org.apache.tomcat.util.threads.ThreadPoolExecutor.runWorker(ThreadPoolExecutor.java:1191)
	at org.apache.tomcat.util.threads.ThreadPoolExecutor$Worker.run(ThreadPoolExecutor.java:659)
	at org.apache.tomcat.util.threads.TaskThread$WrappingRunnable.run(TaskThread.java:63)
	at java.base/java.lang.Thread.run(Thread.java:1575)
Caused by: java.io.IOException: Broken pipe
	at java.base/sun.nio.ch.SocketDispatcher.writev0(Native Method)
	at java.base/sun.nio.ch.SocketDispatcher.writev(SocketDispatcher.java:66)
	at java.base/sun.nio.ch.IOUtil.write(IOUtil.java:227)
	at java.base/sun.nio.ch.IOUtil.write(IOUtil.java:158)
	at java.base/sun.nio.ch.SocketChannelImpl.implWrite(SocketChannelImpl.java:597)
	at java.base/sun.nio.ch.SocketChannelImpl.write(SocketChannelImpl.java:631)
	at org.apache.tomcat.util.net.NioChannel.write(NioChannel.java:130)
	at org.apache.tomcat.util.net.NioEndpoint$NioSocketWrapper$NioOperationState.run(NioEndpoint.java:1627)
	at org.apache.tomcat.util.net.SocketWrapperBase$OperationState.start(SocketWrapperBase.java:1051)
	at org.apache.tomcat.util.net.SocketWrapperBase.vectoredOperation(SocketWrapperBase.java:1440)
	at org.apache.tomcat.util.net.SocketWrapperBase.write(SocketWrapperBase.java:1366)
	at org.apache.tomcat.util.net.SocketWrapperBase.write(SocketWrapperBase.java:1337)
	at org.apache.tomcat.websocket.server.WsRemoteEndpointImplServer.doWrite(WsRemoteEndpointImplServer.java:171)
	at org.apache.tomcat.websocket.WsRemoteEndpointImplBase.writeMessagePart(WsRemoteEndpointImplBase.java:516)
	at org.apache.tomcat.websocket.WsRemoteEndpointImplBase.sendMessageBlock(WsRemoteEndpointImplBase.java:308)
	... 32 more
Error processing message from room 17: java.io.IOException: Broken pipe
java.io.IOException: java.io.IOException: Broken pipe
	at org.apache.tomcat.websocket.WsRemoteEndpointImplBase.sendMessageBlock(WsRemoteEndpointImplBase.java:321)
	at org.apache.tomcat.websocket.WsRemoteEndpointImplBase.sendMessageBlock(WsRemoteEndpointImplBase.java:250)
	at org.apache.tomcat.websocket.WsRemoteEndpointImplBase.sendPartialString(WsRemoteEndpointImplBase.java:223)
	at org.apache.tomcat.websocket.WsRemoteEndpointBasic.sendText(WsRemoteEndpointBasic.java:48)
	at org.springframework.web.socket.adapter.standard.StandardWebSocketSession.sendTextMessage(StandardWebSocketSession.java:217)
	at org.springframework.web.socket.adapter.AbstractWebSocketSession.sendMessage(AbstractWebSocketSession.java:108)
	at edu.northeastern.cs6650.server.ChatWebSocketHandler.sendAck(ChatWebSocketHandler.java:121)
	at edu.northeastern.cs6650.server.ChatWebSocketHandler.handleTextMessage(ChatWebSocketHandler.java:72)
	at org.springframework.web.socket.handler.AbstractWebSocketHandler.handleMessage(AbstractWebSocketHandler.java:43)
	at org.springframework.web.socket.handler.WebSocketHandlerDecorator.handleMessage(WebSocketHandlerDecorator.java:75)
	at org.springframework.web.socket.handler.LoggingWebSocketHandlerDecorator.handleMessage(LoggingWebSocketHandlerDecorator.java:56)
	at org.springframework.web.socket.handler.ExceptionWebSocketHandlerDecorator.handleMessage(ExceptionWebSocketHandlerDecorator.java:58)
	at org.springframework.web.socket.adapter.standard.StandardWebSocketHandlerAdapter.handleTextMessage(StandardWebSocketHandlerAdapter.java:113)
	at org.springframework.web.socket.adapter.standard.StandardWebSocketHandlerAdapter$3.onMessage(StandardWebSocketHandlerAdapter.java:84)
	at org.springframework.web.socket.adapter.standard.StandardWebSocketHandlerAdapter$3.onMessage(StandardWebSocketHandlerAdapter.java:81)
	at org.apache.tomcat.websocket.WsFrameBase.sendMessageText(WsFrameBase.java:390)
	at org.apache.tomcat.websocket.server.WsFrameServer.sendMessageText(WsFrameServer.java:130)
	at org.apache.tomcat.websocket.WsFrameBase.processDataText(WsFrameBase.java:484)
	at org.apache.tomcat.websocket.WsFrameBase.processData(WsFrameBase.java:284)
	at org.apache.tomcat.websocket.WsFrameBase.processInputBuffer(WsFrameBase.java:130)
	at org.apache.tomcat.websocket.server.WsFrameServer.onDataAvailable(WsFrameServer.java:85)
	at org.apache.tomcat.websocket.server.WsFrameServer.doOnDataAvailable(WsFrameServer.java:184)
	at org.apache.tomcat.websocket.server.WsFrameServer.notifyDataAvailable(WsFrameServer.java:164)
	at org.apache.tomcat.websocket.server.WsHttpUpgradeHandler.upgradeDispatch(WsHttpUpgradeHandler.java:152)
	at org.apache.coyote.http11.upgrade.UpgradeProcessorInternal.dispatch(UpgradeProcessorInternal.java:60)
	at org.apache.coyote.AbstractProcessorLight.process(AbstractProcessorLight.java:57)
	at org.apache.coyote.AbstractProtocol$ConnectionHandler.process(AbstractProtocol.java:896)
	at org.apache.tomcat.util.net.NioEndpoint$SocketProcessor.doRun(NioEndpoint.java:1736)
	at org.apache.tomcat.util.net.SocketProcessorBase.run(SocketProcessorBase.java:52)
	at org.apache.tomcat.util.threads.ThreadPoolExecutor.runWorker(ThreadPoolExecutor.java:1191)
	at org.apache.tomcat.util.threads.ThreadPoolExecutor$Worker.run(ThreadPoolExecutor.java:659)
	at org.apache.tomcat.util.threads.TaskThread$WrappingRunnable.run(TaskThread.java:63)
	at java.base/java.lang.Thread.run(Thread.java:1575)
Caused by: java.io.IOException: Broken pipe
	at java.base/sun.nio.ch.SocketDispatcher.writev0(Native Method)
	at java.base/sun.nio.ch.SocketDispatcher.writev(SocketDispatcher.java:66)
	at java.base/sun.nio.ch.IOUtil.write(IOUtil.java:227)
	at java.base/sun.nio.ch.IOUtil.write(IOUtil.java:158)
	at java.base/sun.nio.ch.SocketChannelImpl.implWrite(SocketChannelImpl.java:597)
	at java.base/sun.nio.ch.SocketChannelImpl.write(SocketChannelImpl.java:631)
	at org.apache.tomcat.util.net.NioChannel.write(NioChannel.java:130)
	at org.apache.tomcat.util.net.NioEndpoint$NioSocketWrapper$NioOperationState.run(NioEndpoint.java:1627)
	at org.apache.tomcat.util.net.SocketWrapperBase$OperationState.start(SocketWrapperBase.java:1051)
	at org.apache.tomcat.util.net.SocketWrapperBase.vectoredOperation(SocketWrapperBase.java:1440)
	at org.apache.tomcat.util.net.SocketWrapperBase.write(SocketWrapperBase.java:1366)
	at org.apache.tomcat.util.net.SocketWrapperBase.write(SocketWrapperBase.java:1337)
	at org.apache.tomcat.websocket.server.WsRemoteEndpointImplServer.doWrite(WsRemoteEndpointImplServer.java:171)
	at org.apache.tomcat.websocket.WsRemoteEndpointImplBase.writeMessagePart(WsRemoteEndpointImplBase.java:516)
	at org.apache.tomcat.websocket.WsRemoteEndpointImplBase.sendMessageBlock(WsRemoteEndpointImplBase.java:308)
	... 32 more
Error processing message from room 10: java.io.IOException: Broken pipe
java.io.IOException: java.io.IOException: Broken pipe
	at org.apache.tomcat.websocket.WsRemoteEndpointImplBase.sendMessageBlock(WsRemoteEndpointImplBase.java:321)
	at org.apache.tomcat.websocket.WsRemoteEndpointImplBase.sendMessageBlock(WsRemoteEndpointImplBase.java:250)
	at org.apache.tomcat.websocket.WsRemoteEndpointImplBase.sendPartialString(WsRemoteEndpointImplBase.java:223)
	at org.apache.tomcat.websocket.WsRemoteEndpointBasic.sendText(WsRemoteEndpointBasic.java:48)
	at org.springframework.web.socket.adapter.standard.StandardWebSocketSession.sendTextMessage(StandardWebSocketSession.java:217)
	at org.springframework.web.socket.adapter.AbstractWebSocketSession.sendMessage(AbstractWebSocketSession.java:108)
	at edu.northeastern.cs6650.server.ChatWebSocketHandler.sendAck(ChatWebSocketHandler.java:121)
	at edu.northeastern.cs6650.server.ChatWebSocketHandler.handleTextMessage(ChatWebSocketHandler.java:72)
	at org.springframework.web.socket.handler.AbstractWebSocketHandler.handleMessage(AbstractWebSocketHandler.java:43)
	at org.springframework.web.socket.handler.WebSocketHandlerDecorator.handleMessage(WebSocketHandlerDecorator.java:75)
	at org.springframework.web.socket.handler.LoggingWebSocketHandlerDecorator.handleMessage(LoggingWebSocketHandlerDecorator.java:56)
	at org.springframework.web.socket.handler.ExceptionWebSocketHandlerDecorator.handleMessage(ExceptionWebSocketHandlerDecorator.java:58)
	at org.springframework.web.socket.adapter.standard.StandardWebSocketHandlerAdapter.handleTextMessage(StandardWebSocketHandlerAdapter.java:113)
	at org.springframework.web.socket.adapter.standard.StandardWebSocketHandlerAdapter$3.onMessage(StandardWebSocketHandlerAdapter.java:84)
	at org.springframework.web.socket.adapter.standard.StandardWebSocketHandlerAdapter$3.onMessage(StandardWebSocketHandlerAdapter.java:81)
	at org.apache.tomcat.websocket.WsFrameBase.sendMessageText(WsFrameBase.java:390)
	at org.apache.tomcat.websocket.server.WsFrameServer.sendMessageText(WsFrameServer.java:130)
	at org.apache.tomcat.websocket.WsFrameBase.processDataText(WsFrameBase.java:484)
	at org.apache.tomcat.websocket.WsFrameBase.processData(WsFrameBase.java:284)
	at org.apache.tomcat.websocket.WsFrameBase.processInputBuffer(WsFrameBase.java:130)
	at org.apache.tomcat.websocket.server.WsFrameServer.onDataAvailable(WsFrameServer.java:85)
	at org.apache.tomcat.websocket.server.WsFrameServer.doOnDataAvailable(WsFrameServer.java:184)
	at org.apache.tomcat.websocket.server.WsFrameServer.notifyDataAvailable(WsFrameServer.java:164)
	at org.apache.tomcat.websocket.server.WsHttpUpgradeHandler.upgradeDispatch(WsHttpUpgradeHandler.java:152)
	at org.apache.coyote.http11.upgrade.UpgradeProcessorInternal.dispatch(UpgradeProcessorInternal.java:60)
	at org.apache.coyote.AbstractProcessorLight.process(AbstractProcessorLight.java:57)
	at org.apache.coyote.AbstractProtocol$ConnectionHandler.process(AbstractProtocol.java:896)
	at org.apache.tomcat.util.net.NioEndpoint$SocketProcessor.doRun(NioEndpoint.java:1736)
	at org.apache.tomcat.util.net.SocketProcessorBase.run(SocketProcessorBase.java:52)
	at org.apache.tomcat.util.threads.ThreadPoolExecutor.runWorker(ThreadPoolExecutor.java:1191)
	at org.apache.tomcat.util.threads.ThreadPoolExecutor$Worker.run(ThreadPoolExecutor.java:659)
	at org.apache.tomcat.util.threads.TaskThread$WrappingRunnable.run(TaskThread.java:63)
	at java.base/java.lang.Thread.run(Thread.java:1575)
Caused by: java.io.IOException: Broken pipe
	at java.base/sun.nio.ch.SocketDispatcher.writev0(Native Method)
	at java.base/sun.nio.ch.SocketDispatcher.writev(SocketDispatcher.java:66)
	at java.base/sun.nio.ch.IOUtil.write(IOUtil.java:227)
	at java.base/sun.nio.ch.IOUtil.write(IOUtil.java:158)
	at java.base/sun.nio.ch.SocketChannelImpl.implWrite(SocketChannelImpl.java:597)
	at java.base/sun.nio.ch.SocketChannelImpl.write(SocketChannelImpl.java:631)
	at org.apache.tomcat.util.net.NioChannel.write(NioChannel.java:130)
	at org.apache.tomcat.util.net.NioEndpoint$NioSocketWrapper$NioOperationState.run(NioEndpoint.java:1627)
	at org.apache.tomcat.util.net.SocketWrapperBase$OperationState.start(SocketWrapperBase.java:1051)
	at org.apache.tomcat.util.net.SocketWrapperBase.vectoredOperation(SocketWrapperBase.java:1440)
	at org.apache.tomcat.util.net.SocketWrapperBase.write(SocketWrapperBase.java:1366)
	at org.apache.tomcat.util.net.SocketWrapperBase.write(SocketWrapperBase.java:1337)
	at org.apache.tomcat.websocket.server.WsRemoteEndpointImplServer.doWrite(WsRemoteEndpointImplServer.java:171)
	at org.apache.tomcat.websocket.WsRemoteEndpointImplBase.writeMessagePart(WsRemoteEndpointImplBase.java:516)
	at org.apache.tomcat.websocket.WsRemoteEndpointImplBase.sendMessageBlock(WsRemoteEndpointImplBase.java:308)
	... 32 more
Error processing message from room 15: java.io.IOException: Broken pipe
java.io.IOException: java.io.IOException: Broken pipe
	at org.apache.tomcat.websocket.WsRemoteEndpointImplBase.sendMessageBlock(WsRemoteEndpointImplBase.java:321)
	at org.apache.tomcat.websocket.WsRemoteEndpointImplBase.sendMessageBlock(WsRemoteEndpointImplBase.java:250)
	at org.apache.tomcat.websocket.WsRemoteEndpointImplBase.sendPartialString(WsRemoteEndpointImplBase.java:223)
	at org.apache.tomcat.websocket.WsRemoteEndpointBasic.sendText(WsRemoteEndpointBasic.java:48)
	at org.springframework.web.socket.adapter.standard.StandardWebSocketSession.sendTextMessage(StandardWebSocketSession.java:217)
	at org.springframework.web.socket.adapter.AbstractWebSocketSession.sendMessage(AbstractWebSocketSession.java:108)
	at edu.northeastern.cs6650.server.ChatWebSocketHandler.sendAck(ChatWebSocketHandler.java:121)
	at edu.northeastern.cs6650.server.ChatWebSocketHandler.handleTextMessage(ChatWebSocketHandler.java:72)
	at org.springframework.web.socket.handler.AbstractWebSocketHandler.handleMessage(AbstractWebSocketHandler.java:43)
	at org.springframework.web.socket.handler.WebSocketHandlerDecorator.handleMessage(WebSocketHandlerDecorator.java:75)
	at org.springframework.web.socket.handler.LoggingWebSocketHandlerDecorator.handleMessage(LoggingWebSocketHandlerDecorator.java:56)
	at org.springframework.web.socket.handler.ExceptionWebSocketHandlerDecorator.handleMessage(ExceptionWebSocketHandlerDecorator.java:58)
	at org.springframework.web.socket.adapter.standard.StandardWebSocketHandlerAdapter.handleTextMessage(StandardWebSocketHandlerAdapter.java:113)
	at org.springframework.web.socket.adapter.standard.StandardWebSocketHandlerAdapter$3.onMessage(StandardWebSocketHandlerAdapter.java:84)
	at org.springframework.web.socket.adapter.standard.StandardWebSocketHandlerAdapter$3.onMessage(StandardWebSocketHandlerAdapter.java:81)
	at org.apache.tomcat.websocket.WsFrameBase.sendMessageText(WsFrameBase.java:390)
	at org.apache.tomcat.websocket.server.WsFrameServer.sendMessageText(WsFrameServer.java:130)
	at org.apache.tomcat.websocket.WsFrameBase.processDataText(WsFrameBase.java:484)
	at org.apache.tomcat.websocket.WsFrameBase.processData(WsFrameBase.java:284)
	at org.apache.tomcat.websocket.WsFrameBase.processInputBuffer(WsFrameBase.java:130)
	at org.apache.tomcat.websocket.server.WsFrameServer.onDataAvailable(WsFrameServer.java:85)
	at org.apache.tomcat.websocket.server.WsFrameServer.doOnDataAvailable(WsFrameServer.java:184)
	at org.apache.tomcat.websocket.server.WsFrameServer.notifyDataAvailable(WsFrameServer.java:164)
	at org.apache.tomcat.websocket.server.WsHttpUpgradeHandler.upgradeDispatch(WsHttpUpgradeHandler.java:152)
	at org.apache.coyote.http11.upgrade.UpgradeProcessorInternal.dispatch(UpgradeProcessorInternal.java:60)
	at org.apache.coyote.AbstractProcessorLight.process(AbstractProcessorLight.java:57)
	at org.apache.coyote.AbstractProtocol$ConnectionHandler.process(AbstractProtocol.java:896)
	at org.apache.tomcat.util.net.NioEndpoint$SocketProcessor.doRun(NioEndpoint.java:1736)
	at org.apache.tomcat.util.net.SocketProcessorBase.run(SocketProcessorBase.java:52)
	at org.apache.tomcat.util.threads.ThreadPoolExecutor.runWorker(ThreadPoolExecutor.java:1191)
	at org.apache.tomcat.util.threads.ThreadPoolExecutor$Worker.run(ThreadPoolExecutor.java:659)
	at org.apache.tomcat.util.threads.TaskThread$WrappingRunnable.run(TaskThread.java:63)
	at java.base/java.lang.Thread.run(Thread.java:1575)
Caused by: java.io.IOException: Broken pipe
	at java.base/sun.nio.ch.SocketDispatcher.writev0(Native Method)
	at java.base/sun.nio.ch.SocketDispatcher.writev(SocketDispatcher.java:66)
	at java.base/sun.nio.ch.IOUtil.write(IOUtil.java:227)
	at java.base/sun.nio.ch.IOUtil.write(IOUtil.java:158)
	at java.base/sun.nio.ch.SocketChannelImpl.implWrite(SocketChannelImpl.java:597)
	at java.base/sun.nio.ch.SocketChannelImpl.write(SocketChannelImpl.java:631)
	at org.apache.tomcat.util.net.NioChannel.write(NioChannel.java:130)
	at org.apache.tomcat.util.net.NioEndpoint$NioSocketWrapper$NioOperationState.run(NioEndpoint.java:1627)
	at org.apache.tomcat.util.net.SocketWrapperBase$OperationState.start(SocketWrapperBase.java:1051)
	at org.apache.tomcat.util.net.SocketWrapperBase.vectoredOperation(SocketWrapperBase.java:1440)
	at org.apache.tomcat.util.net.SocketWrapperBase.write(SocketWrapperBase.java:1366)
	at org.apache.tomcat.util.net.SocketWrapperBase.write(SocketWrapperBase.java:1337)
	at org.apache.tomcat.websocket.server.WsRemoteEndpointImplServer.doWrite(WsRemoteEndpointImplServer.java:171)
	at org.apache.tomcat.websocket.WsRemoteEndpointImplBase.writeMessagePart(WsRemoteEndpointImplBase.java:516)
	at org.apache.tomcat.websocket.WsRemoteEndpointImplBase.sendMessageBlock(WsRemoteEndpointImplBase.java:308)
	... 32 more
Error processing message from room 3: java.io.IOException: Broken pipe
java.io.IOException: java.io.IOException: Broken pipe
	at org.apache.tomcat.websocket.WsRemoteEndpointImplBase.sendMessageBlock(WsRemoteEndpointImplBase.java:321)
	at org.apache.tomcat.websocket.WsRemoteEndpointImplBase.sendMessageBlock(WsRemoteEndpointImplBase.java:250)
	at org.apache.tomcat.websocket.WsRemoteEndpointImplBase.sendPartialString(WsRemoteEndpointImplBase.java:223)
	at org.apache.tomcat.websocket.WsRemoteEndpointBasic.sendText(WsRemoteEndpointBasic.java:48)
	at org.springframework.web.socket.adapter.standard.StandardWebSocketSession.sendTextMessage(StandardWebSocketSession.java:217)
	at org.springframework.web.socket.adapter.AbstractWebSocketSession.sendMessage(AbstractWebSocketSession.java:108)
	at edu.northeastern.cs6650.server.ChatWebSocketHandler.sendAck(ChatWebSocketHandler.java:121)
	at edu.northeastern.cs6650.server.ChatWebSocketHandler.handleTextMessage(ChatWebSocketHandler.java:72)
	at org.springframework.web.socket.handler.AbstractWebSocketHandler.handleMessage(AbstractWebSocketHandler.java:43)
	at org.springframework.web.socket.handler.WebSocketHandlerDecorator.handleMessage(WebSocketHandlerDecorator.java:75)
	at org.springframework.web.socket.handler.LoggingWebSocketHandlerDecorator.handleMessage(LoggingWebSocketHandlerDecorator.java:56)
	at org.springframework.web.socket.handler.ExceptionWebSocketHandlerDecorator.handleMessage(ExceptionWebSocketHandlerDecorator.java:58)
	at org.springframework.web.socket.adapter.standard.StandardWebSocketHandlerAdapter.handleTextMessage(StandardWebSocketHandlerAdapter.java:113)
	at org.springframework.web.socket.adapter.standard.StandardWebSocketHandlerAdapter$3.onMessage(StandardWebSocketHandlerAdapter.java:84)
	at org.springframework.web.socket.adapter.standard.StandardWebSocketHandlerAdapter$3.onMessage(StandardWebSocketHandlerAdapter.java:81)
	at org.apache.tomcat.websocket.WsFrameBase.sendMessageText(WsFrameBase.java:390)
	at org.apache.tomcat.websocket.server.WsFrameServer.sendMessageText(WsFrameServer.java:130)
	at org.apache.tomcat.websocket.WsFrameBase.processDataText(WsFrameBase.java:484)
	at org.apache.tomcat.websocket.WsFrameBase.processData(WsFrameBase.java:284)
	at org.apache.tomcat.websocket.WsFrameBase.processInputBuffer(WsFrameBase.java:130)
	at org.apache.tomcat.websocket.server.WsFrameServer.onDataAvailable(WsFrameServer.java:85)
	at org.apache.tomcat.websocket.server.WsFrameServer.doOnDataAvailable(WsFrameServer.java:184)
	at org.apache.tomcat.websocket.server.WsFrameServer.notifyDataAvailable(WsFrameServer.java:164)
	at org.apache.tomcat.websocket.server.WsHttpUpgradeHandler.upgradeDispatch(WsHttpUpgradeHandler.java:152)
	at org.apache.coyote.http11.upgrade.UpgradeProcessorInternal.dispatch(UpgradeProcessorInternal.java:60)
	at org.apache.coyote.AbstractProcessorLight.process(AbstractProcessorLight.java:57)
	at org.apache.coyote.AbstractProtocol$ConnectionHandler.process(AbstractProtocol.java:896)
	at org.apache.tomcat.util.net.NioEndpoint$SocketProcessor.doRun(NioEndpoint.java:1736)
	at org.apache.tomcat.util.net.SocketProcessorBase.run(SocketProcessorBase.java:52)
	at org.apache.tomcat.util.threads.ThreadPoolExecutor.runWorker(ThreadPoolExecutor.java:1191)
	at org.apache.tomcat.util.threads.ThreadPoolExecutor$Worker.run(ThreadPoolExecutor.java:659)
	at org.apache.tomcat.util.threads.TaskThread$WrappingRunnable.run(TaskThread.java:63)
	at java.base/java.lang.Thread.run(Thread.java:1575)
Caused by: java.io.IOException: Broken pipe
	at java.base/sun.nio.ch.SocketDispatcher.writev0(Native Method)
	at java.base/sun.nio.ch.SocketDispatcher.writev(SocketDispatcher.java:66)
	at java.base/sun.nio.ch.IOUtil.write(IOUtil.java:227)
	at java.base/sun.nio.ch.IOUtil.write(IOUtil.java:158)
	at java.base/sun.nio.ch.SocketChannelImpl.implWrite(SocketChannelImpl.java:597)
	at java.base/sun.nio.ch.SocketChannelImpl.write(SocketChannelImpl.java:631)
	at org.apache.tomcat.util.net.NioChannel.write(NioChannel.java:130)
	at org.apache.tomcat.util.net.NioEndpoint$NioSocketWrapper$NioOperationState.run(NioEndpoint.java:1627)
	at org.apache.tomcat.util.net.SocketWrapperBase$OperationState.start(SocketWrapperBase.java:1051)
	at org.apache.tomcat.util.net.SocketWrapperBase.vectoredOperation(SocketWrapperBase.java:1440)
	at org.apache.tomcat.util.net.SocketWrapperBase.write(SocketWrapperBase.java:1366)
	at org.apache.tomcat.util.net.SocketWrapperBase.write(SocketWrapperBase.java:1337)
	at org.apache.tomcat.websocket.server.WsRemoteEndpointImplServer.doWrite(WsRemoteEndpointImplServer.java:171)
	at org.apache.tomcat.websocket.WsRemoteEndpointImplBase.writeMessagePart(WsRemoteEndpointImplBase.java:516)
	at org.apache.tomcat.websocket.WsRemoteEndpointImplBase.sendMessageBlock(WsRemoteEndpointImplBase.java:308)
	... 32 more
Error processing message from room 11: java.io.IOException: Broken pipe
java.io.IOException: java.io.IOException: Broken pipe
	at org.apache.tomcat.websocket.WsRemoteEndpointImplBase.sendMessageBlock(WsRemoteEndpointImplBase.java:321)
	at org.apache.tomcat.websocket.WsRemoteEndpointImplBase.sendMessageBlock(WsRemoteEndpointImplBase.java:250)
	at org.apache.tomcat.websocket.WsRemoteEndpointImplBase.sendPartialString(WsRemoteEndpointImplBase.java:223)
	at org.apache.tomcat.websocket.WsRemoteEndpointBasic.sendText(WsRemoteEndpointBasic.java:48)
	at org.springframework.web.socket.adapter.standard.StandardWebSocketSession.sendTextMessage(StandardWebSocketSession.java:217)
	at org.springframework.web.socket.adapter.AbstractWebSocketSession.sendMessage(AbstractWebSocketSession.java:108)
	at edu.northeastern.cs6650.server.ChatWebSocketHandler.sendAck(ChatWebSocketHandler.java:121)
	at edu.northeastern.cs6650.server.ChatWebSocketHandler.handleTextMessage(ChatWebSocketHandler.java:72)
	at org.springframework.web.socket.handler.AbstractWebSocketHandler.handleMessage(AbstractWebSocketHandler.java:43)
	at org.springframework.web.socket.handler.WebSocketHandlerDecorator.handleMessage(WebSocketHandlerDecorator.java:75)
	at org.springframework.web.socket.handler.LoggingWebSocketHandlerDecorator.handleMessage(LoggingWebSocketHandlerDecorator.java:56)
	at org.springframework.web.socket.handler.ExceptionWebSocketHandlerDecorator.handleMessage(ExceptionWebSocketHandlerDecorator.java:58)
	at org.springframework.web.socket.adapter.standard.StandardWebSocketHandlerAdapter.handleTextMessage(StandardWebSocketHandlerAdapter.java:113)
	at org.springframework.web.socket.adapter.standard.StandardWebSocketHandlerAdapter$3.onMessage(StandardWebSocketHandlerAdapter.java:84)
	at org.springframework.web.socket.adapter.standard.StandardWebSocketHandlerAdapter$3.onMessage(StandardWebSocketHandlerAdapter.java:81)
	at org.apache.tomcat.websocket.WsFrameBase.sendMessageText(WsFrameBase.java:390)
	at org.apache.tomcat.websocket.server.WsFrameServer.sendMessageText(WsFrameServer.java:130)
	at org.apache.tomcat.websocket.WsFrameBase.processDataText(WsFrameBase.java:484)
	at org.apache.tomcat.websocket.WsFrameBase.processData(WsFrameBase.java:284)
	at org.apache.tomcat.websocket.WsFrameBase.processInputBuffer(WsFrameBase.java:130)
	at org.apache.tomcat.websocket.server.WsFrameServer.onDataAvailable(WsFrameServer.java:85)
	at org.apache.tomcat.websocket.server.WsFrameServer.doOnDataAvailable(WsFrameServer.java:184)
	at org.apache.tomcat.websocket.server.WsFrameServer.notifyDataAvailable(WsFrameServer.java:164)
	at org.apache.tomcat.websocket.server.WsHttpUpgradeHandler.upgradeDispatch(WsHttpUpgradeHandler.java:152)
	at org.apache.coyote.http11.upgrade.UpgradeProcessorInternal.dispatch(UpgradeProcessorInternal.java:60)
	at org.apache.coyote.AbstractProcessorLight.process(AbstractProcessorLight.java:57)
	at org.apache.coyote.AbstractProtocol$ConnectionHandler.process(AbstractProtocol.java:896)
	at org.apache.tomcat.util.net.NioEndpoint$SocketProcessor.doRun(NioEndpoint.java:1736)
	at org.apache.tomcat.util.net.SocketProcessorBase.run(SocketProcessorBase.java:52)
	at org.apache.tomcat.util.threads.ThreadPoolExecutor.runWorker(ThreadPoolExecutor.java:1191)
	at org.apache.tomcat.util.threads.ThreadPoolExecutor$Worker.run(ThreadPoolExecutor.java:659)
	at org.apache.tomcat.util.threads.TaskThread$WrappingRunnable.run(TaskThread.java:63)
	at java.base/java.lang.Thread.run(Thread.java:1575)
Caused by: java.io.IOException: Broken pipe
	at java.base/sun.nio.ch.SocketDispatcher.writev0(Native Method)
	at java.base/sun.nio.ch.SocketDispatcher.writev(SocketDispatcher.java:66)
	at java.base/sun.nio.ch.IOUtil.write(IOUtil.java:227)
	at java.base/sun.nio.ch.IOUtil.write(IOUtil.java:158)
	at java.base/sun.nio.ch.SocketChannelImpl.implWrite(SocketChannelImpl.java:597)
	at java.base/sun.nio.ch.SocketChannelImpl.write(SocketChannelImpl.java:631)
	at org.apache.tomcat.util.net.NioChannel.write(NioChannel.java:130)
	at org.apache.tomcat.util.net.NioEndpoint$NioSocketWrapper$NioOperationState.run(NioEndpoint.java:1627)
	at org.apache.tomcat.util.net.SocketWrapperBase$OperationState.start(SocketWrapperBase.java:1051)
	at org.apache.tomcat.util.net.SocketWrapperBase.vectoredOperation(SocketWrapperBase.java:1440)
	at org.apache.tomcat.util.net.SocketWrapperBase.write(SocketWrapperBase.java:1366)
	at org.apache.tomcat.util.net.SocketWrapperBase.write(SocketWrapperBase.java:1337)
	at org.apache.tomcat.websocket.server.WsRemoteEndpointImplServer.doWrite(WsRemoteEndpointImplServer.java:171)
	at org.apache.tomcat.websocket.WsRemoteEndpointImplBase.writeMessagePart(WsRemoteEndpointImplBase.java:516)
	at org.apache.tomcat.websocket.WsRemoteEndpointImplBase.sendMessageBlock(WsRemoteEndpointImplBase.java:308)
	... 32 more
Error processing message from room 13: java.io.IOException: Broken pipe
java.io.IOException: java.io.IOException: Broken pipe
	at org.apache.tomcat.websocket.WsRemoteEndpointImplBase.sendMessageBlock(WsRemoteEndpointImplBase.java:321)
	at org.apache.tomcat.websocket.WsRemoteEndpointImplBase.sendMessageBlock(WsRemoteEndpointImplBase.java:250)
	at org.apache.tomcat.websocket.WsRemoteEndpointImplBase.sendPartialString(WsRemoteEndpointImplBase.java:223)
	at org.apache.tomcat.websocket.WsRemoteEndpointBasic.sendText(WsRemoteEndpointBasic.java:48)
	at org.springframework.web.socket.adapter.standard.StandardWebSocketSession.sendTextMessage(StandardWebSocketSession.java:217)
	at org.springframework.web.socket.adapter.AbstractWebSocketSession.sendMessage(AbstractWebSocketSession.java:108)
	at edu.northeastern.cs6650.server.ChatWebSocketHandler.sendAck(ChatWebSocketHandler.java:121)
	at edu.northeastern.cs6650.server.ChatWebSocketHandler.handleTextMessage(ChatWebSocketHandler.java:72)
	at org.springframework.web.socket.handler.AbstractWebSocketHandler.handleMessage(AbstractWebSocketHandler.java:43)
	at org.springframework.web.socket.handler.WebSocketHandlerDecorator.handleMessage(WebSocketHandlerDecorator.java:75)
	at org.springframework.web.socket.handler.LoggingWebSocketHandlerDecorator.handleMessage(LoggingWebSocketHandlerDecorator.java:56)
	at org.springframework.web.socket.handler.ExceptionWebSocketHandlerDecorator.handleMessage(ExceptionWebSocketHandlerDecorator.java:58)
	at org.springframework.web.socket.adapter.standard.StandardWebSocketHandlerAdapter.handleTextMessage(StandardWebSocketHandlerAdapter.java:113)
	at org.springframework.web.socket.adapter.standard.StandardWebSocketHandlerAdapter$3.onMessage(StandardWebSocketHandlerAdapter.java:84)
	at org.springframework.web.socket.adapter.standard.StandardWebSocketHandlerAdapter$3.onMessage(StandardWebSocketHandlerAdapter.java:81)
	at org.apache.tomcat.websocket.WsFrameBase.sendMessageText(WsFrameBase.java:390)
	at org.apache.tomcat.websocket.server.WsFrameServer.sendMessageText(WsFrameServer.java:130)
	at org.apache.tomcat.websocket.WsFrameBase.processDataText(WsFrameBase.java:484)
	at org.apache.tomcat.websocket.WsFrameBase.processData(WsFrameBase.java:284)
	at org.apache.tomcat.websocket.WsFrameBase.processInputBuffer(WsFrameBase.java:130)
	at org.apache.tomcat.websocket.server.WsFrameServer.onDataAvailable(WsFrameServer.java:85)
	at org.apache.tomcat.websocket.server.WsFrameServer.doOnDataAvailable(WsFrameServer.java:184)
	at org.apache.tomcat.websocket.server.WsFrameServer.notifyDataAvailable(WsFrameServer.java:164)
	at org.apache.tomcat.websocket.server.WsHttpUpgradeHandler.upgradeDispatch(WsHttpUpgradeHandler.java:152)
	at org.apache.coyote.http11.upgrade.UpgradeProcessorInternal.dispatch(UpgradeProcessorInternal.java:60)
	at org.apache.coyote.AbstractProcessorLight.process(AbstractProcessorLight.java:57)
	at org.apache.coyote.AbstractProtocol$ConnectionHandler.process(AbstractProtocol.java:896)
	at org.apache.tomcat.util.net.NioEndpoint$SocketProcessor.doRun(NioEndpoint.java:1736)
	at org.apache.tomcat.util.net.SocketProcessorBase.run(SocketProcessorBase.java:52)
	at org.apache.tomcat.util.threads.ThreadPoolExecutor.runWorker(ThreadPoolExecutor.java:1191)
	at org.apache.tomcat.util.threads.ThreadPoolExecutor$Worker.run(ThreadPoolExecutor.java:659)
	at org.apache.tomcat.util.threads.TaskThread$WrappingRunnable.run(TaskThread.java:63)
	at java.base/java.lang.Thread.run(Thread.java:1575)
Caused by: java.io.IOException: Broken pipe
	at java.base/sun.nio.ch.SocketDispatcher.writev0(Native Method)
	at java.base/sun.nio.ch.SocketDispatcher.writev(SocketDispatcher.java:66)
	at java.base/sun.nio.ch.IOUtil.write(IOUtil.java:227)
	at java.base/sun.nio.ch.IOUtil.write(IOUtil.java:158)
	at java.base/sun.nio.ch.SocketChannelImpl.implWrite(SocketChannelImpl.java:597)
	at java.base/sun.nio.ch.SocketChannelImpl.write(SocketChannelImpl.java:631)
	at org.apache.tomcat.util.net.NioChannel.write(NioChannel.java:130)
	at org.apache.tomcat.util.net.NioEndpoint$NioSocketWrapper$NioOperationState.run(NioEndpoint.java:1627)
	at org.apache.tomcat.util.net.SocketWrapperBase$OperationState.start(SocketWrapperBase.java:1051)
	at org.apache.tomcat.util.net.SocketWrapperBase.vectoredOperation(SocketWrapperBase.java:1440)
	at org.apache.tomcat.util.net.SocketWrapperBase.write(SocketWrapperBase.java:1366)
	at org.apache.tomcat.util.net.SocketWrapperBase.write(SocketWrapperBase.java:1337)
	at org.apache.tomcat.websocket.server.WsRemoteEndpointImplServer.doWrite(WsRemoteEndpointImplServer.java:171)
	at org.apache.tomcat.websocket.WsRemoteEndpointImplBase.writeMessagePart(WsRemoteEndpointImplBase.java:516)
	at org.apache.tomcat.websocket.WsRemoteEndpointImplBase.sendMessageBlock(WsRemoteEndpointImplBase.java:308)
	... 32 more
Error processing message from room 10: java.io.IOException: Broken pipe
java.io.IOException: java.io.IOException: Broken pipe
	at org.apache.tomcat.websocket.WsRemoteEndpointImplBase.sendMessageBlock(WsRemoteEndpointImplBase.java:321)
	at org.apache.tomcat.websocket.WsRemoteEndpointImplBase.sendMessageBlock(WsRemoteEndpointImplBase.java:250)
	at org.apache.tomcat.websocket.WsRemoteEndpointImplBase.sendPartialString(WsRemoteEndpointImplBase.java:223)
	at org.apache.tomcat.websocket.WsRemoteEndpointBasic.sendText(WsRemoteEndpointBasic.java:48)
	at org.springframework.web.socket.adapter.standard.StandardWebSocketSession.sendTextMessage(StandardWebSocketSession.java:217)
	at org.springframework.web.socket.adapter.AbstractWebSocketSession.sendMessage(AbstractWebSocketSession.java:108)
	at edu.northeastern.cs6650.server.ChatWebSocketHandler.sendAck(ChatWebSocketHandler.java:121)
	at edu.northeastern.cs6650.server.ChatWebSocketHandler.handleTextMessage(ChatWebSocketHandler.java:72)
	at org.springframework.web.socket.handler.AbstractWebSocketHandler.handleMessage(AbstractWebSocketHandler.java:43)
	at org.springframework.web.socket.handler.WebSocketHandlerDecorator.handleMessage(WebSocketHandlerDecorator.java:75)
	at org.springframework.web.socket.handler.LoggingWebSocketHandlerDecorator.handleMessage(LoggingWebSocketHandlerDecorator.java:56)
	at org.springframework.web.socket.handler.ExceptionWebSocketHandlerDecorator.handleMessage(ExceptionWebSocketHandlerDecorator.java:58)
	at org.springframework.web.socket.adapter.standard.StandardWebSocketHandlerAdapter.handleTextMessage(StandardWebSocketHandlerAdapter.java:113)
	at org.springframework.web.socket.adapter.standard.StandardWebSocketHandlerAdapter$3.onMessage(StandardWebSocketHandlerAdapter.java:84)
	at org.springframework.web.socket.adapter.standard.StandardWebSocketHandlerAdapter$3.onMessage(StandardWebSocketHandlerAdapter.java:81)
	at org.apache.tomcat.websocket.WsFrameBase.sendMessageText(WsFrameBase.java:390)
	at org.apache.tomcat.websocket.server.WsFrameServer.sendMessageText(WsFrameServer.java:130)
	at org.apache.tomcat.websocket.WsFrameBase.processDataText(WsFrameBase.java:484)
	at org.apache.tomcat.websocket.WsFrameBase.processData(WsFrameBase.java:284)
	at org.apache.tomcat.websocket.WsFrameBase.processInputBuffer(WsFrameBase.java:130)
	at org.apache.tomcat.websocket.server.WsFrameServer.onDataAvailable(WsFrameServer.java:85)
	at org.apache.tomcat.websocket.server.WsFrameServer.doOnDataAvailable(WsFrameServer.java:184)
	at org.apache.tomcat.websocket.server.WsFrameServer.notifyDataAvailable(WsFrameServer.java:164)
	at org.apache.tomcat.websocket.server.WsHttpUpgradeHandler.upgradeDispatch(WsHttpUpgradeHandler.java:152)
	at org.apache.coyote.http11.upgrade.UpgradeProcessorInternal.dispatch(UpgradeProcessorInternal.java:60)
	at org.apache.coyote.AbstractProcessorLight.process(AbstractProcessorLight.java:57)
	at org.apache.coyote.AbstractProtocol$ConnectionHandler.process(AbstractProtocol.java:896)
	at org.apache.tomcat.util.net.NioEndpoint$SocketProcessor.doRun(NioEndpoint.java:1736)
	at org.apache.tomcat.util.net.SocketProcessorBase.run(SocketProcessorBase.java:52)
	at org.apache.tomcat.util.threads.ThreadPoolExecutor.runWorker(ThreadPoolExecutor.java:1191)
	at org.apache.tomcat.util.threads.ThreadPoolExecutor$Worker.run(ThreadPoolExecutor.java:659)
	at org.apache.tomcat.util.threads.TaskThread$WrappingRunnable.run(TaskThread.java:63)
	at java.base/java.lang.Thread.run(Thread.java:1575)
Caused by: java.io.IOException: Broken pipe
	at java.base/sun.nio.ch.SocketDispatcher.writev0(Native Method)
	at java.base/sun.nio.ch.SocketDispatcher.writev(SocketDispatcher.java:66)
	at java.base/sun.nio.ch.IOUtil.write(IOUtil.java:227)
	at java.base/sun.nio.ch.IOUtil.write(IOUtil.java:158)
	at java.base/sun.nio.ch.SocketChannelImpl.implWrite(SocketChannelImpl.java:597)
	at java.base/sun.nio.ch.SocketChannelImpl.write(SocketChannelImpl.java:631)
	at org.apache.tomcat.util.net.NioChannel.write(NioChannel.java:130)
	at org.apache.tomcat.util.net.NioEndpoint$NioSocketWrapper$NioOperationState.run(NioEndpoint.java:1627)
	at org.apache.tomcat.util.net.SocketWrapperBase$OperationState.start(SocketWrapperBase.java:1051)
	at org.apache.tomcat.util.net.SocketWrapperBase.vectoredOperation(SocketWrapperBase.java:1440)
	at org.apache.tomcat.util.net.SocketWrapperBase.write(SocketWrapperBase.java:1366)
	at org.apache.tomcat.util.net.SocketWrapperBase.write(SocketWrapperBase.java:1337)
	at org.apache.tomcat.websocket.server.WsRemoteEndpointImplServer.doWrite(WsRemoteEndpointImplServer.java:171)
	at org.apache.tomcat.websocket.WsRemoteEndpointImplBase.writeMessagePart(WsRemoteEndpointImplBase.java:516)
	at org.apache.tomcat.websocket.WsRemoteEndpointImplBase.sendMessageBlock(WsRemoteEndpointImplBase.java:308)
	... 32 more
Error processing message from room 9: java.io.IOException: Broken pipe
java.io.IOException: java.io.IOException: Broken pipe
	at org.apache.tomcat.websocket.WsRemoteEndpointImplBase.sendMessageBlock(WsRemoteEndpointImplBase.java:321)
	at org.apache.tomcat.websocket.WsRemoteEndpointImplBase.sendMessageBlock(WsRemoteEndpointImplBase.java:250)
	at org.apache.tomcat.websocket.WsRemoteEndpointImplBase.sendPartialString(WsRemoteEndpointImplBase.java:223)
	at org.apache.tomcat.websocket.WsRemoteEndpointBasic.sendText(WsRemoteEndpointBasic.java:48)
	at org.springframework.web.socket.adapter.standard.StandardWebSocketSession.sendTextMessage(StandardWebSocketSession.java:217)
	at org.springframework.web.socket.adapter.AbstractWebSocketSession.sendMessage(AbstractWebSocketSession.java:108)
	at edu.northeastern.cs6650.server.ChatWebSocketHandler.sendAck(ChatWebSocketHandler.java:121)
	at edu.northeastern.cs6650.server.ChatWebSocketHandler.handleTextMessage(ChatWebSocketHandler.java:72)
	at org.springframework.web.socket.handler.AbstractWebSocketHandler.handleMessage(AbstractWebSocketHandler.java:43)
	at org.springframework.web.socket.handler.WebSocketHandlerDecorator.handleMessage(WebSocketHandlerDecorator.java:75)
	at org.springframework.web.socket.handler.LoggingWebSocketHandlerDecorator.handleMessage(LoggingWebSocketHandlerDecorator.java:56)
	at org.springframework.web.socket.handler.ExceptionWebSocketHandlerDecorator.handleMessage(ExceptionWebSocketHandlerDecorator.java:58)
	at org.springframework.web.socket.adapter.standard.StandardWebSocketHandlerAdapter.handleTextMessage(StandardWebSocketHandlerAdapter.java:113)
	at org.springframework.web.socket.adapter.standard.StandardWebSocketHandlerAdapter$3.onMessage(StandardWebSocketHandlerAdapter.java:84)
	at org.springframework.web.socket.adapter.standard.StandardWebSocketHandlerAdapter$3.onMessage(StandardWebSocketHandlerAdapter.java:81)
	at org.apache.tomcat.websocket.WsFrameBase.sendMessageText(WsFrameBase.java:390)
	at org.apache.tomcat.websocket.server.WsFrameServer.sendMessageText(WsFrameServer.java:130)
	at org.apache.tomcat.websocket.WsFrameBase.processDataText(WsFrameBase.java:484)
	at org.apache.tomcat.websocket.WsFrameBase.processData(WsFrameBase.java:284)
	at org.apache.tomcat.websocket.WsFrameBase.processInputBuffer(WsFrameBase.java:130)
	at org.apache.tomcat.websocket.server.WsFrameServer.onDataAvailable(WsFrameServer.java:85)
	at org.apache.tomcat.websocket.server.WsFrameServer.doOnDataAvailable(WsFrameServer.java:184)
	at org.apache.tomcat.websocket.server.WsFrameServer.notifyDataAvailable(WsFrameServer.java:164)
	at org.apache.tomcat.websocket.server.WsHttpUpgradeHandler.upgradeDispatch(WsHttpUpgradeHandler.java:152)
	at org.apache.coyote.http11.upgrade.UpgradeProcessorInternal.dispatch(UpgradeProcessorInternal.java:60)
	at org.apache.coyote.AbstractProcessorLight.process(AbstractProcessorLight.java:57)
	at org.apache.coyote.AbstractProtocol$ConnectionHandler.process(AbstractProtocol.java:896)
	at org.apache.tomcat.util.net.NioEndpoint$SocketProcessor.doRun(NioEndpoint.java:1736)
	at org.apache.tomcat.util.net.SocketProcessorBase.run(SocketProcessorBase.java:52)
	at org.apache.tomcat.util.threads.ThreadPoolExecutor.runWorker(ThreadPoolExecutor.java:1191)
	at org.apache.tomcat.util.threads.ThreadPoolExecutor$Worker.run(ThreadPoolExecutor.java:659)
	at org.apache.tomcat.util.threads.TaskThread$WrappingRunnable.run(TaskThread.java:63)
	at java.base/java.lang.Thread.run(Thread.java:1575)
Caused by: java.io.IOException: Broken pipe
	at java.base/sun.nio.ch.SocketDispatcher.writev0(Native Method)
	at java.base/sun.nio.ch.SocketDispatcher.writev(SocketDispatcher.java:66)
	at java.base/sun.nio.ch.IOUtil.write(IOUtil.java:227)
	at java.base/sun.nio.ch.IOUtil.write(IOUtil.java:158)
	at java.base/sun.nio.ch.SocketChannelImpl.implWrite(SocketChannelImpl.java:597)
	at java.base/sun.nio.ch.SocketChannelImpl.write(SocketChannelImpl.java:631)
	at org.apache.tomcat.util.net.NioChannel.write(NioChannel.java:130)
	at org.apache.tomcat.util.net.NioEndpoint$NioSocketWrapper$NioOperationState.run(NioEndpoint.java:1627)
	at org.apache.tomcat.util.net.SocketWrapperBase$OperationState.start(SocketWrapperBase.java:1051)
	at org.apache.tomcat.util.net.SocketWrapperBase.vectoredOperation(SocketWrapperBase.java:1440)
	at org.apache.tomcat.util.net.SocketWrapperBase.write(SocketWrapperBase.java:1366)
	at org.apache.tomcat.util.net.SocketWrapperBase.write(SocketWrapperBase.java:1337)
	at org.apache.tomcat.websocket.server.WsRemoteEndpointImplServer.doWrite(WsRemoteEndpointImplServer.java:171)
	at org.apache.tomcat.websocket.WsRemoteEndpointImplBase.writeMessagePart(WsRemoteEndpointImplBase.java:516)
	at org.apache.tomcat.websocket.WsRemoteEndpointImplBase.sendMessageBlock(WsRemoteEndpointImplBase.java:308)
	... 32 more
Error processing message from room 14: java.io.IOException: Broken pipe
java.io.IOException: java.io.IOException: Broken pipe
	at org.apache.tomcat.websocket.WsRemoteEndpointImplBase.sendMessageBlock(WsRemoteEndpointImplBase.java:321)
	at org.apache.tomcat.websocket.WsRemoteEndpointImplBase.sendMessageBlock(WsRemoteEndpointImplBase.java:250)
	at org.apache.tomcat.websocket.WsRemoteEndpointImplBase.sendPartialString(WsRemoteEndpointImplBase.java:223)
	at org.apache.tomcat.websocket.WsRemoteEndpointBasic.sendText(WsRemoteEndpointBasic.java:48)
	at org.springframework.web.socket.adapter.standard.StandardWebSocketSession.sendTextMessage(StandardWebSocketSession.java:217)
	at org.springframework.web.socket.adapter.AbstractWebSocketSession.sendMessage(AbstractWebSocketSession.java:108)
	at edu.northeastern.cs6650.server.ChatWebSocketHandler.sendAck(ChatWebSocketHandler.java:121)
	at edu.northeastern.cs6650.server.ChatWebSocketHandler.handleTextMessage(ChatWebSocketHandler.java:72)
	at org.springframework.web.socket.handler.AbstractWebSocketHandler.handleMessage(AbstractWebSocketHandler.java:43)
	at org.springframework.web.socket.handler.WebSocketHandlerDecorator.handleMessage(WebSocketHandlerDecorator.java:75)
	at org.springframework.web.socket.handler.LoggingWebSocketHandlerDecorator.handleMessage(LoggingWebSocketHandlerDecorator.java:56)
	at org.springframework.web.socket.handler.ExceptionWebSocketHandlerDecorator.handleMessage(ExceptionWebSocketHandlerDecorator.java:58)
	at org.springframework.web.socket.adapter.standard.StandardWebSocketHandlerAdapter.handleTextMessage(StandardWebSocketHandlerAdapter.java:113)
	at org.springframework.web.socket.adapter.standard.StandardWebSocketHandlerAdapter$3.onMessage(StandardWebSocketHandlerAdapter.java:84)
	at org.springframework.web.socket.adapter.standard.StandardWebSocketHandlerAdapter$3.onMessage(StandardWebSocketHandlerAdapter.java:81)
	at org.apache.tomcat.websocket.WsFrameBase.sendMessageText(WsFrameBase.java:390)
	at org.apache.tomcat.websocket.server.WsFrameServer.sendMessageText(WsFrameServer.java:130)
	at org.apache.tomcat.websocket.WsFrameBase.processDataText(WsFrameBase.java:484)
	at org.apache.tomcat.websocket.WsFrameBase.processData(WsFrameBase.java:284)
	at org.apache.tomcat.websocket.WsFrameBase.processInputBuffer(WsFrameBase.java:130)
	at org.apache.tomcat.websocket.server.WsFrameServer.onDataAvailable(WsFrameServer.java:85)
	at org.apache.tomcat.websocket.server.WsFrameServer.doOnDataAvailable(WsFrameServer.java:184)
	at org.apache.tomcat.websocket.server.WsFrameServer.notifyDataAvailable(WsFrameServer.java:164)
	at org.apache.tomcat.websocket.server.WsHttpUpgradeHandler.upgradeDispatch(WsHttpUpgradeHandler.java:152)
	at org.apache.coyote.http11.upgrade.UpgradeProcessorInternal.dispatch(UpgradeProcessorInternal.java:60)
	at org.apache.coyote.AbstractProcessorLight.process(AbstractProcessorLight.java:57)
	at org.apache.coyote.AbstractProtocol$ConnectionHandler.process(AbstractProtocol.java:896)
	at org.apache.tomcat.util.net.NioEndpoint$SocketProcessor.doRun(NioEndpoint.java:1736)
	at org.apache.tomcat.util.net.SocketProcessorBase.run(SocketProcessorBase.java:52)
	at org.apache.tomcat.util.threads.ThreadPoolExecutor.runWorker(ThreadPoolExecutor.java:1191)
	at org.apache.tomcat.util.threads.ThreadPoolExecutor$Worker.run(ThreadPoolExecutor.java:659)
	at org.apache.tomcat.util.threads.TaskThread$WrappingRunnable.run(TaskThread.java:63)
	at java.base/java.lang.Thread.run(Thread.java:1575)
Caused by: java.io.IOException: Broken pipe
	at java.base/sun.nio.ch.SocketDispatcher.writev0(Native Method)
	at java.base/sun.nio.ch.SocketDispatcher.writev(SocketDispatcher.java:66)
	at java.base/sun.nio.ch.IOUtil.write(IOUtil.java:227)
	at java.base/sun.nio.ch.IOUtil.write(IOUtil.java:158)
	at java.base/sun.nio.ch.SocketChannelImpl.implWrite(SocketChannelImpl.java:597)
	at java.base/sun.nio.ch.SocketChannelImpl.write(SocketChannelImpl.java:631)
	at org.apache.tomcat.util.net.NioChannel.write(NioChannel.java:130)
	at org.apache.tomcat.util.net.NioEndpoint$NioSocketWrapper$NioOperationState.run(NioEndpoint.java:1627)
	at org.apache.tomcat.util.net.SocketWrapperBase$OperationState.start(SocketWrapperBase.java:1051)
	at org.apache.tomcat.util.net.SocketWrapperBase.vectoredOperation(SocketWrapperBase.java:1440)
	at org.apache.tomcat.util.net.SocketWrapperBase.write(SocketWrapperBase.java:1366)
	at org.apache.tomcat.util.net.SocketWrapperBase.write(SocketWrapperBase.java:1337)
	at org.apache.tomcat.websocket.server.WsRemoteEndpointImplServer.doWrite(WsRemoteEndpointImplServer.java:171)
	at org.apache.tomcat.websocket.WsRemoteEndpointImplBase.writeMessagePart(WsRemoteEndpointImplBase.java:516)
	at org.apache.tomcat.websocket.WsRemoteEndpointImplBase.sendMessageBlock(WsRemoteEndpointImplBase.java:308)
	... 32 more
Error processing message from room 18: java.io.IOException: Broken pipe
java.io.IOException: java.io.IOException: Broken pipe
	at org.apache.tomcat.websocket.WsRemoteEndpointImplBase.sendMessageBlock(WsRemoteEndpointImplBase.java:321)
	at org.apache.tomcat.websocket.WsRemoteEndpointImplBase.sendMessageBlock(WsRemoteEndpointImplBase.java:250)
	at org.apache.tomcat.websocket.WsRemoteEndpointImplBase.sendPartialString(WsRemoteEndpointImplBase.java:223)
	at org.apache.tomcat.websocket.WsRemoteEndpointBasic.sendText(WsRemoteEndpointBasic.java:48)
	at org.springframework.web.socket.adapter.standard.StandardWebSocketSession.sendTextMessage(StandardWebSocketSession.java:217)
	at org.springframework.web.socket.adapter.AbstractWebSocketSession.sendMessage(AbstractWebSocketSession.java:108)
	at edu.northeastern.cs6650.server.ChatWebSocketHandler.sendAck(ChatWebSocketHandler.java:121)
	at edu.northeastern.cs6650.server.ChatWebSocketHandler.handleTextMessage(ChatWebSocketHandler.java:72)
	at org.springframework.web.socket.handler.AbstractWebSocketHandler.handleMessage(AbstractWebSocketHandler.java:43)
	at org.springframework.web.socket.handler.WebSocketHandlerDecorator.handleMessage(WebSocketHandlerDecorator.java:75)
	at org.springframework.web.socket.handler.LoggingWebSocketHandlerDecorator.handleMessage(LoggingWebSocketHandlerDecorator.java:56)
	at org.springframework.web.socket.handler.ExceptionWebSocketHandlerDecorator.handleMessage(ExceptionWebSocketHandlerDecorator.java:58)
	at org.springframework.web.socket.adapter.standard.StandardWebSocketHandlerAdapter.handleTextMessage(StandardWebSocketHandlerAdapter.java:113)
	at org.springframework.web.socket.adapter.standard.StandardWebSocketHandlerAdapter$3.onMessage(StandardWebSocketHandlerAdapter.java:84)
	at org.springframework.web.socket.adapter.standard.StandardWebSocketHandlerAdapter$3.onMessage(StandardWebSocketHandlerAdapter.java:81)
	at org.apache.tomcat.websocket.WsFrameBase.sendMessageText(WsFrameBase.java:390)
	at org.apache.tomcat.websocket.server.WsFrameServer.sendMessageText(WsFrameServer.java:130)
	at org.apache.tomcat.websocket.WsFrameBase.processDataText(WsFrameBase.java:484)
	at org.apache.tomcat.websocket.WsFrameBase.processData(WsFrameBase.java:284)
	at org.apache.tomcat.websocket.WsFrameBase.processInputBuffer(WsFrameBase.java:130)
	at org.apache.tomcat.websocket.server.WsFrameServer.onDataAvailable(WsFrameServer.java:85)
	at org.apache.tomcat.websocket.server.WsFrameServer.doOnDataAvailable(WsFrameServer.java:184)
	at org.apache.tomcat.websocket.server.WsFrameServer.notifyDataAvailable(WsFrameServer.java:164)
	at org.apache.tomcat.websocket.server.WsHttpUpgradeHandler.upgradeDispatch(WsHttpUpgradeHandler.java:152)
	at org.apache.coyote.http11.upgrade.UpgradeProcessorInternal.dispatch(UpgradeProcessorInternal.java:60)
	at org.apache.coyote.AbstractProcessorLight.process(AbstractProcessorLight.java:57)
	at org.apache.coyote.AbstractProtocol$ConnectionHandler.process(AbstractProtocol.java:896)
	at org.apache.tomcat.util.net.NioEndpoint$SocketProcessor.doRun(NioEndpoint.java:1736)
	at org.apache.tomcat.util.net.SocketProcessorBase.run(SocketProcessorBase.java:52)
	at org.apache.tomcat.util.threads.ThreadPoolExecutor.runWorker(ThreadPoolExecutor.java:1191)
	at org.apache.tomcat.util.threads.ThreadPoolExecutor$Worker.run(ThreadPoolExecutor.java:659)
	at org.apache.tomcat.util.threads.TaskThread$WrappingRunnable.run(TaskThread.java:63)
	at java.base/java.lang.Thread.run(Thread.java:1575)
Caused by: java.io.IOException: Broken pipe
	at java.base/sun.nio.ch.SocketDispatcher.writev0(Native Method)
	at java.base/sun.nio.ch.SocketDispatcher.writev(SocketDispatcher.java:66)
	at java.base/sun.nio.ch.IOUtil.write(IOUtil.java:227)
	at java.base/sun.nio.ch.IOUtil.write(IOUtil.java:158)
	at java.base/sun.nio.ch.SocketChannelImpl.implWrite(SocketChannelImpl.java:597)
	at java.base/sun.nio.ch.SocketChannelImpl.write(SocketChannelImpl.java:631)
	at org.apache.tomcat.util.net.NioChannel.write(NioChannel.java:130)
	at org.apache.tomcat.util.net.NioEndpoint$NioSocketWrapper$NioOperationState.run(NioEndpoint.java:1627)
	at org.apache.tomcat.util.net.SocketWrapperBase$OperationState.start(SocketWrapperBase.java:1051)
	at org.apache.tomcat.util.net.SocketWrapperBase.vectoredOperation(SocketWrapperBase.java:1440)
	at org.apache.tomcat.util.net.SocketWrapperBase.write(SocketWrapperBase.java:1366)
	at org.apache.tomcat.util.net.SocketWrapperBase.write(SocketWrapperBase.java:1337)
	at org.apache.tomcat.websocket.server.WsRemoteEndpointImplServer.doWrite(WsRemoteEndpointImplServer.java:171)
	at org.apache.tomcat.websocket.WsRemoteEndpointImplBase.writeMessagePart(WsRemoteEndpointImplBase.java:516)
	at org.apache.tomcat.websocket.WsRemoteEndpointImplBase.sendMessageBlock(WsRemoteEndpointImplBase.java:308)
	... 32 more
Error processing message from room 6: java.io.IOException: Broken pipe
java.io.IOException: java.io.IOException: Broken pipe
	at org.apache.tomcat.websocket.WsRemoteEndpointImplBase.sendMessageBlock(WsRemoteEndpointImplBase.java:321)
	at org.apache.tomcat.websocket.WsRemoteEndpointImplBase.sendMessageBlock(WsRemoteEndpointImplBase.java:250)
	at org.apache.tomcat.websocket.WsRemoteEndpointImplBase.sendPartialString(WsRemoteEndpointImplBase.java:223)
	at org.apache.tomcat.websocket.WsRemoteEndpointBasic.sendText(WsRemoteEndpointBasic.java:48)
	at org.springframework.web.socket.adapter.standard.StandardWebSocketSession.sendTextMessage(StandardWebSocketSession.java:217)
	at org.springframework.web.socket.adapter.AbstractWebSocketSession.sendMessage(AbstractWebSocketSession.java:108)
	at edu.northeastern.cs6650.server.ChatWebSocketHandler.sendAck(ChatWebSocketHandler.java:121)
	at edu.northeastern.cs6650.server.ChatWebSocketHandler.handleTextMessage(ChatWebSocketHandler.java:72)
	at org.springframework.web.socket.handler.AbstractWebSocketHandler.handleMessage(AbstractWebSocketHandler.java:43)
	at org.springframework.web.socket.handler.WebSocketHandlerDecorator.handleMessage(WebSocketHandlerDecorator.java:75)
	at org.springframework.web.socket.handler.LoggingWebSocketHandlerDecorator.handleMessage(LoggingWebSocketHandlerDecorator.java:56)
	at org.springframework.web.socket.handler.ExceptionWebSocketHandlerDecorator.handleMessage(ExceptionWebSocketHandlerDecorator.java:58)
	at org.springframework.web.socket.adapter.standard.StandardWebSocketHandlerAdapter.handleTextMessage(StandardWebSocketHandlerAdapter.java:113)
	at org.springframework.web.socket.adapter.standard.StandardWebSocketHandlerAdapter$3.onMessage(StandardWebSocketHandlerAdapter.java:84)
	at org.springframework.web.socket.adapter.standard.StandardWebSocketHandlerAdapter$3.onMessage(StandardWebSocketHandlerAdapter.java:81)
	at org.apache.tomcat.websocket.WsFrameBase.sendMessageText(WsFrameBase.java:390)
	at org.apache.tomcat.websocket.server.WsFrameServer.sendMessageText(WsFrameServer.java:130)
	at org.apache.tomcat.websocket.WsFrameBase.processDataText(WsFrameBase.java:484)
	at org.apache.tomcat.websocket.WsFrameBase.processData(WsFrameBase.java:284)
	at org.apache.tomcat.websocket.WsFrameBase.processInputBuffer(WsFrameBase.java:130)
	at org.apache.tomcat.websocket.server.WsFrameServer.onDataAvailable(WsFrameServer.java:85)
	at org.apache.tomcat.websocket.server.WsFrameServer.doOnDataAvailable(WsFrameServer.java:184)
	at org.apache.tomcat.websocket.server.WsFrameServer.notifyDataAvailable(WsFrameServer.java:164)
	at org.apache.tomcat.websocket.server.WsHttpUpgradeHandler.upgradeDispatch(WsHttpUpgradeHandler.java:152)
	at org.apache.coyote.http11.upgrade.UpgradeProcessorInternal.dispatch(UpgradeProcessorInternal.java:60)
	at org.apache.coyote.AbstractProcessorLight.process(AbstractProcessorLight.java:57)
	at org.apache.coyote.AbstractProtocol$ConnectionHandler.process(AbstractProtocol.java:896)
	at org.apache.tomcat.util.net.NioEndpoint$SocketProcessor.doRun(NioEndpoint.java:1736)
	at org.apache.tomcat.util.net.SocketProcessorBase.run(SocketProcessorBase.java:52)
	at org.apache.tomcat.util.threads.ThreadPoolExecutor.runWorker(ThreadPoolExecutor.java:1191)
	at org.apache.tomcat.util.threads.ThreadPoolExecutor$Worker.run(ThreadPoolExecutor.java:659)
	at org.apache.tomcat.util.threads.TaskThread$WrappingRunnable.run(TaskThread.java:63)
	at java.base/java.lang.Thread.run(Thread.java:1575)
Caused by: java.io.IOException: Broken pipe
	at java.base/sun.nio.ch.SocketDispatcher.writev0(Native Method)
	at java.base/sun.nio.ch.SocketDispatcher.writev(SocketDispatcher.java:66)
	at java.base/sun.nio.ch.IOUtil.write(IOUtil.java:227)
	at java.base/sun.nio.ch.IOUtil.write(IOUtil.java:158)
	at java.base/sun.nio.ch.SocketChannelImpl.implWrite(SocketChannelImpl.java:597)
	at java.base/sun.nio.ch.SocketChannelImpl.write(SocketChannelImpl.java:631)
	at org.apache.tomcat.util.net.NioChannel.write(NioChannel.java:130)
	at org.apache.tomcat.util.net.NioEndpoint$NioSocketWrapper$NioOperationState.run(NioEndpoint.java:1627)
	at org.apache.tomcat.util.net.SocketWrapperBase$OperationState.start(SocketWrapperBase.java:1051)
	at org.apache.tomcat.util.net.SocketWrapperBase.vectoredOperation(SocketWrapperBase.java:1440)
	at org.apache.tomcat.util.net.SocketWrapperBase.write(SocketWrapperBase.java:1366)
	at org.apache.tomcat.util.net.SocketWrapperBase.write(SocketWrapperBase.java:1337)
	at org.apache.tomcat.websocket.server.WsRemoteEndpointImplServer.doWrite(WsRemoteEndpointImplServer.java:171)
	at org.apache.tomcat.websocket.WsRemoteEndpointImplBase.writeMessagePart(WsRemoteEndpointImplBase.java:516)
	at org.apache.tomcat.websocket.WsRemoteEndpointImplBase.sendMessageBlock(WsRemoteEndpointImplBase.java:308)
	... 32 more
Error processing message from room 5: java.io.IOException: Broken pipe
java.io.IOException: java.io.IOException: Broken pipe
	at org.apache.tomcat.websocket.WsRemoteEndpointImplBase.sendMessageBlock(WsRemoteEndpointImplBase.java:321)
	at org.apache.tomcat.websocket.WsRemoteEndpointImplBase.sendMessageBlock(WsRemoteEndpointImplBase.java:250)
	at org.apache.tomcat.websocket.WsRemoteEndpointImplBase.sendPartialString(WsRemoteEndpointImplBase.java:223)
	at org.apache.tomcat.websocket.WsRemoteEndpointBasic.sendText(WsRemoteEndpointBasic.java:48)
	at org.springframework.web.socket.adapter.standard.StandardWebSocketSession.sendTextMessage(StandardWebSocketSession.java:217)
	at org.springframework.web.socket.adapter.AbstractWebSocketSession.sendMessage(AbstractWebSocketSession.java:108)
	at edu.northeastern.cs6650.server.ChatWebSocketHandler.sendAck(ChatWebSocketHandler.java:121)
	at edu.northeastern.cs6650.server.ChatWebSocketHandler.handleTextMessage(ChatWebSocketHandler.java:72)
	at org.springframework.web.socket.handler.AbstractWebSocketHandler.handleMessage(AbstractWebSocketHandler.java:43)
	at org.springframework.web.socket.handler.WebSocketHandlerDecorator.handleMessage(WebSocketHandlerDecorator.java:75)
	at org.springframework.web.socket.handler.LoggingWebSocketHandlerDecorator.handleMessage(LoggingWebSocketHandlerDecorator.java:56)
	at org.springframework.web.socket.handler.ExceptionWebSocketHandlerDecorator.handleMessage(ExceptionWebSocketHandlerDecorator.java:58)
	at org.springframework.web.socket.adapter.standard.StandardWebSocketHandlerAdapter.handleTextMessage(StandardWebSocketHandlerAdapter.java:113)
	at org.springframework.web.socket.adapter.standard.StandardWebSocketHandlerAdapter$3.onMessage(StandardWebSocketHandlerAdapter.java:84)
	at org.springframework.web.socket.adapter.standard.StandardWebSocketHandlerAdapter$3.onMessage(StandardWebSocketHandlerAdapter.java:81)
	at org.apache.tomcat.websocket.WsFrameBase.sendMessageText(WsFrameBase.java:390)
	at org.apache.tomcat.websocket.server.WsFrameServer.sendMessageText(WsFrameServer.java:130)
	at org.apache.tomcat.websocket.WsFrameBase.processDataText(WsFrameBase.java:484)
	at org.apache.tomcat.websocket.WsFrameBase.processData(WsFrameBase.java:284)
	at org.apache.tomcat.websocket.WsFrameBase.processInputBuffer(WsFrameBase.java:130)
	at org.apache.tomcat.websocket.server.WsFrameServer.onDataAvailable(WsFrameServer.java:85)
	at org.apache.tomcat.websocket.server.WsFrameServer.doOnDataAvailable(WsFrameServer.java:184)
	at org.apache.tomcat.websocket.server.WsFrameServer.notifyDataAvailable(WsFrameServer.java:164)
	at org.apache.tomcat.websocket.server.WsHttpUpgradeHandler.upgradeDispatch(WsHttpUpgradeHandler.java:152)
	at org.apache.coyote.http11.upgrade.UpgradeProcessorInternal.dispatch(UpgradeProcessorInternal.java:60)
	at org.apache.coyote.AbstractProcessorLight.process(AbstractProcessorLight.java:57)
	at org.apache.coyote.AbstractProtocol$ConnectionHandler.process(AbstractProtocol.java:896)
	at org.apache.tomcat.util.net.NioEndpoint$SocketProcessor.doRun(NioEndpoint.java:1736)
	at org.apache.tomcat.util.net.SocketProcessorBase.run(SocketProcessorBase.java:52)
	at org.apache.tomcat.util.threads.ThreadPoolExecutor.runWorker(ThreadPoolExecutor.java:1191)
	at org.apache.tomcat.util.threads.ThreadPoolExecutor$Worker.run(ThreadPoolExecutor.java:659)
	at org.apache.tomcat.util.threads.TaskThread$WrappingRunnable.run(TaskThread.java:63)
	at java.base/java.lang.Thread.run(Thread.java:1575)
Caused by: java.io.IOException: Broken pipe
	at java.base/sun.nio.ch.SocketDispatcher.writev0(Native Method)
	at java.base/sun.nio.ch.SocketDispatcher.writev(SocketDispatcher.java:66)
	at java.base/sun.nio.ch.IOUtil.write(IOUtil.java:227)
	at java.base/sun.nio.ch.IOUtil.write(IOUtil.java:158)
	at java.base/sun.nio.ch.SocketChannelImpl.implWrite(SocketChannelImpl.java:597)
	at java.base/sun.nio.ch.SocketChannelImpl.write(SocketChannelImpl.java:631)
	at org.apache.tomcat.util.net.NioChannel.write(NioChannel.java:130)
	at org.apache.tomcat.util.net.NioEndpoint$NioSocketWrapper$NioOperationState.run(NioEndpoint.java:1627)
	at org.apache.tomcat.util.net.SocketWrapperBase$OperationState.start(SocketWrapperBase.java:1051)
	at org.apache.tomcat.util.net.SocketWrapperBase.vectoredOperation(SocketWrapperBase.java:1440)
	at org.apache.tomcat.util.net.SocketWrapperBase.write(SocketWrapperBase.java:1366)
	at org.apache.tomcat.util.net.SocketWrapperBase.write(SocketWrapperBase.java:1337)
	at org.apache.tomcat.websocket.server.WsRemoteEndpointImplServer.doWrite(WsRemoteEndpointImplServer.java:171)
	at org.apache.tomcat.websocket.WsRemoteEndpointImplBase.writeMessagePart(WsRemoteEndpointImplBase.java:516)
	at org.apache.tomcat.websocket.WsRemoteEndpointImplBase.sendMessageBlock(WsRemoteEndpointImplBase.java:308)
	... 32 more
Error processing message from room 12: java.io.IOException: Broken pipe
java.io.IOException: java.io.IOException: Broken pipe
	at org.apache.tomcat.websocket.WsRemoteEndpointImplBase.sendMessageBlock(WsRemoteEndpointImplBase.java:321)
	at org.apache.tomcat.websocket.WsRemoteEndpointImplBase.sendMessageBlock(WsRemoteEndpointImplBase.java:250)
	at org.apache.tomcat.websocket.WsRemoteEndpointImplBase.sendPartialString(WsRemoteEndpointImplBase.java:223)
	at org.apache.tomcat.websocket.WsRemoteEndpointBasic.sendText(WsRemoteEndpointBasic.java:48)
	at org.springframework.web.socket.adapter.standard.StandardWebSocketSession.sendTextMessage(StandardWebSocketSession.java:217)
	at org.springframework.web.socket.adapter.AbstractWebSocketSession.sendMessage(AbstractWebSocketSession.java:108)
	at edu.northeastern.cs6650.server.ChatWebSocketHandler.sendAck(ChatWebSocketHandler.java:121)
	at edu.northeastern.cs6650.server.ChatWebSocketHandler.handleTextMessage(ChatWebSocketHandler.java:72)
	at org.springframework.web.socket.handler.AbstractWebSocketHandler.handleMessage(AbstractWebSocketHandler.java:43)
	at org.springframework.web.socket.handler.WebSocketHandlerDecorator.handleMessage(WebSocketHandlerDecorator.java:75)
	at org.springframework.web.socket.handler.LoggingWebSocketHandlerDecorator.handleMessage(LoggingWebSocketHandlerDecorator.java:56)
	at org.springframework.web.socket.handler.ExceptionWebSocketHandlerDecorator.handleMessage(ExceptionWebSocketHandlerDecorator.java:58)
	at org.springframework.web.socket.adapter.standard.StandardWebSocketHandlerAdapter.handleTextMessage(StandardWebSocketHandlerAdapter.java:113)
	at org.springframework.web.socket.adapter.standard.StandardWebSocketHandlerAdapter$3.onMessage(StandardWebSocketHandlerAdapter.java:84)
	at org.springframework.web.socket.adapter.standard.StandardWebSocketHandlerAdapter$3.onMessage(StandardWebSocketHandlerAdapter.java:81)
	at org.apache.tomcat.websocket.WsFrameBase.sendMessageText(WsFrameBase.java:390)
	at org.apache.tomcat.websocket.server.WsFrameServer.sendMessageText(WsFrameServer.java:130)
	at org.apache.tomcat.websocket.WsFrameBase.processDataText(WsFrameBase.java:484)
	at org.apache.tomcat.websocket.WsFrameBase.processData(WsFrameBase.java:284)
	at org.apache.tomcat.websocket.WsFrameBase.processInputBuffer(WsFrameBase.java:130)
	at org.apache.tomcat.websocket.server.WsFrameServer.onDataAvailable(WsFrameServer.java:85)
	at org.apache.tomcat.websocket.server.WsFrameServer.doOnDataAvailable(WsFrameServer.java:184)
	at org.apache.tomcat.websocket.server.WsFrameServer.notifyDataAvailable(WsFrameServer.java:164)
	at org.apache.tomcat.websocket.server.WsHttpUpgradeHandler.upgradeDispatch(WsHttpUpgradeHandler.java:152)
	at org.apache.coyote.http11.upgrade.UpgradeProcessorInternal.dispatch(UpgradeProcessorInternal.java:60)
	at org.apache.coyote.AbstractProcessorLight.process(AbstractProcessorLight.java:57)
	at org.apache.coyote.AbstractProtocol$ConnectionHandler.process(AbstractProtocol.java:896)
	at org.apache.tomcat.util.net.NioEndpoint$SocketProcessor.doRun(NioEndpoint.java:1736)
	at org.apache.tomcat.util.net.SocketProcessorBase.run(SocketProcessorBase.java:52)
	at org.apache.tomcat.util.threads.ThreadPoolExecutor.runWorker(ThreadPoolExecutor.java:1191)
	at org.apache.tomcat.util.threads.ThreadPoolExecutor$Worker.run(ThreadPoolExecutor.java:659)
	at org.apache.tomcat.util.threads.TaskThread$WrappingRunnable.run(TaskThread.java:63)
	at java.base/java.lang.Thread.run(Thread.java:1575)
Caused by: java.io.IOException: Broken pipe
	at java.base/sun.nio.ch.SocketDispatcher.writev0(Native Method)
	at java.base/sun.nio.ch.SocketDispatcher.writev(SocketDispatcher.java:66)
	at java.base/sun.nio.ch.IOUtil.write(IOUtil.java:227)
	at java.base/sun.nio.ch.IOUtil.write(IOUtil.java:158)
	at java.base/sun.nio.ch.SocketChannelImpl.implWrite(SocketChannelImpl.java:597)
	at java.base/sun.nio.ch.SocketChannelImpl.write(SocketChannelImpl.java:631)
	at org.apache.tomcat.util.net.NioChannel.write(NioChannel.java:130)
	at org.apache.tomcat.util.net.NioEndpoint$NioSocketWrapper$NioOperationState.run(NioEndpoint.java:1627)
	at org.apache.tomcat.util.net.SocketWrapperBase$OperationState.start(SocketWrapperBase.java:1051)
	at org.apache.tomcat.util.net.SocketWrapperBase.vectoredOperation(SocketWrapperBase.java:1440)
	at org.apache.tomcat.util.net.SocketWrapperBase.write(SocketWrapperBase.java:1366)
	at org.apache.tomcat.util.net.SocketWrapperBase.write(SocketWrapperBase.java:1337)
	at org.apache.tomcat.websocket.server.WsRemoteEndpointImplServer.doWrite(WsRemoteEndpointImplServer.java:171)
	at org.apache.tomcat.websocket.WsRemoteEndpointImplBase.writeMessagePart(WsRemoteEndpointImplBase.java:516)
	at org.apache.tomcat.websocket.WsRemoteEndpointImplBase.sendMessageBlock(WsRemoteEndpointImplBase.java:308)
	... 32 more
Error processing message from room 19: java.io.IOException: Broken pipe
java.io.IOException: java.io.IOException: Broken pipe
	at org.apache.tomcat.websocket.WsRemoteEndpointImplBase.sendMessageBlock(WsRemoteEndpointImplBase.java:321)
	at org.apache.tomcat.websocket.WsRemoteEndpointImplBase.sendMessageBlock(WsRemoteEndpointImplBase.java:250)
	at org.apache.tomcat.websocket.WsRemoteEndpointImplBase.sendPartialString(WsRemoteEndpointImplBase.java:223)
	at org.apache.tomcat.websocket.WsRemoteEndpointBasic.sendText(WsRemoteEndpointBasic.java:48)
	at org.springframework.web.socket.adapter.standard.StandardWebSocketSession.sendTextMessage(StandardWebSocketSession.java:217)
	at org.springframework.web.socket.adapter.AbstractWebSocketSession.sendMessage(AbstractWebSocketSession.java:108)
	at edu.northeastern.cs6650.server.ChatWebSocketHandler.sendAck(ChatWebSocketHandler.java:121)
	at edu.northeastern.cs6650.server.ChatWebSocketHandler.handleTextMessage(ChatWebSocketHandler.java:72)
	at org.springframework.web.socket.handler.AbstractWebSocketHandler.handleMessage(AbstractWebSocketHandler.java:43)
	at org.springframework.web.socket.handler.WebSocketHandlerDecorator.handleMessage(WebSocketHandlerDecorator.java:75)
	at org.springframework.web.socket.handler.LoggingWebSocketHandlerDecorator.handleMessage(LoggingWebSocketHandlerDecorator.java:56)
	at org.springframework.web.socket.handler.ExceptionWebSocketHandlerDecorator.handleMessage(ExceptionWebSocketHandlerDecorator.java:58)
	at org.springframework.web.socket.adapter.standard.StandardWebSocketHandlerAdapter.handleTextMessage(StandardWebSocketHandlerAdapter.java:113)
	at org.springframework.web.socket.adapter.standard.StandardWebSocketHandlerAdapter$3.onMessage(StandardWebSocketHandlerAdapter.java:84)
	at org.springframework.web.socket.adapter.standard.StandardWebSocketHandlerAdapter$3.onMessage(StandardWebSocketHandlerAdapter.java:81)
	at org.apache.tomcat.websocket.WsFrameBase.sendMessageText(WsFrameBase.java:390)
	at org.apache.tomcat.websocket.server.WsFrameServer.sendMessageText(WsFrameServer.java:130)
	at org.apache.tomcat.websocket.WsFrameBase.processDataText(WsFrameBase.java:484)
	at org.apache.tomcat.websocket.WsFrameBase.processData(WsFrameBase.java:284)
	at org.apache.tomcat.websocket.WsFrameBase.processInputBuffer(WsFrameBase.java:130)
	at org.apache.tomcat.websocket.server.WsFrameServer.onDataAvailable(WsFrameServer.java:85)
	at org.apache.tomcat.websocket.server.WsFrameServer.doOnDataAvailable(WsFrameServer.java:184)
	at org.apache.tomcat.websocket.server.WsFrameServer.notifyDataAvailable(WsFrameServer.java:164)
	at org.apache.tomcat.websocket.server.WsHttpUpgradeHandler.upgradeDispatch(WsHttpUpgradeHandler.java:152)
	at org.apache.coyote.http11.upgrade.UpgradeProcessorInternal.dispatch(UpgradeProcessorInternal.java:60)
	at org.apache.coyote.AbstractProcessorLight.process(AbstractProcessorLight.java:57)
	at org.apache.coyote.AbstractProtocol$ConnectionHandler.process(AbstractProtocol.java:896)
	at org.apache.tomcat.util.net.NioEndpoint$SocketProcessor.doRun(NioEndpoint.java:1736)
	at org.apache.tomcat.util.net.SocketProcessorBase.run(SocketProcessorBase.java:52)
	at org.apache.tomcat.util.threads.ThreadPoolExecutor.runWorker(ThreadPoolExecutor.java:1191)
	at org.apache.tomcat.util.threads.ThreadPoolExecutor$Worker.run(ThreadPoolExecutor.java:659)
	at org.apache.tomcat.util.threads.TaskThread$WrappingRunnable.run(TaskThread.java:63)
	at java.base/java.lang.Thread.run(Thread.java:1575)
Caused by: java.io.IOException: Broken pipe
	at java.base/sun.nio.ch.SocketDispatcher.writev0(Native Method)
	at java.base/sun.nio.ch.SocketDispatcher.writev(SocketDispatcher.java:66)
	at java.base/sun.nio.ch.IOUtil.write(IOUtil.java:227)
	at java.base/sun.nio.ch.IOUtil.write(IOUtil.java:158)
	at java.base/sun.nio.ch.SocketChannelImpl.implWrite(SocketChannelImpl.java:597)
	at java.base/sun.nio.ch.SocketChannelImpl.write(SocketChannelImpl.java:631)
	at org.apache.tomcat.util.net.NioChannel.write(NioChannel.java:130)
	at org.apache.tomcat.util.net.NioEndpoint$NioSocketWrapper$NioOperationState.run(NioEndpoint.java:1627)
	at org.apache.tomcat.util.net.SocketWrapperBase$OperationState.start(SocketWrapperBase.java:1051)
	at org.apache.tomcat.util.net.SocketWrapperBase.vectoredOperation(SocketWrapperBase.java:1440)
	at org.apache.tomcat.util.net.SocketWrapperBase.write(SocketWrapperBase.java:1366)
	at org.apache.tomcat.util.net.SocketWrapperBase.write(SocketWrapperBase.java:1337)
	at org.apache.tomcat.websocket.server.WsRemoteEndpointImplServer.doWrite(WsRemoteEndpointImplServer.java:171)
	at org.apache.tomcat.websocket.WsRemoteEndpointImplBase.writeMessagePart(WsRemoteEndpointImplBase.java:516)
	at org.apache.tomcat.websocket.WsRemoteEndpointImplBase.sendMessageBlock(WsRemoteEndpointImplBase.java:308)
	... 32 more
Error processing message from room 4: java.io.IOException: Broken pipe
java.io.IOException: java.io.IOException: Broken pipe
	at org.apache.tomcat.websocket.WsRemoteEndpointImplBase.sendMessageBlock(WsRemoteEndpointImplBase.java:321)
	at org.apache.tomcat.websocket.WsRemoteEndpointImplBase.sendMessageBlock(WsRemoteEndpointImplBase.java:250)
	at org.apache.tomcat.websocket.WsRemoteEndpointImplBase.sendPartialString(WsRemoteEndpointImplBase.java:223)
	at org.apache.tomcat.websocket.WsRemoteEndpointBasic.sendText(WsRemoteEndpointBasic.java:48)
	at org.springframework.web.socket.adapter.standard.StandardWebSocketSession.sendTextMessage(StandardWebSocketSession.java:217)
	at org.springframework.web.socket.adapter.AbstractWebSocketSession.sendMessage(AbstractWebSocketSession.java:108)
	at edu.northeastern.cs6650.server.ChatWebSocketHandler.sendAck(ChatWebSocketHandler.java:121)
	at edu.northeastern.cs6650.server.ChatWebSocketHandler.handleTextMessage(ChatWebSocketHandler.java:72)
	at org.springframework.web.socket.handler.AbstractWebSocketHandler.handleMessage(AbstractWebSocketHandler.java:43)
	at org.springframework.web.socket.handler.WebSocketHandlerDecorator.handleMessage(WebSocketHandlerDecorator.java:75)
	at org.springframework.web.socket.handler.LoggingWebSocketHandlerDecorator.handleMessage(LoggingWebSocketHandlerDecorator.java:56)
	at org.springframework.web.socket.handler.ExceptionWebSocketHandlerDecorator.handleMessage(ExceptionWebSocketHandlerDecorator.java:58)
	at org.springframework.web.socket.adapter.standard.StandardWebSocketHandlerAdapter.handleTextMessage(StandardWebSocketHandlerAdapter.java:113)
	at org.springframework.web.socket.adapter.standard.StandardWebSocketHandlerAdapter$3.onMessage(StandardWebSocketHandlerAdapter.java:84)
	at org.springframework.web.socket.adapter.standard.StandardWebSocketHandlerAdapter$3.onMessage(StandardWebSocketHandlerAdapter.java:81)
	at org.apache.tomcat.websocket.WsFrameBase.sendMessageText(WsFrameBase.java:390)
	at org.apache.tomcat.websocket.server.WsFrameServer.sendMessageText(WsFrameServer.java:130)
	at org.apache.tomcat.websocket.WsFrameBase.processDataText(WsFrameBase.java:484)
	at org.apache.tomcat.websocket.WsFrameBase.processData(WsFrameBase.java:284)
	at org.apache.tomcat.websocket.WsFrameBase.processInputBuffer(WsFrameBase.java:130)
	at org.apache.tomcat.websocket.server.WsFrameServer.onDataAvailable(WsFrameServer.java:85)
	at org.apache.tomcat.websocket.server.WsFrameServer.doOnDataAvailable(WsFrameServer.java:184)
	at org.apache.tomcat.websocket.server.WsFrameServer.notifyDataAvailable(WsFrameServer.java:164)
	at org.apache.tomcat.websocket.server.WsHttpUpgradeHandler.upgradeDispatch(WsHttpUpgradeHandler.java:152)
	at org.apache.coyote.http11.upgrade.UpgradeProcessorInternal.dispatch(UpgradeProcessorInternal.java:60)
	at org.apache.coyote.AbstractProcessorLight.process(AbstractProcessorLight.java:57)
	at org.apache.coyote.AbstractProtocol$ConnectionHandler.process(AbstractProtocol.java:896)
	at org.apache.tomcat.util.net.NioEndpoint$SocketProcessor.doRun(NioEndpoint.java:1736)
	at org.apache.tomcat.util.net.SocketProcessorBase.run(SocketProcessorBase.java:52)
	at org.apache.tomcat.util.threads.ThreadPoolExecutor.runWorker(ThreadPoolExecutor.java:1191)
	at org.apache.tomcat.util.threads.ThreadPoolExecutor$Worker.run(ThreadPoolExecutor.java:659)
	at org.apache.tomcat.util.threads.TaskThread$WrappingRunnable.run(TaskThread.java:63)
	at java.base/java.lang.Thread.run(Thread.java:1575)
Caused by: java.io.IOException: Broken pipe
	at java.base/sun.nio.ch.SocketDispatcher.writev0(Native Method)
	at java.base/sun.nio.ch.SocketDispatcher.writev(SocketDispatcher.java:66)
	at java.base/sun.nio.ch.IOUtil.write(IOUtil.java:227)
	at java.base/sun.nio.ch.IOUtil.write(IOUtil.java:158)
	at java.base/sun.nio.ch.SocketChannelImpl.implWrite(SocketChannelImpl.java:597)
	at java.base/sun.nio.ch.SocketChannelImpl.write(SocketChannelImpl.java:631)
	at org.apache.tomcat.util.net.NioChannel.write(NioChannel.java:130)
	at org.apache.tomcat.util.net.NioEndpoint$NioSocketWrapper$NioOperationState.run(NioEndpoint.java:1627)
	at org.apache.tomcat.util.net.SocketWrapperBase$OperationState.start(SocketWrapperBase.java:1051)
	at org.apache.tomcat.util.net.SocketWrapperBase.vectoredOperation(SocketWrapperBase.java:1440)
	at org.apache.tomcat.util.net.SocketWrapperBase.write(SocketWrapperBase.java:1366)
	at org.apache.tomcat.util.net.SocketWrapperBase.write(SocketWrapperBase.java:1337)
	at org.apache.tomcat.websocket.server.WsRemoteEndpointImplServer.doWrite(WsRemoteEndpointImplServer.java:171)
	at org.apache.tomcat.websocket.WsRemoteEndpointImplBase.writeMessagePart(WsRemoteEndpointImplBase.java:516)
	at org.apache.tomcat.websocket.WsRemoteEndpointImplBase.sendMessageBlock(WsRemoteEndpointImplBase.java:308)
	... 32 more
Error processing message from room 17: java.io.IOException: Broken pipe
java.io.IOException: java.io.IOException: Broken pipe
	at org.apache.tomcat.websocket.WsRemoteEndpointImplBase.sendMessageBlock(WsRemoteEndpointImplBase.java:321)
	at org.apache.tomcat.websocket.WsRemoteEndpointImplBase.sendMessageBlock(WsRemoteEndpointImplBase.java:250)
	at org.apache.tomcat.websocket.WsRemoteEndpointImplBase.sendPartialString(WsRemoteEndpointImplBase.java:223)
	at org.apache.tomcat.websocket.WsRemoteEndpointBasic.sendText(WsRemoteEndpointBasic.java:48)
	at org.springframework.web.socket.adapter.standard.StandardWebSocketSession.sendTextMessage(StandardWebSocketSession.java:217)
	at org.springframework.web.socket.adapter.AbstractWebSocketSession.sendMessage(AbstractWebSocketSession.java:108)
	at edu.northeastern.cs6650.server.ChatWebSocketHandler.sendAck(ChatWebSocketHandler.java:121)
	at edu.northeastern.cs6650.server.ChatWebSocketHandler.handleTextMessage(ChatWebSocketHandler.java:72)
	at org.springframework.web.socket.handler.AbstractWebSocketHandler.handleMessage(AbstractWebSocketHandler.java:43)
	at org.springframework.web.socket.handler.WebSocketHandlerDecorator.handleMessage(WebSocketHandlerDecorator.java:75)
	at org.springframework.web.socket.handler.LoggingWebSocketHandlerDecorator.handleMessage(LoggingWebSocketHandlerDecorator.java:56)
	at org.springframework.web.socket.handler.ExceptionWebSocketHandlerDecorator.handleMessage(ExceptionWebSocketHandlerDecorator.java:58)
	at org.springframework.web.socket.adapter.standard.StandardWebSocketHandlerAdapter.handleTextMessage(StandardWebSocketHandlerAdapter.java:113)
	at org.springframework.web.socket.adapter.standard.StandardWebSocketHandlerAdapter$3.onMessage(StandardWebSocketHandlerAdapter.java:84)
	at org.springframework.web.socket.adapter.standard.StandardWebSocketHandlerAdapter$3.onMessage(StandardWebSocketHandlerAdapter.java:81)
	at org.apache.tomcat.websocket.WsFrameBase.sendMessageText(WsFrameBase.java:390)
	at org.apache.tomcat.websocket.server.WsFrameServer.sendMessageText(WsFrameServer.java:130)
	at org.apache.tomcat.websocket.WsFrameBase.processDataText(WsFrameBase.java:484)
	at org.apache.tomcat.websocket.WsFrameBase.processData(WsFrameBase.java:284)
	at org.apache.tomcat.websocket.WsFrameBase.processInputBuffer(WsFrameBase.java:130)
	at org.apache.tomcat.websocket.server.WsFrameServer.onDataAvailable(WsFrameServer.java:85)
	at org.apache.tomcat.websocket.server.WsFrameServer.doOnDataAvailable(WsFrameServer.java:184)
	at org.apache.tomcat.websocket.server.WsFrameServer.notifyDataAvailable(WsFrameServer.java:164)
	at org.apache.tomcat.websocket.server.WsHttpUpgradeHandler.upgradeDispatch(WsHttpUpgradeHandler.java:152)
	at org.apache.coyote.http11.upgrade.UpgradeProcessorInternal.dispatch(UpgradeProcessorInternal.java:60)
	at org.apache.coyote.AbstractProcessorLight.process(AbstractProcessorLight.java:57)
	at org.apache.coyote.AbstractProtocol$ConnectionHandler.process(AbstractProtocol.java:896)
	at org.apache.tomcat.util.net.NioEndpoint$SocketProcessor.doRun(NioEndpoint.java:1736)
	at org.apache.tomcat.util.net.SocketProcessorBase.run(SocketProcessorBase.java:52)
	at org.apache.tomcat.util.threads.ThreadPoolExecutor.runWorker(ThreadPoolExecutor.java:1191)
	at org.apache.tomcat.util.threads.ThreadPoolExecutor$Worker.run(ThreadPoolExecutor.java:659)
	at org.apache.tomcat.util.threads.TaskThread$WrappingRunnable.run(TaskThread.java:63)
	at java.base/java.lang.Thread.run(Thread.java:1575)
Caused by: java.io.IOException: Broken pipe
	at java.base/sun.nio.ch.SocketDispatcher.writev0(Native Method)
	at java.base/sun.nio.ch.SocketDispatcher.writev(SocketDispatcher.java:66)
	at java.base/sun.nio.ch.IOUtil.write(IOUtil.java:227)
	at java.base/sun.nio.ch.IOUtil.write(IOUtil.java:158)
	at java.base/sun.nio.ch.SocketChannelImpl.implWrite(SocketChannelImpl.java:597)
	at java.base/sun.nio.ch.SocketChannelImpl.write(SocketChannelImpl.java:631)
	at org.apache.tomcat.util.net.NioChannel.write(NioChannel.java:130)
	at org.apache.tomcat.util.net.NioEndpoint$NioSocketWrapper$NioOperationState.run(NioEndpoint.java:1627)
	at org.apache.tomcat.util.net.SocketWrapperBase$OperationState.start(SocketWrapperBase.java:1051)
	at org.apache.tomcat.util.net.SocketWrapperBase.vectoredOperation(SocketWrapperBase.java:1440)
	at org.apache.tomcat.util.net.SocketWrapperBase.write(SocketWrapperBase.java:1366)
	at org.apache.tomcat.util.net.SocketWrapperBase.write(SocketWrapperBase.java:1337)
	at org.apache.tomcat.websocket.server.WsRemoteEndpointImplServer.doWrite(WsRemoteEndpointImplServer.java:171)
	at org.apache.tomcat.websocket.WsRemoteEndpointImplBase.writeMessagePart(WsRemoteEndpointImplBase.java:516)
	at org.apache.tomcat.websocket.WsRemoteEndpointImplBase.sendMessageBlock(WsRemoteEndpointImplBase.java:308)
	... 32 more
Error processing message from room 18: java.io.IOException: Broken pipe
java.io.IOException: java.io.IOException: Broken pipe
	at org.apache.tomcat.websocket.WsRemoteEndpointImplBase.sendMessageBlock(WsRemoteEndpointImplBase.java:321)
	at org.apache.tomcat.websocket.WsRemoteEndpointImplBase.sendMessageBlock(WsRemoteEndpointImplBase.java:250)
	at org.apache.tomcat.websocket.WsRemoteEndpointImplBase.sendPartialString(WsRemoteEndpointImplBase.java:223)
	at org.apache.tomcat.websocket.WsRemoteEndpointBasic.sendText(WsRemoteEndpointBasic.java:48)
	at org.springframework.web.socket.adapter.standard.StandardWebSocketSession.sendTextMessage(StandardWebSocketSession.java:217)
	at org.springframework.web.socket.adapter.AbstractWebSocketSession.sendMessage(AbstractWebSocketSession.java:108)
	at edu.northeastern.cs6650.server.ChatWebSocketHandler.sendAck(ChatWebSocketHandler.java:121)
	at edu.northeastern.cs6650.server.ChatWebSocketHandler.handleTextMessage(ChatWebSocketHandler.java:72)
	at org.springframework.web.socket.handler.AbstractWebSocketHandler.handleMessage(AbstractWebSocketHandler.java:43)
	at org.springframework.web.socket.handler.WebSocketHandlerDecorator.handleMessage(WebSocketHandlerDecorator.java:75)
	at org.springframework.web.socket.handler.LoggingWebSocketHandlerDecorator.handleMessage(LoggingWebSocketHandlerDecorator.java:56)
	at org.springframework.web.socket.handler.ExceptionWebSocketHandlerDecorator.handleMessage(ExceptionWebSocketHandlerDecorator.java:58)
	at org.springframework.web.socket.adapter.standard.StandardWebSocketHandlerAdapter.handleTextMessage(StandardWebSocketHandlerAdapter.java:113)
	at org.springframework.web.socket.adapter.standard.StandardWebSocketHandlerAdapter$3.onMessage(StandardWebSocketHandlerAdapter.java:84)
	at org.springframework.web.socket.adapter.standard.StandardWebSocketHandlerAdapter$3.onMessage(StandardWebSocketHandlerAdapter.java:81)
	at org.apache.tomcat.websocket.WsFrameBase.sendMessageText(WsFrameBase.java:390)
	at org.apache.tomcat.websocket.server.WsFrameServer.sendMessageText(WsFrameServer.java:130)
	at org.apache.tomcat.websocket.WsFrameBase.processDataText(WsFrameBase.java:484)
	at org.apache.tomcat.websocket.WsFrameBase.processData(WsFrameBase.java:284)
	at org.apache.tomcat.websocket.WsFrameBase.processInputBuffer(WsFrameBase.java:130)
	at org.apache.tomcat.websocket.server.WsFrameServer.onDataAvailable(WsFrameServer.java:85)
	at org.apache.tomcat.websocket.server.WsFrameServer.doOnDataAvailable(WsFrameServer.java:184)
	at org.apache.tomcat.websocket.server.WsFrameServer.notifyDataAvailable(WsFrameServer.java:164)
	at org.apache.tomcat.websocket.server.WsHttpUpgradeHandler.upgradeDispatch(WsHttpUpgradeHandler.java:152)
	at org.apache.coyote.http11.upgrade.UpgradeProcessorInternal.dispatch(UpgradeProcessorInternal.java:60)
	at org.apache.coyote.AbstractProcessorLight.process(AbstractProcessorLight.java:57)
	at org.apache.coyote.AbstractProtocol$ConnectionHandler.process(AbstractProtocol.java:896)
	at org.apache.tomcat.util.net.NioEndpoint$SocketProcessor.doRun(NioEndpoint.java:1736)
	at org.apache.tomcat.util.net.SocketProcessorBase.run(SocketProcessorBase.java:52)
	at org.apache.tomcat.util.threads.ThreadPoolExecutor.runWorker(ThreadPoolExecutor.java:1191)
	at org.apache.tomcat.util.threads.ThreadPoolExecutor$Worker.run(ThreadPoolExecutor.java:659)
	at org.apache.tomcat.util.threads.TaskThread$WrappingRunnable.run(TaskThread.java:63)
	at java.base/java.lang.Thread.run(Thread.java:1575)
Caused by: java.io.IOException: Broken pipe
	at java.base/sun.nio.ch.SocketDispatcher.writev0(Native Method)
	at java.base/sun.nio.ch.SocketDispatcher.writev(SocketDispatcher.java:66)
	at java.base/sun.nio.ch.IOUtil.write(IOUtil.java:227)
	at java.base/sun.nio.ch.IOUtil.write(IOUtil.java:158)
	at java.base/sun.nio.ch.SocketChannelImpl.implWrite(SocketChannelImpl.java:597)
	at java.base/sun.nio.ch.SocketChannelImpl.write(SocketChannelImpl.java:631)
	at org.apache.tomcat.util.net.NioChannel.write(NioChannel.java:130)
	at org.apache.tomcat.util.net.NioEndpoint$NioSocketWrapper$NioOperationState.run(NioEndpoint.java:1627)
	at org.apache.tomcat.util.net.SocketWrapperBase$OperationState.start(SocketWrapperBase.java:1051)
	at org.apache.tomcat.util.net.SocketWrapperBase.vectoredOperation(SocketWrapperBase.java:1440)
	at org.apache.tomcat.util.net.SocketWrapperBase.write(SocketWrapperBase.java:1366)
	at org.apache.tomcat.util.net.SocketWrapperBase.write(SocketWrapperBase.java:1337)
	at org.apache.tomcat.websocket.server.WsRemoteEndpointImplServer.doWrite(WsRemoteEndpointImplServer.java:171)
	at org.apache.tomcat.websocket.WsRemoteEndpointImplBase.writeMessagePart(WsRemoteEndpointImplBase.java:516)
	at org.apache.tomcat.websocket.WsRemoteEndpointImplBase.sendMessageBlock(WsRemoteEndpointImplBase.java:308)
	... 32 more
Error processing message from room 2: java.io.IOException: Broken pipe
java.io.IOException: java.io.IOException: Broken pipe
	at org.apache.tomcat.websocket.WsRemoteEndpointImplBase.sendMessageBlock(WsRemoteEndpointImplBase.java:321)
	at org.apache.tomcat.websocket.WsRemoteEndpointImplBase.sendMessageBlock(WsRemoteEndpointImplBase.java:250)
	at org.apache.tomcat.websocket.WsRemoteEndpointImplBase.sendPartialString(WsRemoteEndpointImplBase.java:223)
	at org.apache.tomcat.websocket.WsRemoteEndpointBasic.sendText(WsRemoteEndpointBasic.java:48)
	at org.springframework.web.socket.adapter.standard.StandardWebSocketSession.sendTextMessage(StandardWebSocketSession.java:217)
	at org.springframework.web.socket.adapter.AbstractWebSocketSession.sendMessage(AbstractWebSocketSession.java:108)
	at edu.northeastern.cs6650.server.ChatWebSocketHandler.sendAck(ChatWebSocketHandler.java:121)
	at edu.northeastern.cs6650.server.ChatWebSocketHandler.handleTextMessage(ChatWebSocketHandler.java:72)
	at org.springframework.web.socket.handler.AbstractWebSocketHandler.handleMessage(AbstractWebSocketHandler.java:43)
	at org.springframework.web.socket.handler.WebSocketHandlerDecorator.handleMessage(WebSocketHandlerDecorator.java:75)
	at org.springframework.web.socket.handler.LoggingWebSocketHandlerDecorator.handleMessage(LoggingWebSocketHandlerDecorator.java:56)
	at org.springframework.web.socket.handler.ExceptionWebSocketHandlerDecorator.handleMessage(ExceptionWebSocketHandlerDecorator.java:58)
	at org.springframework.web.socket.adapter.standard.StandardWebSocketHandlerAdapter.handleTextMessage(StandardWebSocketHandlerAdapter.java:113)
	at org.springframework.web.socket.adapter.standard.StandardWebSocketHandlerAdapter$3.onMessage(StandardWebSocketHandlerAdapter.java:84)
	at org.springframework.web.socket.adapter.standard.StandardWebSocketHandlerAdapter$3.onMessage(StandardWebSocketHandlerAdapter.java:81)
	at org.apache.tomcat.websocket.WsFrameBase.sendMessageText(WsFrameBase.java:390)
	at org.apache.tomcat.websocket.server.WsFrameServer.sendMessageText(WsFrameServer.java:130)
	at org.apache.tomcat.websocket.WsFrameBase.processDataText(WsFrameBase.java:484)
	at org.apache.tomcat.websocket.WsFrameBase.processData(WsFrameBase.java:284)
	at org.apache.tomcat.websocket.WsFrameBase.processInputBuffer(WsFrameBase.java:130)
	at org.apache.tomcat.websocket.server.WsFrameServer.onDataAvailable(WsFrameServer.java:85)
	at org.apache.tomcat.websocket.server.WsFrameServer.doOnDataAvailable(WsFrameServer.java:184)
	at org.apache.tomcat.websocket.server.WsFrameServer.notifyDataAvailable(WsFrameServer.java:164)
	at org.apache.tomcat.websocket.server.WsHttpUpgradeHandler.upgradeDispatch(WsHttpUpgradeHandler.java:152)
	at org.apache.coyote.http11.upgrade.UpgradeProcessorInternal.dispatch(UpgradeProcessorInternal.java:60)
	at org.apache.coyote.AbstractProcessorLight.process(AbstractProcessorLight.java:57)
	at org.apache.coyote.AbstractProtocol$ConnectionHandler.process(AbstractProtocol.java:896)
	at org.apache.tomcat.util.net.NioEndpoint$SocketProcessor.doRun(NioEndpoint.java:1736)
	at org.apache.tomcat.util.net.SocketProcessorBase.run(SocketProcessorBase.java:52)
	at org.apache.tomcat.util.threads.ThreadPoolExecutor.runWorker(ThreadPoolExecutor.java:1191)
	at org.apache.tomcat.util.threads.ThreadPoolExecutor$Worker.run(ThreadPoolExecutor.java:659)
	at org.apache.tomcat.util.threads.TaskThread$WrappingRunnable.run(TaskThread.java:63)
	at java.base/java.lang.Thread.run(Thread.java:1575)
Caused by: java.io.IOException: Broken pipe
	at java.base/sun.nio.ch.SocketDispatcher.writev0(Native Method)
	at java.base/sun.nio.ch.SocketDispatcher.writev(SocketDispatcher.java:66)
	at java.base/sun.nio.ch.IOUtil.write(IOUtil.java:227)
	at java.base/sun.nio.ch.IOUtil.write(IOUtil.java:158)
	at java.base/sun.nio.ch.SocketChannelImpl.implWrite(SocketChannelImpl.java:597)
	at java.base/sun.nio.ch.SocketChannelImpl.write(SocketChannelImpl.java:631)
	at org.apache.tomcat.util.net.NioChannel.write(NioChannel.java:130)
	at org.apache.tomcat.util.net.NioEndpoint$NioSocketWrapper$NioOperationState.run(NioEndpoint.java:1627)
	at org.apache.tomcat.util.net.SocketWrapperBase$OperationState.start(SocketWrapperBase.java:1051)
	at org.apache.tomcat.util.net.SocketWrapperBase.vectoredOperation(SocketWrapperBase.java:1440)
	at org.apache.tomcat.util.net.SocketWrapperBase.write(SocketWrapperBase.java:1366)
	at org.apache.tomcat.util.net.SocketWrapperBase.write(SocketWrapperBase.java:1337)
	at org.apache.tomcat.websocket.server.WsRemoteEndpointImplServer.doWrite(WsRemoteEndpointImplServer.java:171)
	at org.apache.tomcat.websocket.WsRemoteEndpointImplBase.writeMessagePart(WsRemoteEndpointImplBase.java:516)
	at org.apache.tomcat.websocket.WsRemoteEndpointImplBase.sendMessageBlock(WsRemoteEndpointImplBase.java:308)
	... 32 more
Error processing message from room 13: java.io.IOException: Broken pipe
java.io.IOException: java.io.IOException: Broken pipe
	at org.apache.tomcat.websocket.WsRemoteEndpointImplBase.sendMessageBlock(WsRemoteEndpointImplBase.java:321)
	at org.apache.tomcat.websocket.WsRemoteEndpointImplBase.sendMessageBlock(WsRemoteEndpointImplBase.java:250)
	at org.apache.tomcat.websocket.WsRemoteEndpointImplBase.sendPartialString(WsRemoteEndpointImplBase.java:223)
	at org.apache.tomcat.websocket.WsRemoteEndpointBasic.sendText(WsRemoteEndpointBasic.java:48)
	at org.springframework.web.socket.adapter.standard.StandardWebSocketSession.sendTextMessage(StandardWebSocketSession.java:217)
	at org.springframework.web.socket.adapter.AbstractWebSocketSession.sendMessage(AbstractWebSocketSession.java:108)
	at edu.northeastern.cs6650.server.ChatWebSocketHandler.sendAck(ChatWebSocketHandler.java:121)
	at edu.northeastern.cs6650.server.ChatWebSocketHandler.handleTextMessage(ChatWebSocketHandler.java:72)
	at org.springframework.web.socket.handler.AbstractWebSocketHandler.handleMessage(AbstractWebSocketHandler.java:43)
	at org.springframework.web.socket.handler.WebSocketHandlerDecorator.handleMessage(WebSocketHandlerDecorator.java:75)
	at org.springframework.web.socket.handler.LoggingWebSocketHandlerDecorator.handleMessage(LoggingWebSocketHandlerDecorator.java:56)
	at org.springframework.web.socket.handler.ExceptionWebSocketHandlerDecorator.handleMessage(ExceptionWebSocketHandlerDecorator.java:58)
	at org.springframework.web.socket.adapter.standard.StandardWebSocketHandlerAdapter.handleTextMessage(StandardWebSocketHandlerAdapter.java:113)
	at org.springframework.web.socket.adapter.standard.StandardWebSocketHandlerAdapter$3.onMessage(StandardWebSocketHandlerAdapter.java:84)
	at org.springframework.web.socket.adapter.standard.StandardWebSocketHandlerAdapter$3.onMessage(StandardWebSocketHandlerAdapter.java:81)
	at org.apache.tomcat.websocket.WsFrameBase.sendMessageText(WsFrameBase.java:390)
	at org.apache.tomcat.websocket.server.WsFrameServer.sendMessageText(WsFrameServer.java:130)
	at org.apache.tomcat.websocket.WsFrameBase.processDataText(WsFrameBase.java:484)
	at org.apache.tomcat.websocket.WsFrameBase.processData(WsFrameBase.java:284)
	at org.apache.tomcat.websocket.WsFrameBase.processInputBuffer(WsFrameBase.java:130)
	at org.apache.tomcat.websocket.server.WsFrameServer.onDataAvailable(WsFrameServer.java:85)
	at org.apache.tomcat.websocket.server.WsFrameServer.doOnDataAvailable(WsFrameServer.java:184)
	at org.apache.tomcat.websocket.server.WsFrameServer.notifyDataAvailable(WsFrameServer.java:164)
	at org.apache.tomcat.websocket.server.WsHttpUpgradeHandler.upgradeDispatch(WsHttpUpgradeHandler.java:152)
	at org.apache.coyote.http11.upgrade.UpgradeProcessorInternal.dispatch(UpgradeProcessorInternal.java:60)
	at org.apache.coyote.AbstractProcessorLight.process(AbstractProcessorLight.java:57)
	at org.apache.coyote.AbstractProtocol$ConnectionHandler.process(AbstractProtocol.java:896)
	at org.apache.tomcat.util.net.NioEndpoint$SocketProcessor.doRun(NioEndpoint.java:1736)
	at org.apache.tomcat.util.net.SocketProcessorBase.run(SocketProcessorBase.java:52)
	at org.apache.tomcat.util.threads.ThreadPoolExecutor.runWorker(ThreadPoolExecutor.java:1191)
	at org.apache.tomcat.util.threads.ThreadPoolExecutor$Worker.run(ThreadPoolExecutor.java:659)
	at org.apache.tomcat.util.threads.TaskThread$WrappingRunnable.run(TaskThread.java:63)
	at java.base/java.lang.Thread.run(Thread.java:1575)
Caused by: java.io.IOException: Broken pipe
	at java.base/sun.nio.ch.SocketDispatcher.writev0(Native Method)
	at java.base/sun.nio.ch.SocketDispatcher.writev(SocketDispatcher.java:66)
	at java.base/sun.nio.ch.IOUtil.write(IOUtil.java:227)
	at java.base/sun.nio.ch.IOUtil.write(IOUtil.java:158)
	at java.base/sun.nio.ch.SocketChannelImpl.implWrite(SocketChannelImpl.java:597)
	at java.base/sun.nio.ch.SocketChannelImpl.write(SocketChannelImpl.java:631)
	at org.apache.tomcat.util.net.NioChannel.write(NioChannel.java:130)
	at org.apache.tomcat.util.net.NioEndpoint$NioSocketWrapper$NioOperationState.run(NioEndpoint.java:1627)
	at org.apache.tomcat.util.net.SocketWrapperBase$OperationState.start(SocketWrapperBase.java:1051)
	at org.apache.tomcat.util.net.SocketWrapperBase.vectoredOperation(SocketWrapperBase.java:1440)
	at org.apache.tomcat.util.net.SocketWrapperBase.write(SocketWrapperBase.java:1366)
	at org.apache.tomcat.util.net.SocketWrapperBase.write(SocketWrapperBase.java:1337)
	at org.apache.tomcat.websocket.server.WsRemoteEndpointImplServer.doWrite(WsRemoteEndpointImplServer.java:171)
	at org.apache.tomcat.websocket.WsRemoteEndpointImplBase.writeMessagePart(WsRemoteEndpointImplBase.java:516)
	at org.apache.tomcat.websocket.WsRemoteEndpointImplBase.sendMessageBlock(WsRemoteEndpointImplBase.java:308)
	... 32 more
Error processing message from room 3: java.io.IOException: Broken pipe
java.io.IOException: java.io.IOException: Broken pipe
	at org.apache.tomcat.websocket.WsRemoteEndpointImplBase.sendMessageBlock(WsRemoteEndpointImplBase.java:321)
	at org.apache.tomcat.websocket.WsRemoteEndpointImplBase.sendMessageBlock(WsRemoteEndpointImplBase.java:250)
	at org.apache.tomcat.websocket.WsRemoteEndpointImplBase.sendPartialString(WsRemoteEndpointImplBase.java:223)
	at org.apache.tomcat.websocket.WsRemoteEndpointBasic.sendText(WsRemoteEndpointBasic.java:48)
	at org.springframework.web.socket.adapter.standard.StandardWebSocketSession.sendTextMessage(StandardWebSocketSession.java:217)
	at org.springframework.web.socket.adapter.AbstractWebSocketSession.sendMessage(AbstractWebSocketSession.java:108)
	at edu.northeastern.cs6650.server.ChatWebSocketHandler.sendAck(ChatWebSocketHandler.java:121)
	at edu.northeastern.cs6650.server.ChatWebSocketHandler.handleTextMessage(ChatWebSocketHandler.java:72)
	at org.springframework.web.socket.handler.AbstractWebSocketHandler.handleMessage(AbstractWebSocketHandler.java:43)
	at org.springframework.web.socket.handler.WebSocketHandlerDecorator.handleMessage(WebSocketHandlerDecorator.java:75)
	at org.springframework.web.socket.handler.LoggingWebSocketHandlerDecorator.handleMessage(LoggingWebSocketHandlerDecorator.java:56)
	at org.springframework.web.socket.handler.ExceptionWebSocketHandlerDecorator.handleMessage(ExceptionWebSocketHandlerDecorator.java:58)
	at org.springframework.web.socket.adapter.standard.StandardWebSocketHandlerAdapter.handleTextMessage(StandardWebSocketHandlerAdapter.java:113)
	at org.springframework.web.socket.adapter.standard.StandardWebSocketHandlerAdapter$3.onMessage(StandardWebSocketHandlerAdapter.java:84)
	at org.springframework.web.socket.adapter.standard.StandardWebSocketHandlerAdapter$3.onMessage(StandardWebSocketHandlerAdapter.java:81)
	at org.apache.tomcat.websocket.WsFrameBase.sendMessageText(WsFrameBase.java:390)
	at org.apache.tomcat.websocket.server.WsFrameServer.sendMessageText(WsFrameServer.java:130)
	at org.apache.tomcat.websocket.WsFrameBase.processDataText(WsFrameBase.java:484)
	at org.apache.tomcat.websocket.WsFrameBase.processData(WsFrameBase.java:284)
	at org.apache.tomcat.websocket.WsFrameBase.processInputBuffer(WsFrameBase.java:130)
	at org.apache.tomcat.websocket.server.WsFrameServer.onDataAvailable(WsFrameServer.java:85)
	at org.apache.tomcat.websocket.server.WsFrameServer.doOnDataAvailable(WsFrameServer.java:184)
	at org.apache.tomcat.websocket.server.WsFrameServer.notifyDataAvailable(WsFrameServer.java:164)
	at org.apache.tomcat.websocket.server.WsHttpUpgradeHandler.upgradeDispatch(WsHttpUpgradeHandler.java:152)
	at org.apache.coyote.http11.upgrade.UpgradeProcessorInternal.dispatch(UpgradeProcessorInternal.java:60)
	at org.apache.coyote.AbstractProcessorLight.process(AbstractProcessorLight.java:57)
	at org.apache.coyote.AbstractProtocol$ConnectionHandler.process(AbstractProtocol.java:896)
	at org.apache.tomcat.util.net.NioEndpoint$SocketProcessor.doRun(NioEndpoint.java:1736)
	at org.apache.tomcat.util.net.SocketProcessorBase.run(SocketProcessorBase.java:52)
	at org.apache.tomcat.util.threads.ThreadPoolExecutor.runWorker(ThreadPoolExecutor.java:1191)
	at org.apache.tomcat.util.threads.ThreadPoolExecutor$Worker.run(ThreadPoolExecutor.java:659)
	at org.apache.tomcat.util.threads.TaskThread$WrappingRunnable.run(TaskThread.java:63)
	at java.base/java.lang.Thread.run(Thread.java:1575)
Caused by: java.io.IOException: Broken pipe
	at java.base/sun.nio.ch.SocketDispatcher.writev0(Native Method)
	at java.base/sun.nio.ch.SocketDispatcher.writev(SocketDispatcher.java:66)
	at java.base/sun.nio.ch.IOUtil.write(IOUtil.java:227)
	at java.base/sun.nio.ch.IOUtil.write(IOUtil.java:158)
	at java.base/sun.nio.ch.SocketChannelImpl.implWrite(SocketChannelImpl.java:597)
	at java.base/sun.nio.ch.SocketChannelImpl.write(SocketChannelImpl.java:631)
	at org.apache.tomcat.util.net.NioChannel.write(NioChannel.java:130)
	at org.apache.tomcat.util.net.NioEndpoint$NioSocketWrapper$NioOperationState.run(NioEndpoint.java:1627)
	at org.apache.tomcat.util.net.SocketWrapperBase$OperationState.start(SocketWrapperBase.java:1051)
	at org.apache.tomcat.util.net.SocketWrapperBase.vectoredOperation(SocketWrapperBase.java:1440)
	at org.apache.tomcat.util.net.SocketWrapperBase.write(SocketWrapperBase.java:1366)
	at org.apache.tomcat.util.net.SocketWrapperBase.write(SocketWrapperBase.java:1337)
	at org.apache.tomcat.websocket.server.WsRemoteEndpointImplServer.doWrite(WsRemoteEndpointImplServer.java:171)
	at org.apache.tomcat.websocket.WsRemoteEndpointImplBase.writeMessagePart(WsRemoteEndpointImplBase.java:516)
	at org.apache.tomcat.websocket.WsRemoteEndpointImplBase.sendMessageBlock(WsRemoteEndpointImplBase.java:308)
	... 32 more
Error processing message from room 15: java.io.IOException: Broken pipe
java.io.IOException: java.io.IOException: Broken pipe
	at org.apache.tomcat.websocket.WsRemoteEndpointImplBase.sendMessageBlock(WsRemoteEndpointImplBase.java:321)
	at org.apache.tomcat.websocket.WsRemoteEndpointImplBase.sendMessageBlock(WsRemoteEndpointImplBase.java:250)
	at org.apache.tomcat.websocket.WsRemoteEndpointImplBase.sendPartialString(WsRemoteEndpointImplBase.java:223)
	at org.apache.tomcat.websocket.WsRemoteEndpointBasic.sendText(WsRemoteEndpointBasic.java:48)
	at org.springframework.web.socket.adapter.standard.StandardWebSocketSession.sendTextMessage(StandardWebSocketSession.java:217)
	at org.springframework.web.socket.adapter.AbstractWebSocketSession.sendMessage(AbstractWebSocketSession.java:108)
	at edu.northeastern.cs6650.server.ChatWebSocketHandler.sendAck(ChatWebSocketHandler.java:121)
	at edu.northeastern.cs6650.server.ChatWebSocketHandler.handleTextMessage(ChatWebSocketHandler.java:72)
	at org.springframework.web.socket.handler.AbstractWebSocketHandler.handleMessage(AbstractWebSocketHandler.java:43)
	at org.springframework.web.socket.handler.WebSocketHandlerDecorator.handleMessage(WebSocketHandlerDecorator.java:75)
	at org.springframework.web.socket.handler.LoggingWebSocketHandlerDecorator.handleMessage(LoggingWebSocketHandlerDecorator.java:56)
	at org.springframework.web.socket.handler.ExceptionWebSocketHandlerDecorator.handleMessage(ExceptionWebSocketHandlerDecorator.java:58)
	at org.springframework.web.socket.adapter.standard.StandardWebSocketHandlerAdapter.handleTextMessage(StandardWebSocketHandlerAdapter.java:113)
	at org.springframework.web.socket.adapter.standard.StandardWebSocketHandlerAdapter$3.onMessage(StandardWebSocketHandlerAdapter.java:84)
	at org.springframework.web.socket.adapter.standard.StandardWebSocketHandlerAdapter$3.onMessage(StandardWebSocketHandlerAdapter.java:81)
	at org.apache.tomcat.websocket.WsFrameBase.sendMessageText(WsFrameBase.java:390)
	at org.apache.tomcat.websocket.server.WsFrameServer.sendMessageText(WsFrameServer.java:130)
	at org.apache.tomcat.websocket.WsFrameBase.processDataText(WsFrameBase.java:484)
	at org.apache.tomcat.websocket.WsFrameBase.processData(WsFrameBase.java:284)
	at org.apache.tomcat.websocket.WsFrameBase.processInputBuffer(WsFrameBase.java:130)
	at org.apache.tomcat.websocket.server.WsFrameServer.onDataAvailable(WsFrameServer.java:85)
	at org.apache.tomcat.websocket.server.WsFrameServer.doOnDataAvailable(WsFrameServer.java:184)
	at org.apache.tomcat.websocket.server.WsFrameServer.notifyDataAvailable(WsFrameServer.java:164)
	at org.apache.tomcat.websocket.server.WsHttpUpgradeHandler.upgradeDispatch(WsHttpUpgradeHandler.java:152)
	at org.apache.coyote.http11.upgrade.UpgradeProcessorInternal.dispatch(UpgradeProcessorInternal.java:60)
	at org.apache.coyote.AbstractProcessorLight.process(AbstractProcessorLight.java:57)
	at org.apache.coyote.AbstractProtocol$ConnectionHandler.process(AbstractProtocol.java:896)
	at org.apache.tomcat.util.net.NioEndpoint$SocketProcessor.doRun(NioEndpoint.java:1736)
	at org.apache.tomcat.util.net.SocketProcessorBase.run(SocketProcessorBase.java:52)
	at org.apache.tomcat.util.threads.ThreadPoolExecutor.runWorker(ThreadPoolExecutor.java:1191)
	at org.apache.tomcat.util.threads.ThreadPoolExecutor$Worker.run(ThreadPoolExecutor.java:659)
	at org.apache.tomcat.util.threads.TaskThread$WrappingRunnable.run(TaskThread.java:63)
	at java.base/java.lang.Thread.run(Thread.java:1575)
Caused by: java.io.IOException: Broken pipe
	at java.base/sun.nio.ch.SocketDispatcher.writev0(Native Method)
	at java.base/sun.nio.ch.SocketDispatcher.writev(SocketDispatcher.java:66)
	at java.base/sun.nio.ch.IOUtil.write(IOUtil.java:227)
	at java.base/sun.nio.ch.IOUtil.write(IOUtil.java:158)
	at java.base/sun.nio.ch.SocketChannelImpl.implWrite(SocketChannelImpl.java:597)
	at java.base/sun.nio.ch.SocketChannelImpl.write(SocketChannelImpl.java:631)
	at org.apache.tomcat.util.net.NioChannel.write(NioChannel.java:130)
	at org.apache.tomcat.util.net.NioEndpoint$NioSocketWrapper$NioOperationState.run(NioEndpoint.java:1627)
	at org.apache.tomcat.util.net.SocketWrapperBase$OperationState.start(SocketWrapperBase.java:1051)
	at org.apache.tomcat.util.net.SocketWrapperBase.vectoredOperation(SocketWrapperBase.java:1440)
	at org.apache.tomcat.util.net.SocketWrapperBase.write(SocketWrapperBase.java:1366)
	at org.apache.tomcat.util.net.SocketWrapperBase.write(SocketWrapperBase.java:1337)
	at org.apache.tomcat.websocket.server.WsRemoteEndpointImplServer.doWrite(WsRemoteEndpointImplServer.java:171)
	at org.apache.tomcat.websocket.WsRemoteEndpointImplBase.writeMessagePart(WsRemoteEndpointImplBase.java:516)
	at org.apache.tomcat.websocket.WsRemoteEndpointImplBase.sendMessageBlock(WsRemoteEndpointImplBase.java:308)
	... 32 more
Error processing message from room 12: java.io.IOException: Broken pipe
java.io.IOException: java.io.IOException: Broken pipe
	at org.apache.tomcat.websocket.WsRemoteEndpointImplBase.sendMessageBlock(WsRemoteEndpointImplBase.java:321)
	at org.apache.tomcat.websocket.WsRemoteEndpointImplBase.sendMessageBlock(WsRemoteEndpointImplBase.java:250)
	at org.apache.tomcat.websocket.WsRemoteEndpointImplBase.sendPartialString(WsRemoteEndpointImplBase.java:223)
	at org.apache.tomcat.websocket.WsRemoteEndpointBasic.sendText(WsRemoteEndpointBasic.java:48)
	at org.springframework.web.socket.adapter.standard.StandardWebSocketSession.sendTextMessage(StandardWebSocketSession.java:217)
	at org.springframework.web.socket.adapter.AbstractWebSocketSession.sendMessage(AbstractWebSocketSession.java:108)
	at edu.northeastern.cs6650.server.ChatWebSocketHandler.sendAck(ChatWebSocketHandler.java:121)
	at edu.northeastern.cs6650.server.ChatWebSocketHandler.handleTextMessage(ChatWebSocketHandler.java:72)
	at org.springframework.web.socket.handler.AbstractWebSocketHandler.handleMessage(AbstractWebSocketHandler.java:43)
	at org.springframework.web.socket.handler.WebSocketHandlerDecorator.handleMessage(WebSocketHandlerDecorator.java:75)
	at org.springframework.web.socket.handler.LoggingWebSocketHandlerDecorator.handleMessage(LoggingWebSocketHandlerDecorator.java:56)
	at org.springframework.web.socket.handler.ExceptionWebSocketHandlerDecorator.handleMessage(ExceptionWebSocketHandlerDecorator.java:58)
	at org.springframework.web.socket.adapter.standard.StandardWebSocketHandlerAdapter.handleTextMessage(StandardWebSocketHandlerAdapter.java:113)
	at org.springframework.web.socket.adapter.standard.StandardWebSocketHandlerAdapter$3.onMessage(StandardWebSocketHandlerAdapter.java:84)
	at org.springframework.web.socket.adapter.standard.StandardWebSocketHandlerAdapter$3.onMessage(StandardWebSocketHandlerAdapter.java:81)
	at org.apache.tomcat.websocket.WsFrameBase.sendMessageText(WsFrameBase.java:390)
	at org.apache.tomcat.websocket.server.WsFrameServer.sendMessageText(WsFrameServer.java:130)
	at org.apache.tomcat.websocket.WsFrameBase.processDataText(WsFrameBase.java:484)
	at org.apache.tomcat.websocket.WsFrameBase.processData(WsFrameBase.java:284)
	at org.apache.tomcat.websocket.WsFrameBase.processInputBuffer(WsFrameBase.java:130)
	at org.apache.tomcat.websocket.server.WsFrameServer.onDataAvailable(WsFrameServer.java:85)
	at org.apache.tomcat.websocket.server.WsFrameServer.doOnDataAvailable(WsFrameServer.java:184)
	at org.apache.tomcat.websocket.server.WsFrameServer.notifyDataAvailable(WsFrameServer.java:164)
	at org.apache.tomcat.websocket.server.WsHttpUpgradeHandler.upgradeDispatch(WsHttpUpgradeHandler.java:152)
	at org.apache.coyote.http11.upgrade.UpgradeProcessorInternal.dispatch(UpgradeProcessorInternal.java:60)
	at org.apache.coyote.AbstractProcessorLight.process(AbstractProcessorLight.java:57)
	at org.apache.coyote.AbstractProtocol$ConnectionHandler.process(AbstractProtocol.java:896)
	at org.apache.tomcat.util.net.NioEndpoint$SocketProcessor.doRun(NioEndpoint.java:1736)
	at org.apache.tomcat.util.net.SocketProcessorBase.run(SocketProcessorBase.java:52)
	at org.apache.tomcat.util.threads.ThreadPoolExecutor.runWorker(ThreadPoolExecutor.java:1191)
	at org.apache.tomcat.util.threads.ThreadPoolExecutor$Worker.run(ThreadPoolExecutor.java:659)
	at org.apache.tomcat.util.threads.TaskThread$WrappingRunnable.run(TaskThread.java:63)
	at java.base/java.lang.Thread.run(Thread.java:1575)
Caused by: java.io.IOException: Broken pipe
	at java.base/sun.nio.ch.SocketDispatcher.writev0(Native Method)
	at java.base/sun.nio.ch.SocketDispatcher.writev(SocketDispatcher.java:66)
	at java.base/sun.nio.ch.IOUtil.write(IOUtil.java:227)
	at java.base/sun.nio.ch.IOUtil.write(IOUtil.java:158)
	at java.base/sun.nio.ch.SocketChannelImpl.implWrite(SocketChannelImpl.java:597)
	at java.base/sun.nio.ch.SocketChannelImpl.write(SocketChannelImpl.java:631)
	at org.apache.tomcat.util.net.NioChannel.write(NioChannel.java:130)
	at org.apache.tomcat.util.net.NioEndpoint$NioSocketWrapper$NioOperationState.run(NioEndpoint.java:1627)
	at org.apache.tomcat.util.net.SocketWrapperBase$OperationState.start(SocketWrapperBase.java:1051)
	at org.apache.tomcat.util.net.SocketWrapperBase.vectoredOperation(SocketWrapperBase.java:1440)
	at org.apache.tomcat.util.net.SocketWrapperBase.write(SocketWrapperBase.java:1366)
	at org.apache.tomcat.util.net.SocketWrapperBase.write(SocketWrapperBase.java:1337)
	at org.apache.tomcat.websocket.server.WsRemoteEndpointImplServer.doWrite(WsRemoteEndpointImplServer.java:171)
	at org.apache.tomcat.websocket.WsRemoteEndpointImplBase.writeMessagePart(WsRemoteEndpointImplBase.java:516)
	at org.apache.tomcat.websocket.WsRemoteEndpointImplBase.sendMessageBlock(WsRemoteEndpointImplBase.java:308)
	... 32 more
Error processing message from room 5: java.io.IOException: Broken pipe
java.io.IOException: java.io.IOException: Broken pipe
	at org.apache.tomcat.websocket.WsRemoteEndpointImplBase.sendMessageBlock(WsRemoteEndpointImplBase.java:321)
	at org.apache.tomcat.websocket.WsRemoteEndpointImplBase.sendMessageBlock(WsRemoteEndpointImplBase.java:250)
	at org.apache.tomcat.websocket.WsRemoteEndpointImplBase.sendPartialString(WsRemoteEndpointImplBase.java:223)
	at org.apache.tomcat.websocket.WsRemoteEndpointBasic.sendText(WsRemoteEndpointBasic.java:48)
	at org.springframework.web.socket.adapter.standard.StandardWebSocketSession.sendTextMessage(StandardWebSocketSession.java:217)
	at org.springframework.web.socket.adapter.AbstractWebSocketSession.sendMessage(AbstractWebSocketSession.java:108)
	at edu.northeastern.cs6650.server.ChatWebSocketHandler.sendAck(ChatWebSocketHandler.java:121)
	at edu.northeastern.cs6650.server.ChatWebSocketHandler.handleTextMessage(ChatWebSocketHandler.java:72)
	at org.springframework.web.socket.handler.AbstractWebSocketHandler.handleMessage(AbstractWebSocketHandler.java:43)
	at org.springframework.web.socket.handler.WebSocketHandlerDecorator.handleMessage(WebSocketHandlerDecorator.java:75)
	at org.springframework.web.socket.handler.LoggingWebSocketHandlerDecorator.handleMessage(LoggingWebSocketHandlerDecorator.java:56)
	at org.springframework.web.socket.handler.ExceptionWebSocketHandlerDecorator.handleMessage(ExceptionWebSocketHandlerDecorator.java:58)
	at org.springframework.web.socket.adapter.standard.StandardWebSocketHandlerAdapter.handleTextMessage(StandardWebSocketHandlerAdapter.java:113)
	at org.springframework.web.socket.adapter.standard.StandardWebSocketHandlerAdapter$3.onMessage(StandardWebSocketHandlerAdapter.java:84)
	at org.springframework.web.socket.adapter.standard.StandardWebSocketHandlerAdapter$3.onMessage(StandardWebSocketHandlerAdapter.java:81)
	at org.apache.tomcat.websocket.WsFrameBase.sendMessageText(WsFrameBase.java:390)
	at org.apache.tomcat.websocket.server.WsFrameServer.sendMessageText(WsFrameServer.java:130)
	at org.apache.tomcat.websocket.WsFrameBase.processDataText(WsFrameBase.java:484)
	at org.apache.tomcat.websocket.WsFrameBase.processData(WsFrameBase.java:284)
	at org.apache.tomcat.websocket.WsFrameBase.processInputBuffer(WsFrameBase.java:130)
	at org.apache.tomcat.websocket.server.WsFrameServer.onDataAvailable(WsFrameServer.java:85)
	at org.apache.tomcat.websocket.server.WsFrameServer.doOnDataAvailable(WsFrameServer.java:184)
	at org.apache.tomcat.websocket.server.WsFrameServer.notifyDataAvailable(WsFrameServer.java:164)
	at org.apache.tomcat.websocket.server.WsHttpUpgradeHandler.upgradeDispatch(WsHttpUpgradeHandler.java:152)
	at org.apache.coyote.http11.upgrade.UpgradeProcessorInternal.dispatch(UpgradeProcessorInternal.java:60)
	at org.apache.coyote.AbstractProcessorLight.process(AbstractProcessorLight.java:57)
	at org.apache.coyote.AbstractProtocol$ConnectionHandler.process(AbstractProtocol.java:896)
	at org.apache.tomcat.util.net.NioEndpoint$SocketProcessor.doRun(NioEndpoint.java:1736)
	at org.apache.tomcat.util.net.SocketProcessorBase.run(SocketProcessorBase.java:52)
	at org.apache.tomcat.util.threads.ThreadPoolExecutor.runWorker(ThreadPoolExecutor.java:1191)
	at org.apache.tomcat.util.threads.ThreadPoolExecutor$Worker.run(ThreadPoolExecutor.java:659)
	at org.apache.tomcat.util.threads.TaskThread$WrappingRunnable.run(TaskThread.java:63)
	at java.base/java.lang.Thread.run(Thread.java:1575)
Caused by: java.io.IOException: Broken pipe
	at java.base/sun.nio.ch.SocketDispatcher.writev0(Native Method)
	at java.base/sun.nio.ch.SocketDispatcher.writev(SocketDispatcher.java:66)
	at java.base/sun.nio.ch.IOUtil.write(IOUtil.java:227)
	at java.base/sun.nio.ch.IOUtil.write(IOUtil.java:158)
	at java.base/sun.nio.ch.SocketChannelImpl.implWrite(SocketChannelImpl.java:597)
	at java.base/sun.nio.ch.SocketChannelImpl.write(SocketChannelImpl.java:631)
	at org.apache.tomcat.util.net.NioChannel.write(NioChannel.java:130)
	at org.apache.tomcat.util.net.NioEndpoint$NioSocketWrapper$NioOperationState.run(NioEndpoint.java:1627)
	at org.apache.tomcat.util.net.SocketWrapperBase$OperationState.start(SocketWrapperBase.java:1051)
	at org.apache.tomcat.util.net.SocketWrapperBase.vectoredOperation(SocketWrapperBase.java:1440)
	at org.apache.tomcat.util.net.SocketWrapperBase.write(SocketWrapperBase.java:1366)
	at org.apache.tomcat.util.net.SocketWrapperBase.write(SocketWrapperBase.java:1337)
	at org.apache.tomcat.websocket.server.WsRemoteEndpointImplServer.doWrite(WsRemoteEndpointImplServer.java:171)
	at org.apache.tomcat.websocket.WsRemoteEndpointImplBase.writeMessagePart(WsRemoteEndpointImplBase.java:516)
	at org.apache.tomcat.websocket.WsRemoteEndpointImplBase.sendMessageBlock(WsRemoteEndpointImplBase.java:308)
	... 32 more
[2m2026-03-27T14:11:14.020-07:00[0;39m [32m INFO[0;39m [35m89450[0;39m [2m---[0;39m [2m[0-8080-exec-126][0;39m [2m[0;39m[36mcom.zaxxer.hikari.HikariDataSource      [0;39m [2m:[0;39m HikariPool-1 - Starting...
[2m2026-03-27T14:11:14.100-07:00[0;39m [32m INFO[0;39m [35m89450[0;39m [2m---[0;39m [2m[0-8080-exec-126][0;39m [2m[0;39m[36mcom.zaxxer.hikari.pool.HikariPool       [0;39m [2m:[0;39m HikariPool-1 - Added connection org.postgresql.jdbc.PgConnection@175445ff
[2m2026-03-27T14:11:14.101-07:00[0;39m [32m INFO[0;39m [35m89450[0;39m [2m---[0;39m [2m[0-8080-exec-126][0;39m [2m[0;39m[36mcom.zaxxer.hikari.HikariDataSource      [0;39m [2m:[0;39m HikariPool-1 - Start completed.
Error processing message from room 20: java.io.IOException: Broken pipe
java.io.IOException: java.io.IOException: Broken pipe
	at org.apache.tomcat.websocket.WsRemoteEndpointImplBase.sendMessageBlock(WsRemoteEndpointImplBase.java:321)
	at org.apache.tomcat.websocket.WsRemoteEndpointImplBase.sendMessageBlock(WsRemoteEndpointImplBase.java:250)
	at org.apache.tomcat.websocket.WsRemoteEndpointImplBase.sendPartialString(WsRemoteEndpointImplBase.java:223)
	at org.apache.tomcat.websocket.WsRemoteEndpointBasic.sendText(WsRemoteEndpointBasic.java:48)
	at org.springframework.web.socket.adapter.standard.StandardWebSocketSession.sendTextMessage(StandardWebSocketSession.java:217)
	at org.springframework.web.socket.adapter.AbstractWebSocketSession.sendMessage(AbstractWebSocketSession.java:108)
	at edu.northeastern.cs6650.server.ChatWebSocketHandler.sendAck(ChatWebSocketHandler.java:121)
	at edu.northeastern.cs6650.server.ChatWebSocketHandler.handleTextMessage(ChatWebSocketHandler.java:72)
	at org.springframework.web.socket.handler.AbstractWebSocketHandler.handleMessage(AbstractWebSocketHandler.java:43)
	at org.springframework.web.socket.handler.WebSocketHandlerDecorator.handleMessage(WebSocketHandlerDecorator.java:75)
	at org.springframework.web.socket.handler.LoggingWebSocketHandlerDecorator.handleMessage(LoggingWebSocketHandlerDecorator.java:56)
	at org.springframework.web.socket.handler.ExceptionWebSocketHandlerDecorator.handleMessage(ExceptionWebSocketHandlerDecorator.java:58)
	at org.springframework.web.socket.adapter.standard.StandardWebSocketHandlerAdapter.handleTextMessage(StandardWebSocketHandlerAdapter.java:113)
	at org.springframework.web.socket.adapter.standard.StandardWebSocketHandlerAdapter$3.onMessage(StandardWebSocketHandlerAdapter.java:84)
	at org.springframework.web.socket.adapter.standard.StandardWebSocketHandlerAdapter$3.onMessage(StandardWebSocketHandlerAdapter.java:81)
	at org.apache.tomcat.websocket.WsFrameBase.sendMessageText(WsFrameBase.java:390)
	at org.apache.tomcat.websocket.server.WsFrameServer.sendMessageText(WsFrameServer.java:130)
	at org.apache.tomcat.websocket.WsFrameBase.processDataText(WsFrameBase.java:484)
	at org.apache.tomcat.websocket.WsFrameBase.processData(WsFrameBase.java:284)
	at org.apache.tomcat.websocket.WsFrameBase.processInputBuffer(WsFrameBase.java:130)
	at org.apache.tomcat.websocket.server.WsFrameServer.onDataAvailable(WsFrameServer.java:85)
	at org.apache.tomcat.websocket.server.WsFrameServer.doOnDataAvailable(WsFrameServer.java:184)
	at org.apache.tomcat.websocket.server.WsFrameServer.notifyDataAvailable(WsFrameServer.java:164)
	at org.apache.tomcat.websocket.server.WsHttpUpgradeHandler.upgradeDispatch(WsHttpUpgradeHandler.java:152)
	at org.apache.coyote.http11.upgrade.UpgradeProcessorInternal.dispatch(UpgradeProcessorInternal.java:60)
	at org.apache.coyote.AbstractProcessorLight.process(AbstractProcessorLight.java:57)
	at org.apache.coyote.AbstractProtocol$ConnectionHandler.process(AbstractProtocol.java:896)
	at org.apache.tomcat.util.net.NioEndpoint$SocketProcessor.doRun(NioEndpoint.java:1736)
	at org.apache.tomcat.util.net.SocketProcessorBase.run(SocketProcessorBase.java:52)
	at org.apache.tomcat.util.threads.ThreadPoolExecutor.runWorker(ThreadPoolExecutor.java:1191)
	at org.apache.tomcat.util.threads.ThreadPoolExecutor$Worker.run(ThreadPoolExecutor.java:659)
	at org.apache.tomcat.util.threads.TaskThread$WrappingRunnable.run(TaskThread.java:63)
	at java.base/java.lang.Thread.run(Thread.java:1575)
Caused by: java.io.IOException: Broken pipe
	at java.base/sun.nio.ch.SocketDispatcher.writev0(Native Method)
	at java.base/sun.nio.ch.SocketDispatcher.writev(SocketDispatcher.java:66)
	at java.base/sun.nio.ch.IOUtil.write(IOUtil.java:227)
	at java.base/sun.nio.ch.IOUtil.write(IOUtil.java:158)
	at java.base/sun.nio.ch.SocketChannelImpl.implWrite(SocketChannelImpl.java:597)
	at java.base/sun.nio.ch.SocketChannelImpl.write(SocketChannelImpl.java:631)
	at org.apache.tomcat.util.net.NioChannel.write(NioChannel.java:130)
	at org.apache.tomcat.util.net.NioEndpoint$NioSocketWrapper$NioOperationState.run(NioEndpoint.java:1627)
	at org.apache.tomcat.util.net.SocketWrapperBase$OperationState.start(SocketWrapperBase.java:1051)
	at org.apache.tomcat.util.net.SocketWrapperBase.vectoredOperation(SocketWrapperBase.java:1440)
	at org.apache.tomcat.util.net.SocketWrapperBase.write(SocketWrapperBase.java:1366)
	at org.apache.tomcat.util.net.SocketWrapperBase.write(SocketWrapperBase.java:1337)
	at org.apache.tomcat.websocket.server.WsRemoteEndpointImplServer.doWrite(WsRemoteEndpointImplServer.java:171)
	at org.apache.tomcat.websocket.WsRemoteEndpointImplBase.writeMessagePart(WsRemoteEndpointImplBase.java:516)
	at org.apache.tomcat.websocket.WsRemoteEndpointImplBase.sendMessageBlock(WsRemoteEndpointImplBase.java:308)
	... 32 more
Error processing message from room 11: java.io.IOException: Broken pipe
java.io.IOException: java.io.IOException: Broken pipe
	at org.apache.tomcat.websocket.WsRemoteEndpointImplBase.sendMessageBlock(WsRemoteEndpointImplBase.java:321)
	at org.apache.tomcat.websocket.WsRemoteEndpointImplBase.sendMessageBlock(WsRemoteEndpointImplBase.java:250)
	at org.apache.tomcat.websocket.WsRemoteEndpointImplBase.sendPartialString(WsRemoteEndpointImplBase.java:223)
	at org.apache.tomcat.websocket.WsRemoteEndpointBasic.sendText(WsRemoteEndpointBasic.java:48)
	at org.springframework.web.socket.adapter.standard.StandardWebSocketSession.sendTextMessage(StandardWebSocketSession.java:217)
	at org.springframework.web.socket.adapter.AbstractWebSocketSession.sendMessage(AbstractWebSocketSession.java:108)
	at edu.northeastern.cs6650.server.ChatWebSocketHandler.sendAck(ChatWebSocketHandler.java:121)
	at edu.northeastern.cs6650.server.ChatWebSocketHandler.handleTextMessage(ChatWebSocketHandler.java:72)
	at org.springframework.web.socket.handler.AbstractWebSocketHandler.handleMessage(AbstractWebSocketHandler.java:43)
	at org.springframework.web.socket.handler.WebSocketHandlerDecorator.handleMessage(WebSocketHandlerDecorator.java:75)
	at org.springframework.web.socket.handler.LoggingWebSocketHandlerDecorator.handleMessage(LoggingWebSocketHandlerDecorator.java:56)
	at org.springframework.web.socket.handler.ExceptionWebSocketHandlerDecorator.handleMessage(ExceptionWebSocketHandlerDecorator.java:58)
	at org.springframework.web.socket.adapter.standard.StandardWebSocketHandlerAdapter.handleTextMessage(StandardWebSocketHandlerAdapter.java:113)
	at org.springframework.web.socket.adapter.standard.StandardWebSocketHandlerAdapter$3.onMessage(StandardWebSocketHandlerAdapter.java:84)
	at org.springframework.web.socket.adapter.standard.StandardWebSocketHandlerAdapter$3.onMessage(StandardWebSocketHandlerAdapter.java:81)
	at org.apache.tomcat.websocket.WsFrameBase.sendMessageText(WsFrameBase.java:390)
	at org.apache.tomcat.websocket.server.WsFrameServer.sendMessageText(WsFrameServer.java:130)
	at org.apache.tomcat.websocket.WsFrameBase.processDataText(WsFrameBase.java:484)
	at org.apache.tomcat.websocket.WsFrameBase.processData(WsFrameBase.java:284)
	at org.apache.tomcat.websocket.WsFrameBase.processInputBuffer(WsFrameBase.java:130)
	at org.apache.tomcat.websocket.server.WsFrameServer.onDataAvailable(WsFrameServer.java:85)
	at org.apache.tomcat.websocket.server.WsFrameServer.doOnDataAvailable(WsFrameServer.java:184)
	at org.apache.tomcat.websocket.server.WsFrameServer.notifyDataAvailable(WsFrameServer.java:164)
	at org.apache.tomcat.websocket.server.WsHttpUpgradeHandler.upgradeDispatch(WsHttpUpgradeHandler.java:152)
	at org.apache.coyote.http11.upgrade.UpgradeProcessorInternal.dispatch(UpgradeProcessorInternal.java:60)
	at org.apache.coyote.AbstractProcessorLight.process(AbstractProcessorLight.java:57)
	at org.apache.coyote.AbstractProtocol$ConnectionHandler.process(AbstractProtocol.java:896)
	at org.apache.tomcat.util.net.NioEndpoint$SocketProcessor.doRun(NioEndpoint.java:1736)
	at org.apache.tomcat.util.net.SocketProcessorBase.run(SocketProcessorBase.java:52)
	at org.apache.tomcat.util.threads.ThreadPoolExecutor.runWorker(ThreadPoolExecutor.java:1191)
	at org.apache.tomcat.util.threads.ThreadPoolExecutor$Worker.run(ThreadPoolExecutor.java:659)
	at org.apache.tomcat.util.threads.TaskThread$WrappingRunnable.run(TaskThread.java:63)
	at java.base/java.lang.Thread.run(Thread.java:1575)
Caused by: java.io.IOException: Broken pipe
	at java.base/sun.nio.ch.SocketDispatcher.writev0(Native Method)
	at java.base/sun.nio.ch.SocketDispatcher.writev(SocketDispatcher.java:66)
	at java.base/sun.nio.ch.IOUtil.write(IOUtil.java:227)
	at java.base/sun.nio.ch.IOUtil.write(IOUtil.java:158)
	at java.base/sun.nio.ch.SocketChannelImpl.implWrite(SocketChannelImpl.java:597)
	at java.base/sun.nio.ch.SocketChannelImpl.write(SocketChannelImpl.java:631)
	at org.apache.tomcat.util.net.NioChannel.write(NioChannel.java:130)
	at org.apache.tomcat.util.net.NioEndpoint$NioSocketWrapper$NioOperationState.run(NioEndpoint.java:1627)
	at org.apache.tomcat.util.net.SocketWrapperBase$OperationState.start(SocketWrapperBase.java:1051)
	at org.apache.tomcat.util.net.SocketWrapperBase.vectoredOperation(SocketWrapperBase.java:1440)
	at org.apache.tomcat.util.net.SocketWrapperBase.write(SocketWrapperBase.java:1366)
	at org.apache.tomcat.util.net.SocketWrapperBase.write(SocketWrapperBase.java:1337)
	at org.apache.tomcat.websocket.server.WsRemoteEndpointImplServer.doWrite(WsRemoteEndpointImplServer.java:171)
	at org.apache.tomcat.websocket.WsRemoteEndpointImplBase.writeMessagePart(WsRemoteEndpointImplBase.java:516)
	at org.apache.tomcat.websocket.WsRemoteEndpointImplBase.sendMessageBlock(WsRemoteEndpointImplBase.java:308)
	... 32 more
Error processing message from room 7: java.io.IOException: Broken pipe
java.io.IOException: java.io.IOException: Broken pipe
	at org.apache.tomcat.websocket.WsRemoteEndpointImplBase.sendMessageBlock(WsRemoteEndpointImplBase.java:321)
	at org.apache.tomcat.websocket.WsRemoteEndpointImplBase.sendMessageBlock(WsRemoteEndpointImplBase.java:250)
	at org.apache.tomcat.websocket.WsRemoteEndpointImplBase.sendPartialString(WsRemoteEndpointImplBase.java:223)
	at org.apache.tomcat.websocket.WsRemoteEndpointBasic.sendText(WsRemoteEndpointBasic.java:48)
	at org.springframework.web.socket.adapter.standard.StandardWebSocketSession.sendTextMessage(StandardWebSocketSession.java:217)
	at org.springframework.web.socket.adapter.AbstractWebSocketSession.sendMessage(AbstractWebSocketSession.java:108)
	at edu.northeastern.cs6650.server.ChatWebSocketHandler.sendAck(ChatWebSocketHandler.java:121)
	at edu.northeastern.cs6650.server.ChatWebSocketHandler.handleTextMessage(ChatWebSocketHandler.java:72)
	at org.springframework.web.socket.handler.AbstractWebSocketHandler.handleMessage(AbstractWebSocketHandler.java:43)
	at org.springframework.web.socket.handler.WebSocketHandlerDecorator.handleMessage(WebSocketHandlerDecorator.java:75)
	at org.springframework.web.socket.handler.LoggingWebSocketHandlerDecorator.handleMessage(LoggingWebSocketHandlerDecorator.java:56)
	at org.springframework.web.socket.handler.ExceptionWebSocketHandlerDecorator.handleMessage(ExceptionWebSocketHandlerDecorator.java:58)
	at org.springframework.web.socket.adapter.standard.StandardWebSocketHandlerAdapter.handleTextMessage(StandardWebSocketHandlerAdapter.java:113)
	at org.springframework.web.socket.adapter.standard.StandardWebSocketHandlerAdapter$3.onMessage(StandardWebSocketHandlerAdapter.java:84)
	at org.springframework.web.socket.adapter.standard.StandardWebSocketHandlerAdapter$3.onMessage(StandardWebSocketHandlerAdapter.java:81)
	at org.apache.tomcat.websocket.WsFrameBase.sendMessageText(WsFrameBase.java:390)
	at org.apache.tomcat.websocket.server.WsFrameServer.sendMessageText(WsFrameServer.java:130)
	at org.apache.tomcat.websocket.WsFrameBase.processDataText(WsFrameBase.java:484)
	at org.apache.tomcat.websocket.WsFrameBase.processData(WsFrameBase.java:284)
	at org.apache.tomcat.websocket.WsFrameBase.processInputBuffer(WsFrameBase.java:130)
	at org.apache.tomcat.websocket.server.WsFrameServer.onDataAvailable(WsFrameServer.java:85)
	at org.apache.tomcat.websocket.server.WsFrameServer.doOnDataAvailable(WsFrameServer.java:184)
	at org.apache.tomcat.websocket.server.WsFrameServer.notifyDataAvailable(WsFrameServer.java:164)
	at org.apache.tomcat.websocket.server.WsHttpUpgradeHandler.upgradeDispatch(WsHttpUpgradeHandler.java:152)
	at org.apache.coyote.http11.upgrade.UpgradeProcessorInternal.dispatch(UpgradeProcessorInternal.java:60)
	at org.apache.coyote.AbstractProcessorLight.process(AbstractProcessorLight.java:57)
	at org.apache.coyote.AbstractProtocol$ConnectionHandler.process(AbstractProtocol.java:896)
	at org.apache.tomcat.util.net.NioEndpoint$SocketProcessor.doRun(NioEndpoint.java:1736)
	at org.apache.tomcat.util.net.SocketProcessorBase.run(SocketProcessorBase.java:52)
	at org.apache.tomcat.util.threads.ThreadPoolExecutor.runWorker(ThreadPoolExecutor.java:1191)
	at org.apache.tomcat.util.threads.ThreadPoolExecutor$Worker.run(ThreadPoolExecutor.java:659)
	at org.apache.tomcat.util.threads.TaskThread$WrappingRunnable.run(TaskThread.java:63)
	at java.base/java.lang.Thread.run(Thread.java:1575)
Caused by: java.io.IOException: Broken pipe
	at java.base/sun.nio.ch.SocketDispatcher.writev0(Native Method)
	at java.base/sun.nio.ch.SocketDispatcher.writev(SocketDispatcher.java:66)
	at java.base/sun.nio.ch.IOUtil.write(IOUtil.java:227)
	at java.base/sun.nio.ch.IOUtil.write(IOUtil.java:158)
	at java.base/sun.nio.ch.SocketChannelImpl.implWrite(SocketChannelImpl.java:597)
	at java.base/sun.nio.ch.SocketChannelImpl.write(SocketChannelImpl.java:631)
	at org.apache.tomcat.util.net.NioChannel.write(NioChannel.java:130)
	at org.apache.tomcat.util.net.NioEndpoint$NioSocketWrapper$NioOperationState.run(NioEndpoint.java:1627)
	at org.apache.tomcat.util.net.SocketWrapperBase$OperationState.start(SocketWrapperBase.java:1051)
	at org.apache.tomcat.util.net.SocketWrapperBase.vectoredOperation(SocketWrapperBase.java:1440)
	at org.apache.tomcat.util.net.SocketWrapperBase.write(SocketWrapperBase.java:1366)
	at org.apache.tomcat.util.net.SocketWrapperBase.write(SocketWrapperBase.java:1337)
	at org.apache.tomcat.websocket.server.WsRemoteEndpointImplServer.doWrite(WsRemoteEndpointImplServer.java:171)
	at org.apache.tomcat.websocket.WsRemoteEndpointImplBase.writeMessagePart(WsRemoteEndpointImplBase.java:516)
	at org.apache.tomcat.websocket.WsRemoteEndpointImplBase.sendMessageBlock(WsRemoteEndpointImplBase.java:308)
	... 32 more
Error processing message from room 9: java.io.IOException: Broken pipe
java.io.IOException: java.io.IOException: Broken pipe
	at org.apache.tomcat.websocket.WsRemoteEndpointImplBase.sendMessageBlock(WsRemoteEndpointImplBase.java:321)
	at org.apache.tomcat.websocket.WsRemoteEndpointImplBase.sendMessageBlock(WsRemoteEndpointImplBase.java:250)
	at org.apache.tomcat.websocket.WsRemoteEndpointImplBase.sendPartialString(WsRemoteEndpointImplBase.java:223)
	at org.apache.tomcat.websocket.WsRemoteEndpointBasic.sendText(WsRemoteEndpointBasic.java:48)
	at org.springframework.web.socket.adapter.standard.StandardWebSocketSession.sendTextMessage(StandardWebSocketSession.java:217)
	at org.springframework.web.socket.adapter.AbstractWebSocketSession.sendMessage(AbstractWebSocketSession.java:108)
	at edu.northeastern.cs6650.server.ChatWebSocketHandler.sendAck(ChatWebSocketHandler.java:121)
	at edu.northeastern.cs6650.server.ChatWebSocketHandler.handleTextMessage(ChatWebSocketHandler.java:72)
	at org.springframework.web.socket.handler.AbstractWebSocketHandler.handleMessage(AbstractWebSocketHandler.java:43)
	at org.springframework.web.socket.handler.WebSocketHandlerDecorator.handleMessage(WebSocketHandlerDecorator.java:75)
	at org.springframework.web.socket.handler.LoggingWebSocketHandlerDecorator.handleMessage(LoggingWebSocketHandlerDecorator.java:56)
	at org.springframework.web.socket.handler.ExceptionWebSocketHandlerDecorator.handleMessage(ExceptionWebSocketHandlerDecorator.java:58)
	at org.springframework.web.socket.adapter.standard.StandardWebSocketHandlerAdapter.handleTextMessage(StandardWebSocketHandlerAdapter.java:113)
	at org.springframework.web.socket.adapter.standard.StandardWebSocketHandlerAdapter$3.onMessage(StandardWebSocketHandlerAdapter.java:84)
	at org.springframework.web.socket.adapter.standard.StandardWebSocketHandlerAdapter$3.onMessage(StandardWebSocketHandlerAdapter.java:81)
	at org.apache.tomcat.websocket.WsFrameBase.sendMessageText(WsFrameBase.java:390)
	at org.apache.tomcat.websocket.server.WsFrameServer.sendMessageText(WsFrameServer.java:130)
	at org.apache.tomcat.websocket.WsFrameBase.processDataText(WsFrameBase.java:484)
	at org.apache.tomcat.websocket.WsFrameBase.processData(WsFrameBase.java:284)
	at org.apache.tomcat.websocket.WsFrameBase.processInputBuffer(WsFrameBase.java:130)
	at org.apache.tomcat.websocket.server.WsFrameServer.onDataAvailable(WsFrameServer.java:85)
	at org.apache.tomcat.websocket.server.WsFrameServer.doOnDataAvailable(WsFrameServer.java:184)
	at org.apache.tomcat.websocket.server.WsFrameServer.notifyDataAvailable(WsFrameServer.java:164)
	at org.apache.tomcat.websocket.server.WsHttpUpgradeHandler.upgradeDispatch(WsHttpUpgradeHandler.java:152)
	at org.apache.coyote.http11.upgrade.UpgradeProcessorInternal.dispatch(UpgradeProcessorInternal.java:60)
	at org.apache.coyote.AbstractProcessorLight.process(AbstractProcessorLight.java:57)
	at org.apache.coyote.AbstractProtocol$ConnectionHandler.process(AbstractProtocol.java:896)
	at org.apache.tomcat.util.net.NioEndpoint$SocketProcessor.doRun(NioEndpoint.java:1736)
	at org.apache.tomcat.util.net.SocketProcessorBase.run(SocketProcessorBase.java:52)
	at org.apache.tomcat.util.threads.ThreadPoolExecutor.runWorker(ThreadPoolExecutor.java:1191)
	at org.apache.tomcat.util.threads.ThreadPoolExecutor$Worker.run(ThreadPoolExecutor.java:659)
	at org.apache.tomcat.util.threads.TaskThread$WrappingRunnable.run(TaskThread.java:63)
	at java.base/java.lang.Thread.run(Thread.java:1575)
Caused by: java.io.IOException: Broken pipe
	at java.base/sun.nio.ch.SocketDispatcher.writev0(Native Method)
	at java.base/sun.nio.ch.SocketDispatcher.writev(SocketDispatcher.java:66)
	at java.base/sun.nio.ch.IOUtil.write(IOUtil.java:227)
	at java.base/sun.nio.ch.IOUtil.write(IOUtil.java:158)
	at java.base/sun.nio.ch.SocketChannelImpl.implWrite(SocketChannelImpl.java:597)
	at java.base/sun.nio.ch.SocketChannelImpl.write(SocketChannelImpl.java:631)
	at org.apache.tomcat.util.net.NioChannel.write(NioChannel.java:130)
	at org.apache.tomcat.util.net.NioEndpoint$NioSocketWrapper$NioOperationState.run(NioEndpoint.java:1627)
	at org.apache.tomcat.util.net.SocketWrapperBase$OperationState.start(SocketWrapperBase.java:1051)
	at org.apache.tomcat.util.net.SocketWrapperBase.vectoredOperation(SocketWrapperBase.java:1440)
	at org.apache.tomcat.util.net.SocketWrapperBase.write(SocketWrapperBase.java:1366)
	at org.apache.tomcat.util.net.SocketWrapperBase.write(SocketWrapperBase.java:1337)
	at org.apache.tomcat.websocket.server.WsRemoteEndpointImplServer.doWrite(WsRemoteEndpointImplServer.java:171)
	at org.apache.tomcat.websocket.WsRemoteEndpointImplBase.writeMessagePart(WsRemoteEndpointImplBase.java:516)
	at org.apache.tomcat.websocket.WsRemoteEndpointImplBase.sendMessageBlock(WsRemoteEndpointImplBase.java:308)
	... 32 more
Error processing message from room 3: java.io.IOException: Broken pipe
java.io.IOException: java.io.IOException: Broken pipe
	at org.apache.tomcat.websocket.WsRemoteEndpointImplBase.sendMessageBlock(WsRemoteEndpointImplBase.java:321)
	at org.apache.tomcat.websocket.WsRemoteEndpointImplBase.sendMessageBlock(WsRemoteEndpointImplBase.java:250)
	at org.apache.tomcat.websocket.WsRemoteEndpointImplBase.sendPartialString(WsRemoteEndpointImplBase.java:223)
	at org.apache.tomcat.websocket.WsRemoteEndpointBasic.sendText(WsRemoteEndpointBasic.java:48)
	at org.springframework.web.socket.adapter.standard.StandardWebSocketSession.sendTextMessage(StandardWebSocketSession.java:217)
	at org.springframework.web.socket.adapter.AbstractWebSocketSession.sendMessage(AbstractWebSocketSession.java:108)
	at edu.northeastern.cs6650.server.ChatWebSocketHandler.sendAck(ChatWebSocketHandler.java:121)
	at edu.northeastern.cs6650.server.ChatWebSocketHandler.handleTextMessage(ChatWebSocketHandler.java:72)
	at org.springframework.web.socket.handler.AbstractWebSocketHandler.handleMessage(AbstractWebSocketHandler.java:43)
	at org.springframework.web.socket.handler.WebSocketHandlerDecorator.handleMessage(WebSocketHandlerDecorator.java:75)
	at org.springframework.web.socket.handler.LoggingWebSocketHandlerDecorator.handleMessage(LoggingWebSocketHandlerDecorator.java:56)
	at org.springframework.web.socket.handler.ExceptionWebSocketHandlerDecorator.handleMessage(ExceptionWebSocketHandlerDecorator.java:58)
	at org.springframework.web.socket.adapter.standard.StandardWebSocketHandlerAdapter.handleTextMessage(StandardWebSocketHandlerAdapter.java:113)
	at org.springframework.web.socket.adapter.standard.StandardWebSocketHandlerAdapter$3.onMessage(StandardWebSocketHandlerAdapter.java:84)
	at org.springframework.web.socket.adapter.standard.StandardWebSocketHandlerAdapter$3.onMessage(StandardWebSocketHandlerAdapter.java:81)
	at org.apache.tomcat.websocket.WsFrameBase.sendMessageText(WsFrameBase.java:390)
	at org.apache.tomcat.websocket.server.WsFrameServer.sendMessageText(WsFrameServer.java:130)
	at org.apache.tomcat.websocket.WsFrameBase.processDataText(WsFrameBase.java:484)
	at org.apache.tomcat.websocket.WsFrameBase.processData(WsFrameBase.java:284)
	at org.apache.tomcat.websocket.WsFrameBase.processInputBuffer(WsFrameBase.java:130)
	at org.apache.tomcat.websocket.server.WsFrameServer.onDataAvailable(WsFrameServer.java:85)
	at org.apache.tomcat.websocket.server.WsFrameServer.doOnDataAvailable(WsFrameServer.java:184)
	at org.apache.tomcat.websocket.server.WsFrameServer.notifyDataAvailable(WsFrameServer.java:164)
	at org.apache.tomcat.websocket.server.WsHttpUpgradeHandler.upgradeDispatch(WsHttpUpgradeHandler.java:152)
	at org.apache.coyote.http11.upgrade.UpgradeProcessorInternal.dispatch(UpgradeProcessorInternal.java:60)
	at org.apache.coyote.AbstractProcessorLight.process(AbstractProcessorLight.java:57)
	at org.apache.coyote.AbstractProtocol$ConnectionHandler.process(AbstractProtocol.java:896)
	at org.apache.tomcat.util.net.NioEndpoint$SocketProcessor.doRun(NioEndpoint.java:1736)
	at org.apache.tomcat.util.net.SocketProcessorBase.run(SocketProcessorBase.java:52)
	at org.apache.tomcat.util.threads.ThreadPoolExecutor.runWorker(ThreadPoolExecutor.java:1191)
	at org.apache.tomcat.util.threads.ThreadPoolExecutor$Worker.run(ThreadPoolExecutor.java:659)
	at org.apache.tomcat.util.threads.TaskThread$WrappingRunnable.run(TaskThread.java:63)
	at java.base/java.lang.Thread.run(Thread.java:1575)
Caused by: java.io.IOException: Broken pipe
	at java.base/sun.nio.ch.SocketDispatcher.writev0(Native Method)
	at java.base/sun.nio.ch.SocketDispatcher.writev(SocketDispatcher.java:66)
	at java.base/sun.nio.ch.IOUtil.write(IOUtil.java:227)
	at java.base/sun.nio.ch.IOUtil.write(IOUtil.java:158)
	at java.base/sun.nio.ch.SocketChannelImpl.implWrite(SocketChannelImpl.java:597)
	at java.base/sun.nio.ch.SocketChannelImpl.write(SocketChannelImpl.java:631)
	at org.apache.tomcat.util.net.NioChannel.write(NioChannel.java:130)
	at org.apache.tomcat.util.net.NioEndpoint$NioSocketWrapper$NioOperationState.run(NioEndpoint.java:1627)
	at org.apache.tomcat.util.net.SocketWrapperBase$OperationState.start(SocketWrapperBase.java:1051)
	at org.apache.tomcat.util.net.SocketWrapperBase.vectoredOperation(SocketWrapperBase.java:1440)
	at org.apache.tomcat.util.net.SocketWrapperBase.write(SocketWrapperBase.java:1366)
	at org.apache.tomcat.util.net.SocketWrapperBase.write(SocketWrapperBase.java:1337)
	at org.apache.tomcat.websocket.server.WsRemoteEndpointImplServer.doWrite(WsRemoteEndpointImplServer.java:171)
	at org.apache.tomcat.websocket.WsRemoteEndpointImplBase.writeMessagePart(WsRemoteEndpointImplBase.java:516)
	at org.apache.tomcat.websocket.WsRemoteEndpointImplBase.sendMessageBlock(WsRemoteEndpointImplBase.java:308)
	... 32 more
Error processing message from room 6: java.io.IOException: Broken pipe
java.io.IOException: java.io.IOException: Broken pipe
	at org.apache.tomcat.websocket.WsRemoteEndpointImplBase.sendMessageBlock(WsRemoteEndpointImplBase.java:321)
	at org.apache.tomcat.websocket.WsRemoteEndpointImplBase.sendMessageBlock(WsRemoteEndpointImplBase.java:250)
	at org.apache.tomcat.websocket.WsRemoteEndpointImplBase.sendPartialString(WsRemoteEndpointImplBase.java:223)
	at org.apache.tomcat.websocket.WsRemoteEndpointBasic.sendText(WsRemoteEndpointBasic.java:48)
	at org.springframework.web.socket.adapter.standard.StandardWebSocketSession.sendTextMessage(StandardWebSocketSession.java:217)
	at org.springframework.web.socket.adapter.AbstractWebSocketSession.sendMessage(AbstractWebSocketSession.java:108)
	at edu.northeastern.cs6650.server.ChatWebSocketHandler.sendAck(ChatWebSocketHandler.java:121)
	at edu.northeastern.cs6650.server.ChatWebSocketHandler.handleTextMessage(ChatWebSocketHandler.java:72)
	at org.springframework.web.socket.handler.AbstractWebSocketHandler.handleMessage(AbstractWebSocketHandler.java:43)
	at org.springframework.web.socket.handler.WebSocketHandlerDecorator.handleMessage(WebSocketHandlerDecorator.java:75)
	at org.springframework.web.socket.handler.LoggingWebSocketHandlerDecorator.handleMessage(LoggingWebSocketHandlerDecorator.java:56)
	at org.springframework.web.socket.handler.ExceptionWebSocketHandlerDecorator.handleMessage(ExceptionWebSocketHandlerDecorator.java:58)
	at org.springframework.web.socket.adapter.standard.StandardWebSocketHandlerAdapter.handleTextMessage(StandardWebSocketHandlerAdapter.java:113)
	at org.springframework.web.socket.adapter.standard.StandardWebSocketHandlerAdapter$3.onMessage(StandardWebSocketHandlerAdapter.java:84)
	at org.springframework.web.socket.adapter.standard.StandardWebSocketHandlerAdapter$3.onMessage(StandardWebSocketHandlerAdapter.java:81)
	at org.apache.tomcat.websocket.WsFrameBase.sendMessageText(WsFrameBase.java:390)
	at org.apache.tomcat.websocket.server.WsFrameServer.sendMessageText(WsFrameServer.java:130)
	at org.apache.tomcat.websocket.WsFrameBase.processDataText(WsFrameBase.java:484)
	at org.apache.tomcat.websocket.WsFrameBase.processData(WsFrameBase.java:284)
	at org.apache.tomcat.websocket.WsFrameBase.processInputBuffer(WsFrameBase.java:130)
	at org.apache.tomcat.websocket.server.WsFrameServer.onDataAvailable(WsFrameServer.java:85)
	at org.apache.tomcat.websocket.server.WsFrameServer.doOnDataAvailable(WsFrameServer.java:184)
	at org.apache.tomcat.websocket.server.WsFrameServer.notifyDataAvailable(WsFrameServer.java:164)
	at org.apache.tomcat.websocket.server.WsHttpUpgradeHandler.upgradeDispatch(WsHttpUpgradeHandler.java:152)
	at org.apache.coyote.http11.upgrade.UpgradeProcessorInternal.dispatch(UpgradeProcessorInternal.java:60)
	at org.apache.coyote.AbstractProcessorLight.process(AbstractProcessorLight.java:57)
	at org.apache.coyote.AbstractProtocol$ConnectionHandler.process(AbstractProtocol.java:896)
	at org.apache.tomcat.util.net.NioEndpoint$SocketProcessor.doRun(NioEndpoint.java:1736)
	at org.apache.tomcat.util.net.SocketProcessorBase.run(SocketProcessorBase.java:52)
	at org.apache.tomcat.util.threads.ThreadPoolExecutor.runWorker(ThreadPoolExecutor.java:1191)
	at org.apache.tomcat.util.threads.ThreadPoolExecutor$Worker.run(ThreadPoolExecutor.java:659)
	at org.apache.tomcat.util.threads.TaskThread$WrappingRunnable.run(TaskThread.java:63)
	at java.base/java.lang.Thread.run(Thread.java:1575)
Caused by: java.io.IOException: Broken pipe
	at java.base/sun.nio.ch.SocketDispatcher.writev0(Native Method)
	at java.base/sun.nio.ch.SocketDispatcher.writev(SocketDispatcher.java:66)
	at java.base/sun.nio.ch.IOUtil.write(IOUtil.java:227)
	at java.base/sun.nio.ch.IOUtil.write(IOUtil.java:158)
	at java.base/sun.nio.ch.SocketChannelImpl.implWrite(SocketChannelImpl.java:597)
	at java.base/sun.nio.ch.SocketChannelImpl.write(SocketChannelImpl.java:631)
	at org.apache.tomcat.util.net.NioChannel.write(NioChannel.java:130)
	at org.apache.tomcat.util.net.NioEndpoint$NioSocketWrapper$NioOperationState.run(NioEndpoint.java:1627)
	at org.apache.tomcat.util.net.SocketWrapperBase$OperationState.start(SocketWrapperBase.java:1051)
	at org.apache.tomcat.util.net.SocketWrapperBase.vectoredOperation(SocketWrapperBase.java:1440)
	at org.apache.tomcat.util.net.SocketWrapperBase.write(SocketWrapperBase.java:1366)
	at org.apache.tomcat.util.net.SocketWrapperBase.write(SocketWrapperBase.java:1337)
	at org.apache.tomcat.websocket.server.WsRemoteEndpointImplServer.doWrite(WsRemoteEndpointImplServer.java:171)
	at org.apache.tomcat.websocket.WsRemoteEndpointImplBase.writeMessagePart(WsRemoteEndpointImplBase.java:516)
	at org.apache.tomcat.websocket.WsRemoteEndpointImplBase.sendMessageBlock(WsRemoteEndpointImplBase.java:308)
	... 32 more
Error processing message from room 12: java.io.IOException: Broken pipe
java.io.IOException: java.io.IOException: Broken pipe
	at org.apache.tomcat.websocket.WsRemoteEndpointImplBase.sendMessageBlock(WsRemoteEndpointImplBase.java:321)
	at org.apache.tomcat.websocket.WsRemoteEndpointImplBase.sendMessageBlock(WsRemoteEndpointImplBase.java:250)
	at org.apache.tomcat.websocket.WsRemoteEndpointImplBase.sendPartialString(WsRemoteEndpointImplBase.java:223)
	at org.apache.tomcat.websocket.WsRemoteEndpointBasic.sendText(WsRemoteEndpointBasic.java:48)
	at org.springframework.web.socket.adapter.standard.StandardWebSocketSession.sendTextMessage(StandardWebSocketSession.java:217)
	at org.springframework.web.socket.adapter.AbstractWebSocketSession.sendMessage(AbstractWebSocketSession.java:108)
	at edu.northeastern.cs6650.server.ChatWebSocketHandler.sendAck(ChatWebSocketHandler.java:121)
	at edu.northeastern.cs6650.server.ChatWebSocketHandler.handleTextMessage(ChatWebSocketHandler.java:72)
	at org.springframework.web.socket.handler.AbstractWebSocketHandler.handleMessage(AbstractWebSocketHandler.java:43)
	at org.springframework.web.socket.handler.WebSocketHandlerDecorator.handleMessage(WebSocketHandlerDecorator.java:75)
	at org.springframework.web.socket.handler.LoggingWebSocketHandlerDecorator.handleMessage(LoggingWebSocketHandlerDecorator.java:56)
	at org.springframework.web.socket.handler.ExceptionWebSocketHandlerDecorator.handleMessage(ExceptionWebSocketHandlerDecorator.java:58)
	at org.springframework.web.socket.adapter.standard.StandardWebSocketHandlerAdapter.handleTextMessage(StandardWebSocketHandlerAdapter.java:113)
	at org.springframework.web.socket.adapter.standard.StandardWebSocketHandlerAdapter$3.onMessage(StandardWebSocketHandlerAdapter.java:84)
	at org.springframework.web.socket.adapter.standard.StandardWebSocketHandlerAdapter$3.onMessage(StandardWebSocketHandlerAdapter.java:81)
	at org.apache.tomcat.websocket.WsFrameBase.sendMessageText(WsFrameBase.java:390)
	at org.apache.tomcat.websocket.server.WsFrameServer.sendMessageText(WsFrameServer.java:130)
	at org.apache.tomcat.websocket.WsFrameBase.processDataText(WsFrameBase.java:484)
	at org.apache.tomcat.websocket.WsFrameBase.processData(WsFrameBase.java:284)
	at org.apache.tomcat.websocket.WsFrameBase.processInputBuffer(WsFrameBase.java:130)
	at org.apache.tomcat.websocket.server.WsFrameServer.onDataAvailable(WsFrameServer.java:85)
	at org.apache.tomcat.websocket.server.WsFrameServer.doOnDataAvailable(WsFrameServer.java:184)
	at org.apache.tomcat.websocket.server.WsFrameServer.notifyDataAvailable(WsFrameServer.java:164)
	at org.apache.tomcat.websocket.server.WsHttpUpgradeHandler.upgradeDispatch(WsHttpUpgradeHandler.java:152)
	at org.apache.coyote.http11.upgrade.UpgradeProcessorInternal.dispatch(UpgradeProcessorInternal.java:60)
	at org.apache.coyote.AbstractProcessorLight.process(AbstractProcessorLight.java:57)
	at org.apache.coyote.AbstractProtocol$ConnectionHandler.process(AbstractProtocol.java:896)
	at org.apache.tomcat.util.net.NioEndpoint$SocketProcessor.doRun(NioEndpoint.java:1736)
	at org.apache.tomcat.util.net.SocketProcessorBase.run(SocketProcessorBase.java:52)
	at org.apache.tomcat.util.threads.ThreadPoolExecutor.runWorker(ThreadPoolExecutor.java:1191)
	at org.apache.tomcat.util.threads.ThreadPoolExecutor$Worker.run(ThreadPoolExecutor.java:659)
	at org.apache.tomcat.util.threads.TaskThread$WrappingRunnable.run(TaskThread.java:63)
	at java.base/java.lang.Thread.run(Thread.java:1575)
Caused by: java.io.IOException: Broken pipe
	at java.base/sun.nio.ch.SocketDispatcher.writev0(Native Method)
	at java.base/sun.nio.ch.SocketDispatcher.writev(SocketDispatcher.java:66)
	at java.base/sun.nio.ch.IOUtil.write(IOUtil.java:227)
	at java.base/sun.nio.ch.IOUtil.write(IOUtil.java:158)
	at java.base/sun.nio.ch.SocketChannelImpl.implWrite(SocketChannelImpl.java:597)
	at java.base/sun.nio.ch.SocketChannelImpl.write(SocketChannelImpl.java:631)
	at org.apache.tomcat.util.net.NioChannel.write(NioChannel.java:130)
	at org.apache.tomcat.util.net.NioEndpoint$NioSocketWrapper$NioOperationState.run(NioEndpoint.java:1627)
	at org.apache.tomcat.util.net.SocketWrapperBase$OperationState.start(SocketWrapperBase.java:1051)
	at org.apache.tomcat.util.net.SocketWrapperBase.vectoredOperation(SocketWrapperBase.java:1440)
	at org.apache.tomcat.util.net.SocketWrapperBase.write(SocketWrapperBase.java:1366)
	at org.apache.tomcat.util.net.SocketWrapperBase.write(SocketWrapperBase.java:1337)
	at org.apache.tomcat.websocket.server.WsRemoteEndpointImplServer.doWrite(WsRemoteEndpointImplServer.java:171)
	at org.apache.tomcat.websocket.WsRemoteEndpointImplBase.writeMessagePart(WsRemoteEndpointImplBase.java:516)
	at org.apache.tomcat.websocket.WsRemoteEndpointImplBase.sendMessageBlock(WsRemoteEndpointImplBase.java:308)
	... 32 more
Error processing message from room 14: java.io.IOException: Broken pipe
java.io.IOException: java.io.IOException: Broken pipe
	at org.apache.tomcat.websocket.WsRemoteEndpointImplBase.sendMessageBlock(WsRemoteEndpointImplBase.java:321)
	at org.apache.tomcat.websocket.WsRemoteEndpointImplBase.sendMessageBlock(WsRemoteEndpointImplBase.java:250)
	at org.apache.tomcat.websocket.WsRemoteEndpointImplBase.sendPartialString(WsRemoteEndpointImplBase.java:223)
	at org.apache.tomcat.websocket.WsRemoteEndpointBasic.sendText(WsRemoteEndpointBasic.java:48)
	at org.springframework.web.socket.adapter.standard.StandardWebSocketSession.sendTextMessage(StandardWebSocketSession.java:217)
	at org.springframework.web.socket.adapter.AbstractWebSocketSession.sendMessage(AbstractWebSocketSession.java:108)
	at edu.northeastern.cs6650.server.ChatWebSocketHandler.sendAck(ChatWebSocketHandler.java:121)
	at edu.northeastern.cs6650.server.ChatWebSocketHandler.handleTextMessage(ChatWebSocketHandler.java:72)
	at org.springframework.web.socket.handler.AbstractWebSocketHandler.handleMessage(AbstractWebSocketHandler.java:43)
	at org.springframework.web.socket.handler.WebSocketHandlerDecorator.handleMessage(WebSocketHandlerDecorator.java:75)
	at org.springframework.web.socket.handler.LoggingWebSocketHandlerDecorator.handleMessage(LoggingWebSocketHandlerDecorator.java:56)
	at org.springframework.web.socket.handler.ExceptionWebSocketHandlerDecorator.handleMessage(ExceptionWebSocketHandlerDecorator.java:58)
	at org.springframework.web.socket.adapter.standard.StandardWebSocketHandlerAdapter.handleTextMessage(StandardWebSocketHandlerAdapter.java:113)
	at org.springframework.web.socket.adapter.standard.StandardWebSocketHandlerAdapter$3.onMessage(StandardWebSocketHandlerAdapter.java:84)
	at org.springframework.web.socket.adapter.standard.StandardWebSocketHandlerAdapter$3.onMessage(StandardWebSocketHandlerAdapter.java:81)
	at org.apache.tomcat.websocket.WsFrameBase.sendMessageText(WsFrameBase.java:390)
	at org.apache.tomcat.websocket.server.WsFrameServer.sendMessageText(WsFrameServer.java:130)
	at org.apache.tomcat.websocket.WsFrameBase.processDataText(WsFrameBase.java:484)
	at org.apache.tomcat.websocket.WsFrameBase.processData(WsFrameBase.java:284)
	at org.apache.tomcat.websocket.WsFrameBase.processInputBuffer(WsFrameBase.java:130)
	at org.apache.tomcat.websocket.server.WsFrameServer.onDataAvailable(WsFrameServer.java:85)
	at org.apache.tomcat.websocket.server.WsFrameServer.doOnDataAvailable(WsFrameServer.java:184)
	at org.apache.tomcat.websocket.server.WsFrameServer.notifyDataAvailable(WsFrameServer.java:164)
	at org.apache.tomcat.websocket.server.WsHttpUpgradeHandler.upgradeDispatch(WsHttpUpgradeHandler.java:152)
	at org.apache.coyote.http11.upgrade.UpgradeProcessorInternal.dispatch(UpgradeProcessorInternal.java:60)
	at org.apache.coyote.AbstractProcessorLight.process(AbstractProcessorLight.java:57)
	at org.apache.coyote.AbstractProtocol$ConnectionHandler.process(AbstractProtocol.java:896)
	at org.apache.tomcat.util.net.NioEndpoint$SocketProcessor.doRun(NioEndpoint.java:1736)
	at org.apache.tomcat.util.net.SocketProcessorBase.run(SocketProcessorBase.java:52)
	at org.apache.tomcat.util.threads.ThreadPoolExecutor.runWorker(ThreadPoolExecutor.java:1191)
	at org.apache.tomcat.util.threads.ThreadPoolExecutor$Worker.run(ThreadPoolExecutor.java:659)
	at org.apache.tomcat.util.threads.TaskThread$WrappingRunnable.run(TaskThread.java:63)
	at java.base/java.lang.Thread.run(Thread.java:1575)
Caused by: java.io.IOException: Broken pipe
	at java.base/sun.nio.ch.SocketDispatcher.writev0(Native Method)
	at java.base/sun.nio.ch.SocketDispatcher.writev(SocketDispatcher.java:66)
	at java.base/sun.nio.ch.IOUtil.write(IOUtil.java:227)
	at java.base/sun.nio.ch.IOUtil.write(IOUtil.java:158)
	at java.base/sun.nio.ch.SocketChannelImpl.implWrite(SocketChannelImpl.java:597)
	at java.base/sun.nio.ch.SocketChannelImpl.write(SocketChannelImpl.java:631)
	at org.apache.tomcat.util.net.NioChannel.write(NioChannel.java:130)
	at org.apache.tomcat.util.net.NioEndpoint$NioSocketWrapper$NioOperationState.run(NioEndpoint.java:1627)
	at org.apache.tomcat.util.net.SocketWrapperBase$OperationState.start(SocketWrapperBase.java:1051)
	at org.apache.tomcat.util.net.SocketWrapperBase.vectoredOperation(SocketWrapperBase.java:1440)
	at org.apache.tomcat.util.net.SocketWrapperBase.write(SocketWrapperBase.java:1366)
	at org.apache.tomcat.util.net.SocketWrapperBase.write(SocketWrapperBase.java:1337)
	at org.apache.tomcat.websocket.server.WsRemoteEndpointImplServer.doWrite(WsRemoteEndpointImplServer.java:171)
	at org.apache.tomcat.websocket.WsRemoteEndpointImplBase.writeMessagePart(WsRemoteEndpointImplBase.java:516)
	at org.apache.tomcat.websocket.WsRemoteEndpointImplBase.sendMessageBlock(WsRemoteEndpointImplBase.java:308)
	... 32 more
Error processing message from room 16: java.io.IOException: Broken pipe
java.io.IOException: java.io.IOException: Broken pipe
	at org.apache.tomcat.websocket.WsRemoteEndpointImplBase.sendMessageBlock(WsRemoteEndpointImplBase.java:321)
	at org.apache.tomcat.websocket.WsRemoteEndpointImplBase.sendMessageBlock(WsRemoteEndpointImplBase.java:250)
	at org.apache.tomcat.websocket.WsRemoteEndpointImplBase.sendPartialString(WsRemoteEndpointImplBase.java:223)
	at org.apache.tomcat.websocket.WsRemoteEndpointBasic.sendText(WsRemoteEndpointBasic.java:48)
	at org.springframework.web.socket.adapter.standard.StandardWebSocketSession.sendTextMessage(StandardWebSocketSession.java:217)
	at org.springframework.web.socket.adapter.AbstractWebSocketSession.sendMessage(AbstractWebSocketSession.java:108)
	at edu.northeastern.cs6650.server.ChatWebSocketHandler.sendAck(ChatWebSocketHandler.java:121)
	at edu.northeastern.cs6650.server.ChatWebSocketHandler.handleTextMessage(ChatWebSocketHandler.java:72)
	at org.springframework.web.socket.handler.AbstractWebSocketHandler.handleMessage(AbstractWebSocketHandler.java:43)
	at org.springframework.web.socket.handler.WebSocketHandlerDecorator.handleMessage(WebSocketHandlerDecorator.java:75)
	at org.springframework.web.socket.handler.LoggingWebSocketHandlerDecorator.handleMessage(LoggingWebSocketHandlerDecorator.java:56)
	at org.springframework.web.socket.handler.ExceptionWebSocketHandlerDecorator.handleMessage(ExceptionWebSocketHandlerDecorator.java:58)
	at org.springframework.web.socket.adapter.standard.StandardWebSocketHandlerAdapter.handleTextMessage(StandardWebSocketHandlerAdapter.java:113)
	at org.springframework.web.socket.adapter.standard.StandardWebSocketHandlerAdapter$3.onMessage(StandardWebSocketHandlerAdapter.java:84)
	at org.springframework.web.socket.adapter.standard.StandardWebSocketHandlerAdapter$3.onMessage(StandardWebSocketHandlerAdapter.java:81)
	at org.apache.tomcat.websocket.WsFrameBase.sendMessageText(WsFrameBase.java:390)
	at org.apache.tomcat.websocket.server.WsFrameServer.sendMessageText(WsFrameServer.java:130)
	at org.apache.tomcat.websocket.WsFrameBase.processDataText(WsFrameBase.java:484)
	at org.apache.tomcat.websocket.WsFrameBase.processData(WsFrameBase.java:284)
	at org.apache.tomcat.websocket.WsFrameBase.processInputBuffer(WsFrameBase.java:130)
	at org.apache.tomcat.websocket.server.WsFrameServer.onDataAvailable(WsFrameServer.java:85)
	at org.apache.tomcat.websocket.server.WsFrameServer.doOnDataAvailable(WsFrameServer.java:184)
	at org.apache.tomcat.websocket.server.WsFrameServer.notifyDataAvailable(WsFrameServer.java:164)
	at org.apache.tomcat.websocket.server.WsHttpUpgradeHandler.upgradeDispatch(WsHttpUpgradeHandler.java:152)
	at org.apache.coyote.http11.upgrade.UpgradeProcessorInternal.dispatch(UpgradeProcessorInternal.java:60)
	at org.apache.coyote.AbstractProcessorLight.process(AbstractProcessorLight.java:57)
	at org.apache.coyote.AbstractProtocol$ConnectionHandler.process(AbstractProtocol.java:896)
	at org.apache.tomcat.util.net.NioEndpoint$SocketProcessor.doRun(NioEndpoint.java:1736)
	at org.apache.tomcat.util.net.SocketProcessorBase.run(SocketProcessorBase.java:52)
	at org.apache.tomcat.util.threads.ThreadPoolExecutor.runWorker(ThreadPoolExecutor.java:1191)
	at org.apache.tomcat.util.threads.ThreadPoolExecutor$Worker.run(ThreadPoolExecutor.java:659)
	at org.apache.tomcat.util.threads.TaskThread$WrappingRunnable.run(TaskThread.java:63)
	at java.base/java.lang.Thread.run(Thread.java:1575)
Caused by: java.io.IOException: Broken pipe
	at java.base/sun.nio.ch.SocketDispatcher.writev0(Native Method)
	at java.base/sun.nio.ch.SocketDispatcher.writev(SocketDispatcher.java:66)
	at java.base/sun.nio.ch.IOUtil.write(IOUtil.java:227)
	at java.base/sun.nio.ch.IOUtil.write(IOUtil.java:158)
	at java.base/sun.nio.ch.SocketChannelImpl.implWrite(SocketChannelImpl.java:597)
	at java.base/sun.nio.ch.SocketChannelImpl.write(SocketChannelImpl.java:631)
	at org.apache.tomcat.util.net.NioChannel.write(NioChannel.java:130)
	at org.apache.tomcat.util.net.NioEndpoint$NioSocketWrapper$NioOperationState.run(NioEndpoint.java:1627)
	at org.apache.tomcat.util.net.SocketWrapperBase$OperationState.start(SocketWrapperBase.java:1051)
	at org.apache.tomcat.util.net.SocketWrapperBase.vectoredOperation(SocketWrapperBase.java:1440)
	at org.apache.tomcat.util.net.SocketWrapperBase.write(SocketWrapperBase.java:1366)
	at org.apache.tomcat.util.net.SocketWrapperBase.write(SocketWrapperBase.java:1337)
	at org.apache.tomcat.websocket.server.WsRemoteEndpointImplServer.doWrite(WsRemoteEndpointImplServer.java:171)
	at org.apache.tomcat.websocket.WsRemoteEndpointImplBase.writeMessagePart(WsRemoteEndpointImplBase.java:516)
	at org.apache.tomcat.websocket.WsRemoteEndpointImplBase.sendMessageBlock(WsRemoteEndpointImplBase.java:308)
	... 32 more
Error processing message from room 17: java.io.IOException: Broken pipe
java.io.IOException: java.io.IOException: Broken pipe
	at org.apache.tomcat.websocket.WsRemoteEndpointImplBase.sendMessageBlock(WsRemoteEndpointImplBase.java:321)
	at org.apache.tomcat.websocket.WsRemoteEndpointImplBase.sendMessageBlock(WsRemoteEndpointImplBase.java:250)
	at org.apache.tomcat.websocket.WsRemoteEndpointImplBase.sendPartialString(WsRemoteEndpointImplBase.java:223)
	at org.apache.tomcat.websocket.WsRemoteEndpointBasic.sendText(WsRemoteEndpointBasic.java:48)
	at org.springframework.web.socket.adapter.standard.StandardWebSocketSession.sendTextMessage(StandardWebSocketSession.java:217)
	at org.springframework.web.socket.adapter.AbstractWebSocketSession.sendMessage(AbstractWebSocketSession.java:108)
	at edu.northeastern.cs6650.server.ChatWebSocketHandler.sendAck(ChatWebSocketHandler.java:121)
	at edu.northeastern.cs6650.server.ChatWebSocketHandler.handleTextMessage(ChatWebSocketHandler.java:72)
	at org.springframework.web.socket.handler.AbstractWebSocketHandler.handleMessage(AbstractWebSocketHandler.java:43)
	at org.springframework.web.socket.handler.WebSocketHandlerDecorator.handleMessage(WebSocketHandlerDecorator.java:75)
	at org.springframework.web.socket.handler.LoggingWebSocketHandlerDecorator.handleMessage(LoggingWebSocketHandlerDecorator.java:56)
	at org.springframework.web.socket.handler.ExceptionWebSocketHandlerDecorator.handleMessage(ExceptionWebSocketHandlerDecorator.java:58)
	at org.springframework.web.socket.adapter.standard.StandardWebSocketHandlerAdapter.handleTextMessage(StandardWebSocketHandlerAdapter.java:113)
	at org.springframework.web.socket.adapter.standard.StandardWebSocketHandlerAdapter$3.onMessage(StandardWebSocketHandlerAdapter.java:84)
	at org.springframework.web.socket.adapter.standard.StandardWebSocketHandlerAdapter$3.onMessage(StandardWebSocketHandlerAdapter.java:81)
	at org.apache.tomcat.websocket.WsFrameBase.sendMessageText(WsFrameBase.java:390)
	at org.apache.tomcat.websocket.server.WsFrameServer.sendMessageText(WsFrameServer.java:130)
	at org.apache.tomcat.websocket.WsFrameBase.processDataText(WsFrameBase.java:484)
	at org.apache.tomcat.websocket.WsFrameBase.processData(WsFrameBase.java:284)
	at org.apache.tomcat.websocket.WsFrameBase.processInputBuffer(WsFrameBase.java:130)
	at org.apache.tomcat.websocket.server.WsFrameServer.onDataAvailable(WsFrameServer.java:85)
	at org.apache.tomcat.websocket.server.WsFrameServer.doOnDataAvailable(WsFrameServer.java:184)
	at org.apache.tomcat.websocket.server.WsFrameServer.notifyDataAvailable(WsFrameServer.java:164)
	at org.apache.tomcat.websocket.server.WsHttpUpgradeHandler.upgradeDispatch(WsHttpUpgradeHandler.java:152)
	at org.apache.coyote.http11.upgrade.UpgradeProcessorInternal.dispatch(UpgradeProcessorInternal.java:60)
	at org.apache.coyote.AbstractProcessorLight.process(AbstractProcessorLight.java:57)
	at org.apache.coyote.AbstractProtocol$ConnectionHandler.process(AbstractProtocol.java:896)
	at org.apache.tomcat.util.net.NioEndpoint$SocketProcessor.doRun(NioEndpoint.java:1736)
	at org.apache.tomcat.util.net.SocketProcessorBase.run(SocketProcessorBase.java:52)
	at org.apache.tomcat.util.threads.ThreadPoolExecutor.runWorker(ThreadPoolExecutor.java:1191)
	at org.apache.tomcat.util.threads.ThreadPoolExecutor$Worker.run(ThreadPoolExecutor.java:659)
	at org.apache.tomcat.util.threads.TaskThread$WrappingRunnable.run(TaskThread.java:63)
	at java.base/java.lang.Thread.run(Thread.java:1575)
Caused by: java.io.IOException: Broken pipe
	at java.base/sun.nio.ch.SocketDispatcher.writev0(Native Method)
	at java.base/sun.nio.ch.SocketDispatcher.writev(SocketDispatcher.java:66)
	at java.base/sun.nio.ch.IOUtil.write(IOUtil.java:227)
	at java.base/sun.nio.ch.IOUtil.write(IOUtil.java:158)
	at java.base/sun.nio.ch.SocketChannelImpl.implWrite(SocketChannelImpl.java:597)
	at java.base/sun.nio.ch.SocketChannelImpl.write(SocketChannelImpl.java:631)
	at org.apache.tomcat.util.net.NioChannel.write(NioChannel.java:130)
	at org.apache.tomcat.util.net.NioEndpoint$NioSocketWrapper$NioOperationState.run(NioEndpoint.java:1627)
	at org.apache.tomcat.util.net.SocketWrapperBase$OperationState.start(SocketWrapperBase.java:1051)
	at org.apache.tomcat.util.net.SocketWrapperBase.vectoredOperation(SocketWrapperBase.java:1440)
	at org.apache.tomcat.util.net.SocketWrapperBase.write(SocketWrapperBase.java:1366)
	at org.apache.tomcat.util.net.SocketWrapperBase.write(SocketWrapperBase.java:1337)
	at org.apache.tomcat.websocket.server.WsRemoteEndpointImplServer.doWrite(WsRemoteEndpointImplServer.java:171)
	at org.apache.tomcat.websocket.WsRemoteEndpointImplBase.writeMessagePart(WsRemoteEndpointImplBase.java:516)
	at org.apache.tomcat.websocket.WsRemoteEndpointImplBase.sendMessageBlock(WsRemoteEndpointImplBase.java:308)
	... 32 more
Error processing message from room 13: java.io.IOException: Broken pipe
java.io.IOException: java.io.IOException: Broken pipe
	at org.apache.tomcat.websocket.WsRemoteEndpointImplBase.sendMessageBlock(WsRemoteEndpointImplBase.java:321)
	at org.apache.tomcat.websocket.WsRemoteEndpointImplBase.sendMessageBlock(WsRemoteEndpointImplBase.java:250)
	at org.apache.tomcat.websocket.WsRemoteEndpointImplBase.sendPartialString(WsRemoteEndpointImplBase.java:223)
	at org.apache.tomcat.websocket.WsRemoteEndpointBasic.sendText(WsRemoteEndpointBasic.java:48)
	at org.springframework.web.socket.adapter.standard.StandardWebSocketSession.sendTextMessage(StandardWebSocketSession.java:217)
	at org.springframework.web.socket.adapter.AbstractWebSocketSession.sendMessage(AbstractWebSocketSession.java:108)
	at edu.northeastern.cs6650.server.ChatWebSocketHandler.sendAck(ChatWebSocketHandler.java:121)
	at edu.northeastern.cs6650.server.ChatWebSocketHandler.handleTextMessage(ChatWebSocketHandler.java:72)
	at org.springframework.web.socket.handler.AbstractWebSocketHandler.handleMessage(AbstractWebSocketHandler.java:43)
	at org.springframework.web.socket.handler.WebSocketHandlerDecorator.handleMessage(WebSocketHandlerDecorator.java:75)
	at org.springframework.web.socket.handler.LoggingWebSocketHandlerDecorator.handleMessage(LoggingWebSocketHandlerDecorator.java:56)
	at org.springframework.web.socket.handler.ExceptionWebSocketHandlerDecorator.handleMessage(ExceptionWebSocketHandlerDecorator.java:58)
	at org.springframework.web.socket.adapter.standard.StandardWebSocketHandlerAdapter.handleTextMessage(StandardWebSocketHandlerAdapter.java:113)
	at org.springframework.web.socket.adapter.standard.StandardWebSocketHandlerAdapter$3.onMessage(StandardWebSocketHandlerAdapter.java:84)
	at org.springframework.web.socket.adapter.standard.StandardWebSocketHandlerAdapter$3.onMessage(StandardWebSocketHandlerAdapter.java:81)
	at org.apache.tomcat.websocket.WsFrameBase.sendMessageText(WsFrameBase.java:390)
	at org.apache.tomcat.websocket.server.WsFrameServer.sendMessageText(WsFrameServer.java:130)
	at org.apache.tomcat.websocket.WsFrameBase.processDataText(WsFrameBase.java:484)
	at org.apache.tomcat.websocket.WsFrameBase.processData(WsFrameBase.java:284)
	at org.apache.tomcat.websocket.WsFrameBase.processInputBuffer(WsFrameBase.java:130)
	at org.apache.tomcat.websocket.server.WsFrameServer.onDataAvailable(WsFrameServer.java:85)
	at org.apache.tomcat.websocket.server.WsFrameServer.doOnDataAvailable(WsFrameServer.java:184)
	at org.apache.tomcat.websocket.server.WsFrameServer.notifyDataAvailable(WsFrameServer.java:164)
	at org.apache.tomcat.websocket.server.WsHttpUpgradeHandler.upgradeDispatch(WsHttpUpgradeHandler.java:152)
	at org.apache.coyote.http11.upgrade.UpgradeProcessorInternal.dispatch(UpgradeProcessorInternal.java:60)
	at org.apache.coyote.AbstractProcessorLight.process(AbstractProcessorLight.java:57)
	at org.apache.coyote.AbstractProtocol$ConnectionHandler.process(AbstractProtocol.java:896)
	at org.apache.tomcat.util.net.NioEndpoint$SocketProcessor.doRun(NioEndpoint.java:1736)
	at org.apache.tomcat.util.net.SocketProcessorBase.run(SocketProcessorBase.java:52)
	at org.apache.tomcat.util.threads.ThreadPoolExecutor.runWorker(ThreadPoolExecutor.java:1191)
	at org.apache.tomcat.util.threads.ThreadPoolExecutor$Worker.run(ThreadPoolExecutor.java:659)
	at org.apache.tomcat.util.threads.TaskThread$WrappingRunnable.run(TaskThread.java:63)
	at java.base/java.lang.Thread.run(Thread.java:1575)
Caused by: java.io.IOException: Broken pipe
	at java.base/sun.nio.ch.SocketDispatcher.writev0(Native Method)
	at java.base/sun.nio.ch.SocketDispatcher.writev(SocketDispatcher.java:66)
	at java.base/sun.nio.ch.IOUtil.write(IOUtil.java:227)
	at java.base/sun.nio.ch.IOUtil.write(IOUtil.java:158)
	at java.base/sun.nio.ch.SocketChannelImpl.implWrite(SocketChannelImpl.java:597)
	at java.base/sun.nio.ch.SocketChannelImpl.write(SocketChannelImpl.java:631)
	at org.apache.tomcat.util.net.NioChannel.write(NioChannel.java:130)
	at org.apache.tomcat.util.net.NioEndpoint$NioSocketWrapper$NioOperationState.run(NioEndpoint.java:1627)
	at org.apache.tomcat.util.net.SocketWrapperBase$OperationState.start(SocketWrapperBase.java:1051)
	at org.apache.tomcat.util.net.SocketWrapperBase.vectoredOperation(SocketWrapperBase.java:1440)
	at org.apache.tomcat.util.net.SocketWrapperBase.write(SocketWrapperBase.java:1366)
	at org.apache.tomcat.util.net.SocketWrapperBase.write(SocketWrapperBase.java:1337)
	at org.apache.tomcat.websocket.server.WsRemoteEndpointImplServer.doWrite(WsRemoteEndpointImplServer.java:171)
	at org.apache.tomcat.websocket.WsRemoteEndpointImplBase.writeMessagePart(WsRemoteEndpointImplBase.java:516)
	at org.apache.tomcat.websocket.WsRemoteEndpointImplBase.sendMessageBlock(WsRemoteEndpointImplBase.java:308)
	... 32 more
Error processing message from room 3: java.io.IOException: Broken pipe
java.io.IOException: java.io.IOException: Broken pipe
	at org.apache.tomcat.websocket.WsRemoteEndpointImplBase.sendMessageBlock(WsRemoteEndpointImplBase.java:321)
	at org.apache.tomcat.websocket.WsRemoteEndpointImplBase.sendMessageBlock(WsRemoteEndpointImplBase.java:250)
	at org.apache.tomcat.websocket.WsRemoteEndpointImplBase.sendPartialString(WsRemoteEndpointImplBase.java:223)
	at org.apache.tomcat.websocket.WsRemoteEndpointBasic.sendText(WsRemoteEndpointBasic.java:48)
	at org.springframework.web.socket.adapter.standard.StandardWebSocketSession.sendTextMessage(StandardWebSocketSession.java:217)
	at org.springframework.web.socket.adapter.AbstractWebSocketSession.sendMessage(AbstractWebSocketSession.java:108)
	at edu.northeastern.cs6650.server.ChatWebSocketHandler.sendAck(ChatWebSocketHandler.java:121)
	at edu.northeastern.cs6650.server.ChatWebSocketHandler.handleTextMessage(ChatWebSocketHandler.java:72)
	at org.springframework.web.socket.handler.AbstractWebSocketHandler.handleMessage(AbstractWebSocketHandler.java:43)
	at org.springframework.web.socket.handler.WebSocketHandlerDecorator.handleMessage(WebSocketHandlerDecorator.java:75)
	at org.springframework.web.socket.handler.LoggingWebSocketHandlerDecorator.handleMessage(LoggingWebSocketHandlerDecorator.java:56)
	at org.springframework.web.socket.handler.ExceptionWebSocketHandlerDecorator.handleMessage(ExceptionWebSocketHandlerDecorator.java:58)
	at org.springframework.web.socket.adapter.standard.StandardWebSocketHandlerAdapter.handleTextMessage(StandardWebSocketHandlerAdapter.java:113)
	at org.springframework.web.socket.adapter.standard.StandardWebSocketHandlerAdapter$3.onMessage(StandardWebSocketHandlerAdapter.java:84)
	at org.springframework.web.socket.adapter.standard.StandardWebSocketHandlerAdapter$3.onMessage(StandardWebSocketHandlerAdapter.java:81)
	at org.apache.tomcat.websocket.WsFrameBase.sendMessageText(WsFrameBase.java:390)
	at org.apache.tomcat.websocket.server.WsFrameServer.sendMessageText(WsFrameServer.java:130)
	at org.apache.tomcat.websocket.WsFrameBase.processDataText(WsFrameBase.java:484)
	at org.apache.tomcat.websocket.WsFrameBase.processData(WsFrameBase.java:284)
	at org.apache.tomcat.websocket.WsFrameBase.processInputBuffer(WsFrameBase.java:130)
	at org.apache.tomcat.websocket.server.WsFrameServer.onDataAvailable(WsFrameServer.java:85)
	at org.apache.tomcat.websocket.server.WsFrameServer.doOnDataAvailable(WsFrameServer.java:184)
	at org.apache.tomcat.websocket.server.WsFrameServer.notifyDataAvailable(WsFrameServer.java:164)
	at org.apache.tomcat.websocket.server.WsHttpUpgradeHandler.upgradeDispatch(WsHttpUpgradeHandler.java:152)
	at org.apache.coyote.http11.upgrade.UpgradeProcessorInternal.dispatch(UpgradeProcessorInternal.java:60)
	at org.apache.coyote.AbstractProcessorLight.process(AbstractProcessorLight.java:57)
	at org.apache.coyote.AbstractProtocol$ConnectionHandler.process(AbstractProtocol.java:896)
	at org.apache.tomcat.util.net.NioEndpoint$SocketProcessor.doRun(NioEndpoint.java:1736)
	at org.apache.tomcat.util.net.SocketProcessorBase.run(SocketProcessorBase.java:52)
	at org.apache.tomcat.util.threads.ThreadPoolExecutor.runWorker(ThreadPoolExecutor.java:1191)
	at org.apache.tomcat.util.threads.ThreadPoolExecutor$Worker.run(ThreadPoolExecutor.java:659)
	at org.apache.tomcat.util.threads.TaskThread$WrappingRunnable.run(TaskThread.java:63)
	at java.base/java.lang.Thread.run(Thread.java:1575)
Caused by: java.io.IOException: Broken pipe
	at java.base/sun.nio.ch.SocketDispatcher.writev0(Native Method)
	at java.base/sun.nio.ch.SocketDispatcher.writev(SocketDispatcher.java:66)
	at java.base/sun.nio.ch.IOUtil.write(IOUtil.java:227)
	at java.base/sun.nio.ch.IOUtil.write(IOUtil.java:158)
	at java.base/sun.nio.ch.SocketChannelImpl.implWrite(SocketChannelImpl.java:597)
	at java.base/sun.nio.ch.SocketChannelImpl.write(SocketChannelImpl.java:631)
	at org.apache.tomcat.util.net.NioChannel.write(NioChannel.java:130)
	at org.apache.tomcat.util.net.NioEndpoint$NioSocketWrapper$NioOperationState.run(NioEndpoint.java:1627)
	at org.apache.tomcat.util.net.SocketWrapperBase$OperationState.start(SocketWrapperBase.java:1051)
	at org.apache.tomcat.util.net.SocketWrapperBase.vectoredOperation(SocketWrapperBase.java:1440)
	at org.apache.tomcat.util.net.SocketWrapperBase.write(SocketWrapperBase.java:1366)
	at org.apache.tomcat.util.net.SocketWrapperBase.write(SocketWrapperBase.java:1337)
	at org.apache.tomcat.websocket.server.WsRemoteEndpointImplServer.doWrite(WsRemoteEndpointImplServer.java:171)
	at org.apache.tomcat.websocket.WsRemoteEndpointImplBase.writeMessagePart(WsRemoteEndpointImplBase.java:516)
	at org.apache.tomcat.websocket.WsRemoteEndpointImplBase.sendMessageBlock(WsRemoteEndpointImplBase.java:308)
	... 32 more
Error processing message from room 14: java.io.IOException: Broken pipe
java.io.IOException: java.io.IOException: Broken pipe
	at org.apache.tomcat.websocket.WsRemoteEndpointImplBase.sendMessageBlock(WsRemoteEndpointImplBase.java:321)
	at org.apache.tomcat.websocket.WsRemoteEndpointImplBase.sendMessageBlock(WsRemoteEndpointImplBase.java:250)
	at org.apache.tomcat.websocket.WsRemoteEndpointImplBase.sendPartialString(WsRemoteEndpointImplBase.java:223)
	at org.apache.tomcat.websocket.WsRemoteEndpointBasic.sendText(WsRemoteEndpointBasic.java:48)
	at org.springframework.web.socket.adapter.standard.StandardWebSocketSession.sendTextMessage(StandardWebSocketSession.java:217)
	at org.springframework.web.socket.adapter.AbstractWebSocketSession.sendMessage(AbstractWebSocketSession.java:108)
	at edu.northeastern.cs6650.server.ChatWebSocketHandler.sendAck(ChatWebSocketHandler.java:121)
	at edu.northeastern.cs6650.server.ChatWebSocketHandler.handleTextMessage(ChatWebSocketHandler.java:72)
	at org.springframework.web.socket.handler.AbstractWebSocketHandler.handleMessage(AbstractWebSocketHandler.java:43)
	at org.springframework.web.socket.handler.WebSocketHandlerDecorator.handleMessage(WebSocketHandlerDecorator.java:75)
	at org.springframework.web.socket.handler.LoggingWebSocketHandlerDecorator.handleMessage(LoggingWebSocketHandlerDecorator.java:56)
	at org.springframework.web.socket.handler.ExceptionWebSocketHandlerDecorator.handleMessage(ExceptionWebSocketHandlerDecorator.java:58)
	at org.springframework.web.socket.adapter.standard.StandardWebSocketHandlerAdapter.handleTextMessage(StandardWebSocketHandlerAdapter.java:113)
	at org.springframework.web.socket.adapter.standard.StandardWebSocketHandlerAdapter$3.onMessage(StandardWebSocketHandlerAdapter.java:84)
	at org.springframework.web.socket.adapter.standard.StandardWebSocketHandlerAdapter$3.onMessage(StandardWebSocketHandlerAdapter.java:81)
	at org.apache.tomcat.websocket.WsFrameBase.sendMessageText(WsFrameBase.java:390)
	at org.apache.tomcat.websocket.server.WsFrameServer.sendMessageText(WsFrameServer.java:130)
	at org.apache.tomcat.websocket.WsFrameBase.processDataText(WsFrameBase.java:484)
	at org.apache.tomcat.websocket.WsFrameBase.processData(WsFrameBase.java:284)
	at org.apache.tomcat.websocket.WsFrameBase.processInputBuffer(WsFrameBase.java:130)
	at org.apache.tomcat.websocket.server.WsFrameServer.onDataAvailable(WsFrameServer.java:85)
	at org.apache.tomcat.websocket.server.WsFrameServer.doOnDataAvailable(WsFrameServer.java:184)
	at org.apache.tomcat.websocket.server.WsFrameServer.notifyDataAvailable(WsFrameServer.java:164)
	at org.apache.tomcat.websocket.server.WsHttpUpgradeHandler.upgradeDispatch(WsHttpUpgradeHandler.java:152)
	at org.apache.coyote.http11.upgrade.UpgradeProcessorInternal.dispatch(UpgradeProcessorInternal.java:60)
	at org.apache.coyote.AbstractProcessorLight.process(AbstractProcessorLight.java:57)
	at org.apache.coyote.AbstractProtocol$ConnectionHandler.process(AbstractProtocol.java:896)
	at org.apache.tomcat.util.net.NioEndpoint$SocketProcessor.doRun(NioEndpoint.java:1736)
	at org.apache.tomcat.util.net.SocketProcessorBase.run(SocketProcessorBase.java:52)
	at org.apache.tomcat.util.threads.ThreadPoolExecutor.runWorker(ThreadPoolExecutor.java:1191)
	at org.apache.tomcat.util.threads.ThreadPoolExecutor$Worker.run(ThreadPoolExecutor.java:659)
	at org.apache.tomcat.util.threads.TaskThread$WrappingRunnable.run(TaskThread.java:63)
	at java.base/java.lang.Thread.run(Thread.java:1575)
Caused by: java.io.IOException: Broken pipe
	at java.base/sun.nio.ch.SocketDispatcher.writev0(Native Method)
	at java.base/sun.nio.ch.SocketDispatcher.writev(SocketDispatcher.java:66)
	at java.base/sun.nio.ch.IOUtil.write(IOUtil.java:227)
	at java.base/sun.nio.ch.IOUtil.write(IOUtil.java:158)
	at java.base/sun.nio.ch.SocketChannelImpl.implWrite(SocketChannelImpl.java:597)
	at java.base/sun.nio.ch.SocketChannelImpl.write(SocketChannelImpl.java:631)
	at org.apache.tomcat.util.net.NioChannel.write(NioChannel.java:130)
	at org.apache.tomcat.util.net.NioEndpoint$NioSocketWrapper$NioOperationState.run(NioEndpoint.java:1627)
	at org.apache.tomcat.util.net.SocketWrapperBase$OperationState.start(SocketWrapperBase.java:1051)
	at org.apache.tomcat.util.net.SocketWrapperBase.vectoredOperation(SocketWrapperBase.java:1440)
	at org.apache.tomcat.util.net.SocketWrapperBase.write(SocketWrapperBase.java:1366)
	at org.apache.tomcat.util.net.SocketWrapperBase.write(SocketWrapperBase.java:1337)
	at org.apache.tomcat.websocket.server.WsRemoteEndpointImplServer.doWrite(WsRemoteEndpointImplServer.java:171)
	at org.apache.tomcat.websocket.WsRemoteEndpointImplBase.writeMessagePart(WsRemoteEndpointImplBase.java:516)
	at org.apache.tomcat.websocket.WsRemoteEndpointImplBase.sendMessageBlock(WsRemoteEndpointImplBase.java:308)
	... 32 more
Error processing message from room 7: java.io.IOException: Broken pipe
java.io.IOException: java.io.IOException: Broken pipe
	at org.apache.tomcat.websocket.WsRemoteEndpointImplBase.sendMessageBlock(WsRemoteEndpointImplBase.java:321)
	at org.apache.tomcat.websocket.WsRemoteEndpointImplBase.sendMessageBlock(WsRemoteEndpointImplBase.java:250)
	at org.apache.tomcat.websocket.WsRemoteEndpointImplBase.sendPartialString(WsRemoteEndpointImplBase.java:223)
	at org.apache.tomcat.websocket.WsRemoteEndpointBasic.sendText(WsRemoteEndpointBasic.java:48)
	at org.springframework.web.socket.adapter.standard.StandardWebSocketSession.sendTextMessage(StandardWebSocketSession.java:217)
	at org.springframework.web.socket.adapter.AbstractWebSocketSession.sendMessage(AbstractWebSocketSession.java:108)
	at edu.northeastern.cs6650.server.ChatWebSocketHandler.sendAck(ChatWebSocketHandler.java:121)
	at edu.northeastern.cs6650.server.ChatWebSocketHandler.handleTextMessage(ChatWebSocketHandler.java:72)
	at org.springframework.web.socket.handler.AbstractWebSocketHandler.handleMessage(AbstractWebSocketHandler.java:43)
	at org.springframework.web.socket.handler.WebSocketHandlerDecorator.handleMessage(WebSocketHandlerDecorator.java:75)
	at org.springframework.web.socket.handler.LoggingWebSocketHandlerDecorator.handleMessage(LoggingWebSocketHandlerDecorator.java:56)
	at org.springframework.web.socket.handler.ExceptionWebSocketHandlerDecorator.handleMessage(ExceptionWebSocketHandlerDecorator.java:58)
	at org.springframework.web.socket.adapter.standard.StandardWebSocketHandlerAdapter.handleTextMessage(StandardWebSocketHandlerAdapter.java:113)
	at org.springframework.web.socket.adapter.standard.StandardWebSocketHandlerAdapter$3.onMessage(StandardWebSocketHandlerAdapter.java:84)
	at org.springframework.web.socket.adapter.standard.StandardWebSocketHandlerAdapter$3.onMessage(StandardWebSocketHandlerAdapter.java:81)
	at org.apache.tomcat.websocket.WsFrameBase.sendMessageText(WsFrameBase.java:390)
	at org.apache.tomcat.websocket.server.WsFrameServer.sendMessageText(WsFrameServer.java:130)
	at org.apache.tomcat.websocket.WsFrameBase.processDataText(WsFrameBase.java:484)
	at org.apache.tomcat.websocket.WsFrameBase.processData(WsFrameBase.java:284)
	at org.apache.tomcat.websocket.WsFrameBase.processInputBuffer(WsFrameBase.java:130)
	at org.apache.tomcat.websocket.server.WsFrameServer.onDataAvailable(WsFrameServer.java:85)
	at org.apache.tomcat.websocket.server.WsFrameServer.doOnDataAvailable(WsFrameServer.java:184)
	at org.apache.tomcat.websocket.server.WsFrameServer.notifyDataAvailable(WsFrameServer.java:164)
	at org.apache.tomcat.websocket.server.WsHttpUpgradeHandler.upgradeDispatch(WsHttpUpgradeHandler.java:152)
	at org.apache.coyote.http11.upgrade.UpgradeProcessorInternal.dispatch(UpgradeProcessorInternal.java:60)
	at org.apache.coyote.AbstractProcessorLight.process(AbstractProcessorLight.java:57)
	at org.apache.coyote.AbstractProtocol$ConnectionHandler.process(AbstractProtocol.java:896)
	at org.apache.tomcat.util.net.NioEndpoint$SocketProcessor.doRun(NioEndpoint.java:1736)
	at org.apache.tomcat.util.net.SocketProcessorBase.run(SocketProcessorBase.java:52)
	at org.apache.tomcat.util.threads.ThreadPoolExecutor.runWorker(ThreadPoolExecutor.java:1191)
	at org.apache.tomcat.util.threads.ThreadPoolExecutor$Worker.run(ThreadPoolExecutor.java:659)
	at org.apache.tomcat.util.threads.TaskThread$WrappingRunnable.run(TaskThread.java:63)
	at java.base/java.lang.Thread.run(Thread.java:1575)
Caused by: java.io.IOException: Broken pipe
	at java.base/sun.nio.ch.SocketDispatcher.writev0(Native Method)
	at java.base/sun.nio.ch.SocketDispatcher.writev(SocketDispatcher.java:66)
	at java.base/sun.nio.ch.IOUtil.write(IOUtil.java:227)
	at java.base/sun.nio.ch.IOUtil.write(IOUtil.java:158)
	at java.base/sun.nio.ch.SocketChannelImpl.implWrite(SocketChannelImpl.java:597)
	at java.base/sun.nio.ch.SocketChannelImpl.write(SocketChannelImpl.java:631)
	at org.apache.tomcat.util.net.NioChannel.write(NioChannel.java:130)
	at org.apache.tomcat.util.net.NioEndpoint$NioSocketWrapper$NioOperationState.run(NioEndpoint.java:1627)
	at org.apache.tomcat.util.net.SocketWrapperBase$OperationState.start(SocketWrapperBase.java:1051)
	at org.apache.tomcat.util.net.SocketWrapperBase.vectoredOperation(SocketWrapperBase.java:1440)
	at org.apache.tomcat.util.net.SocketWrapperBase.write(SocketWrapperBase.java:1366)
	at org.apache.tomcat.util.net.SocketWrapperBase.write(SocketWrapperBase.java:1337)
	at org.apache.tomcat.websocket.server.WsRemoteEndpointImplServer.doWrite(WsRemoteEndpointImplServer.java:171)
	at org.apache.tomcat.websocket.WsRemoteEndpointImplBase.writeMessagePart(WsRemoteEndpointImplBase.java:516)
	at org.apache.tomcat.websocket.WsRemoteEndpointImplBase.sendMessageBlock(WsRemoteEndpointImplBase.java:308)
	... 32 more
Error processing message from room 5: java.io.IOException: Broken pipe
java.io.IOException: java.io.IOException: Broken pipe
	at org.apache.tomcat.websocket.WsRemoteEndpointImplBase.sendMessageBlock(WsRemoteEndpointImplBase.java:321)
	at org.apache.tomcat.websocket.WsRemoteEndpointImplBase.sendMessageBlock(WsRemoteEndpointImplBase.java:250)
	at org.apache.tomcat.websocket.WsRemoteEndpointImplBase.sendPartialString(WsRemoteEndpointImplBase.java:223)
	at org.apache.tomcat.websocket.WsRemoteEndpointBasic.sendText(WsRemoteEndpointBasic.java:48)
	at org.springframework.web.socket.adapter.standard.StandardWebSocketSession.sendTextMessage(StandardWebSocketSession.java:217)
	at org.springframework.web.socket.adapter.AbstractWebSocketSession.sendMessage(AbstractWebSocketSession.java:108)
	at edu.northeastern.cs6650.server.ChatWebSocketHandler.sendAck(ChatWebSocketHandler.java:121)
	at edu.northeastern.cs6650.server.ChatWebSocketHandler.handleTextMessage(ChatWebSocketHandler.java:72)
	at org.springframework.web.socket.handler.AbstractWebSocketHandler.handleMessage(AbstractWebSocketHandler.java:43)
	at org.springframework.web.socket.handler.WebSocketHandlerDecorator.handleMessage(WebSocketHandlerDecorator.java:75)
	at org.springframework.web.socket.handler.LoggingWebSocketHandlerDecorator.handleMessage(LoggingWebSocketHandlerDecorator.java:56)
	at org.springframework.web.socket.handler.ExceptionWebSocketHandlerDecorator.handleMessage(ExceptionWebSocketHandlerDecorator.java:58)
	at org.springframework.web.socket.adapter.standard.StandardWebSocketHandlerAdapter.handleTextMessage(StandardWebSocketHandlerAdapter.java:113)
	at org.springframework.web.socket.adapter.standard.StandardWebSocketHandlerAdapter$3.onMessage(StandardWebSocketHandlerAdapter.java:84)
	at org.springframework.web.socket.adapter.standard.StandardWebSocketHandlerAdapter$3.onMessage(StandardWebSocketHandlerAdapter.java:81)
	at org.apache.tomcat.websocket.WsFrameBase.sendMessageText(WsFrameBase.java:390)
	at org.apache.tomcat.websocket.server.WsFrameServer.sendMessageText(WsFrameServer.java:130)
	at org.apache.tomcat.websocket.WsFrameBase.processDataText(WsFrameBase.java:484)
	at org.apache.tomcat.websocket.WsFrameBase.processData(WsFrameBase.java:284)
	at org.apache.tomcat.websocket.WsFrameBase.processInputBuffer(WsFrameBase.java:130)
	at org.apache.tomcat.websocket.server.WsFrameServer.onDataAvailable(WsFrameServer.java:85)
	at org.apache.tomcat.websocket.server.WsFrameServer.doOnDataAvailable(WsFrameServer.java:184)
	at org.apache.tomcat.websocket.server.WsFrameServer.notifyDataAvailable(WsFrameServer.java:164)
	at org.apache.tomcat.websocket.server.WsHttpUpgradeHandler.upgradeDispatch(WsHttpUpgradeHandler.java:152)
	at org.apache.coyote.http11.upgrade.UpgradeProcessorInternal.dispatch(UpgradeProcessorInternal.java:60)
	at org.apache.coyote.AbstractProcessorLight.process(AbstractProcessorLight.java:57)
	at org.apache.coyote.AbstractProtocol$ConnectionHandler.process(AbstractProtocol.java:896)
	at org.apache.tomcat.util.net.NioEndpoint$SocketProcessor.doRun(NioEndpoint.java:1736)
	at org.apache.tomcat.util.net.SocketProcessorBase.run(SocketProcessorBase.java:52)
	at org.apache.tomcat.util.threads.ThreadPoolExecutor.runWorker(ThreadPoolExecutor.java:1191)
	at org.apache.tomcat.util.threads.ThreadPoolExecutor$Worker.run(ThreadPoolExecutor.java:659)
	at org.apache.tomcat.util.threads.TaskThread$WrappingRunnable.run(TaskThread.java:63)
	at java.base/java.lang.Thread.run(Thread.java:1575)
Caused by: java.io.IOException: Broken pipe
	at java.base/sun.nio.ch.SocketDispatcher.writev0(Native Method)
	at java.base/sun.nio.ch.SocketDispatcher.writev(SocketDispatcher.java:66)
	at java.base/sun.nio.ch.IOUtil.write(IOUtil.java:227)
	at java.base/sun.nio.ch.IOUtil.write(IOUtil.java:158)
	at java.base/sun.nio.ch.SocketChannelImpl.implWrite(SocketChannelImpl.java:597)
	at java.base/sun.nio.ch.SocketChannelImpl.write(SocketChannelImpl.java:631)
	at org.apache.tomcat.util.net.NioChannel.write(NioChannel.java:130)
	at org.apache.tomcat.util.net.NioEndpoint$NioSocketWrapper$NioOperationState.run(NioEndpoint.java:1627)
	at org.apache.tomcat.util.net.SocketWrapperBase$OperationState.start(SocketWrapperBase.java:1051)
	at org.apache.tomcat.util.net.SocketWrapperBase.vectoredOperation(SocketWrapperBase.java:1440)
	at org.apache.tomcat.util.net.SocketWrapperBase.write(SocketWrapperBase.java:1366)
	at org.apache.tomcat.util.net.SocketWrapperBase.write(SocketWrapperBase.java:1337)
	at org.apache.tomcat.websocket.server.WsRemoteEndpointImplServer.doWrite(WsRemoteEndpointImplServer.java:171)
	at org.apache.tomcat.websocket.WsRemoteEndpointImplBase.writeMessagePart(WsRemoteEndpointImplBase.java:516)
	at org.apache.tomcat.websocket.WsRemoteEndpointImplBase.sendMessageBlock(WsRemoteEndpointImplBase.java:308)
	... 32 more
Error processing message from room 2: java.io.IOException: Broken pipe
java.io.IOException: java.io.IOException: Broken pipe
	at org.apache.tomcat.websocket.WsRemoteEndpointImplBase.sendMessageBlock(WsRemoteEndpointImplBase.java:321)
	at org.apache.tomcat.websocket.WsRemoteEndpointImplBase.sendMessageBlock(WsRemoteEndpointImplBase.java:250)
	at org.apache.tomcat.websocket.WsRemoteEndpointImplBase.sendPartialString(WsRemoteEndpointImplBase.java:223)
	at org.apache.tomcat.websocket.WsRemoteEndpointBasic.sendText(WsRemoteEndpointBasic.java:48)
	at org.springframework.web.socket.adapter.standard.StandardWebSocketSession.sendTextMessage(StandardWebSocketSession.java:217)
	at org.springframework.web.socket.adapter.AbstractWebSocketSession.sendMessage(AbstractWebSocketSession.java:108)
	at edu.northeastern.cs6650.server.ChatWebSocketHandler.sendAck(ChatWebSocketHandler.java:121)
	at edu.northeastern.cs6650.server.ChatWebSocketHandler.handleTextMessage(ChatWebSocketHandler.java:72)
	at org.springframework.web.socket.handler.AbstractWebSocketHandler.handleMessage(AbstractWebSocketHandler.java:43)
	at org.springframework.web.socket.handler.WebSocketHandlerDecorator.handleMessage(WebSocketHandlerDecorator.java:75)
	at org.springframework.web.socket.handler.LoggingWebSocketHandlerDecorator.handleMessage(LoggingWebSocketHandlerDecorator.java:56)
	at org.springframework.web.socket.handler.ExceptionWebSocketHandlerDecorator.handleMessage(ExceptionWebSocketHandlerDecorator.java:58)
	at org.springframework.web.socket.adapter.standard.StandardWebSocketHandlerAdapter.handleTextMessage(StandardWebSocketHandlerAdapter.java:113)
	at org.springframework.web.socket.adapter.standard.StandardWebSocketHandlerAdapter$3.onMessage(StandardWebSocketHandlerAdapter.java:84)
	at org.springframework.web.socket.adapter.standard.StandardWebSocketHandlerAdapter$3.onMessage(StandardWebSocketHandlerAdapter.java:81)
	at org.apache.tomcat.websocket.WsFrameBase.sendMessageText(WsFrameBase.java:390)
	at org.apache.tomcat.websocket.server.WsFrameServer.sendMessageText(WsFrameServer.java:130)
	at org.apache.tomcat.websocket.WsFrameBase.processDataText(WsFrameBase.java:484)
	at org.apache.tomcat.websocket.WsFrameBase.processData(WsFrameBase.java:284)
	at org.apache.tomcat.websocket.WsFrameBase.processInputBuffer(WsFrameBase.java:130)
	at org.apache.tomcat.websocket.server.WsFrameServer.onDataAvailable(WsFrameServer.java:85)
	at org.apache.tomcat.websocket.server.WsFrameServer.doOnDataAvailable(WsFrameServer.java:184)
	at org.apache.tomcat.websocket.server.WsFrameServer.notifyDataAvailable(WsFrameServer.java:164)
	at org.apache.tomcat.websocket.server.WsHttpUpgradeHandler.upgradeDispatch(WsHttpUpgradeHandler.java:152)
	at org.apache.coyote.http11.upgrade.UpgradeProcessorInternal.dispatch(UpgradeProcessorInternal.java:60)
	at org.apache.coyote.AbstractProcessorLight.process(AbstractProcessorLight.java:57)
	at org.apache.coyote.AbstractProtocol$ConnectionHandler.process(AbstractProtocol.java:896)
	at org.apache.tomcat.util.net.NioEndpoint$SocketProcessor.doRun(NioEndpoint.java:1736)
	at org.apache.tomcat.util.net.SocketProcessorBase.run(SocketProcessorBase.java:52)
	at org.apache.tomcat.util.threads.ThreadPoolExecutor.runWorker(ThreadPoolExecutor.java:1191)
	at org.apache.tomcat.util.threads.ThreadPoolExecutor$Worker.run(ThreadPoolExecutor.java:659)
	at org.apache.tomcat.util.threads.TaskThread$WrappingRunnable.run(TaskThread.java:63)
	at java.base/java.lang.Thread.run(Thread.java:1575)
Caused by: java.io.IOException: Broken pipe
	at java.base/sun.nio.ch.SocketDispatcher.writev0(Native Method)
	at java.base/sun.nio.ch.SocketDispatcher.writev(SocketDispatcher.java:66)
	at java.base/sun.nio.ch.IOUtil.write(IOUtil.java:227)
	at java.base/sun.nio.ch.IOUtil.write(IOUtil.java:158)
	at java.base/sun.nio.ch.SocketChannelImpl.implWrite(SocketChannelImpl.java:597)
	at java.base/sun.nio.ch.SocketChannelImpl.write(SocketChannelImpl.java:631)
	at org.apache.tomcat.util.net.NioChannel.write(NioChannel.java:130)
	at org.apache.tomcat.util.net.NioEndpoint$NioSocketWrapper$NioOperationState.run(NioEndpoint.java:1627)
	at org.apache.tomcat.util.net.SocketWrapperBase$OperationState.start(SocketWrapperBase.java:1051)
	at org.apache.tomcat.util.net.SocketWrapperBase.vectoredOperation(SocketWrapperBase.java:1440)
	at org.apache.tomcat.util.net.SocketWrapperBase.write(SocketWrapperBase.java:1366)
	at org.apache.tomcat.util.net.SocketWrapperBase.write(SocketWrapperBase.java:1337)
	at org.apache.tomcat.websocket.server.WsRemoteEndpointImplServer.doWrite(WsRemoteEndpointImplServer.java:171)
	at org.apache.tomcat.websocket.WsRemoteEndpointImplBase.writeMessagePart(WsRemoteEndpointImplBase.java:516)
	at org.apache.tomcat.websocket.WsRemoteEndpointImplBase.sendMessageBlock(WsRemoteEndpointImplBase.java:308)
	... 32 more
Error processing message from room 11: java.io.IOException: Broken pipe
java.io.IOException: java.io.IOException: Broken pipe
	at org.apache.tomcat.websocket.WsRemoteEndpointImplBase.sendMessageBlock(WsRemoteEndpointImplBase.java:321)
	at org.apache.tomcat.websocket.WsRemoteEndpointImplBase.sendMessageBlock(WsRemoteEndpointImplBase.java:250)
	at org.apache.tomcat.websocket.WsRemoteEndpointImplBase.sendPartialString(WsRemoteEndpointImplBase.java:223)
	at org.apache.tomcat.websocket.WsRemoteEndpointBasic.sendText(WsRemoteEndpointBasic.java:48)
	at org.springframework.web.socket.adapter.standard.StandardWebSocketSession.sendTextMessage(StandardWebSocketSession.java:217)
	at org.springframework.web.socket.adapter.AbstractWebSocketSession.sendMessage(AbstractWebSocketSession.java:108)
	at edu.northeastern.cs6650.server.ChatWebSocketHandler.sendAck(ChatWebSocketHandler.java:121)
	at edu.northeastern.cs6650.server.ChatWebSocketHandler.handleTextMessage(ChatWebSocketHandler.java:72)
	at org.springframework.web.socket.handler.AbstractWebSocketHandler.handleMessage(AbstractWebSocketHandler.java:43)
	at org.springframework.web.socket.handler.WebSocketHandlerDecorator.handleMessage(WebSocketHandlerDecorator.java:75)
	at org.springframework.web.socket.handler.LoggingWebSocketHandlerDecorator.handleMessage(LoggingWebSocketHandlerDecorator.java:56)
	at org.springframework.web.socket.handler.ExceptionWebSocketHandlerDecorator.handleMessage(ExceptionWebSocketHandlerDecorator.java:58)
	at org.springframework.web.socket.adapter.standard.StandardWebSocketHandlerAdapter.handleTextMessage(StandardWebSocketHandlerAdapter.java:113)
	at org.springframework.web.socket.adapter.standard.StandardWebSocketHandlerAdapter$3.onMessage(StandardWebSocketHandlerAdapter.java:84)
	at org.springframework.web.socket.adapter.standard.StandardWebSocketHandlerAdapter$3.onMessage(StandardWebSocketHandlerAdapter.java:81)
	at org.apache.tomcat.websocket.WsFrameBase.sendMessageText(WsFrameBase.java:390)
	at org.apache.tomcat.websocket.server.WsFrameServer.sendMessageText(WsFrameServer.java:130)
	at org.apache.tomcat.websocket.WsFrameBase.processDataText(WsFrameBase.java:484)
	at org.apache.tomcat.websocket.WsFrameBase.processData(WsFrameBase.java:284)
	at org.apache.tomcat.websocket.WsFrameBase.processInputBuffer(WsFrameBase.java:130)
	at org.apache.tomcat.websocket.server.WsFrameServer.onDataAvailable(WsFrameServer.java:85)
	at org.apache.tomcat.websocket.server.WsFrameServer.doOnDataAvailable(WsFrameServer.java:184)
	at org.apache.tomcat.websocket.server.WsFrameServer.notifyDataAvailable(WsFrameServer.java:164)
	at org.apache.tomcat.websocket.server.WsHttpUpgradeHandler.upgradeDispatch(WsHttpUpgradeHandler.java:152)
	at org.apache.coyote.http11.upgrade.UpgradeProcessorInternal.dispatch(UpgradeProcessorInternal.java:60)
	at org.apache.coyote.AbstractProcessorLight.process(AbstractProcessorLight.java:57)
	at org.apache.coyote.AbstractProtocol$ConnectionHandler.process(AbstractProtocol.java:896)
	at org.apache.tomcat.util.net.NioEndpoint$SocketProcessor.doRun(NioEndpoint.java:1736)
	at org.apache.tomcat.util.net.SocketProcessorBase.run(SocketProcessorBase.java:52)
	at org.apache.tomcat.util.threads.ThreadPoolExecutor.runWorker(ThreadPoolExecutor.java:1191)
	at org.apache.tomcat.util.threads.ThreadPoolExecutor$Worker.run(ThreadPoolExecutor.java:659)
	at org.apache.tomcat.util.threads.TaskThread$WrappingRunnable.run(TaskThread.java:63)
	at java.base/java.lang.Thread.run(Thread.java:1575)
Caused by: java.io.IOException: Broken pipe
	at java.base/sun.nio.ch.SocketDispatcher.writev0(Native Method)
	at java.base/sun.nio.ch.SocketDispatcher.writev(SocketDispatcher.java:66)
	at java.base/sun.nio.ch.IOUtil.write(IOUtil.java:227)
	at java.base/sun.nio.ch.IOUtil.write(IOUtil.java:158)
	at java.base/sun.nio.ch.SocketChannelImpl.implWrite(SocketChannelImpl.java:597)
	at java.base/sun.nio.ch.SocketChannelImpl.write(SocketChannelImpl.java:631)
	at org.apache.tomcat.util.net.NioChannel.write(NioChannel.java:130)
	at org.apache.tomcat.util.net.NioEndpoint$NioSocketWrapper$NioOperationState.run(NioEndpoint.java:1627)
	at org.apache.tomcat.util.net.SocketWrapperBase$OperationState.start(SocketWrapperBase.java:1051)
	at org.apache.tomcat.util.net.SocketWrapperBase.vectoredOperation(SocketWrapperBase.java:1440)
	at org.apache.tomcat.util.net.SocketWrapperBase.write(SocketWrapperBase.java:1366)
	at org.apache.tomcat.util.net.SocketWrapperBase.write(SocketWrapperBase.java:1337)
	at org.apache.tomcat.websocket.server.WsRemoteEndpointImplServer.doWrite(WsRemoteEndpointImplServer.java:171)
	at org.apache.tomcat.websocket.WsRemoteEndpointImplBase.writeMessagePart(WsRemoteEndpointImplBase.java:516)
	at org.apache.tomcat.websocket.WsRemoteEndpointImplBase.sendMessageBlock(WsRemoteEndpointImplBase.java:308)
	... 32 more
Error processing message from room 18: java.io.IOException: Broken pipe
java.io.IOException: java.io.IOException: Broken pipe
	at org.apache.tomcat.websocket.WsRemoteEndpointImplBase.sendMessageBlock(WsRemoteEndpointImplBase.java:321)
	at org.apache.tomcat.websocket.WsRemoteEndpointImplBase.sendMessageBlock(WsRemoteEndpointImplBase.java:250)
	at org.apache.tomcat.websocket.WsRemoteEndpointImplBase.sendPartialString(WsRemoteEndpointImplBase.java:223)
	at org.apache.tomcat.websocket.WsRemoteEndpointBasic.sendText(WsRemoteEndpointBasic.java:48)
	at org.springframework.web.socket.adapter.standard.StandardWebSocketSession.sendTextMessage(StandardWebSocketSession.java:217)
	at org.springframework.web.socket.adapter.AbstractWebSocketSession.sendMessage(AbstractWebSocketSession.java:108)
	at edu.northeastern.cs6650.server.ChatWebSocketHandler.sendAck(ChatWebSocketHandler.java:121)
	at edu.northeastern.cs6650.server.ChatWebSocketHandler.handleTextMessage(ChatWebSocketHandler.java:72)
	at org.springframework.web.socket.handler.AbstractWebSocketHandler.handleMessage(AbstractWebSocketHandler.java:43)
	at org.springframework.web.socket.handler.WebSocketHandlerDecorator.handleMessage(WebSocketHandlerDecorator.java:75)
	at org.springframework.web.socket.handler.LoggingWebSocketHandlerDecorator.handleMessage(LoggingWebSocketHandlerDecorator.java:56)
	at org.springframework.web.socket.handler.ExceptionWebSocketHandlerDecorator.handleMessage(ExceptionWebSocketHandlerDecorator.java:58)
	at org.springframework.web.socket.adapter.standard.StandardWebSocketHandlerAdapter.handleTextMessage(StandardWebSocketHandlerAdapter.java:113)
	at org.springframework.web.socket.adapter.standard.StandardWebSocketHandlerAdapter$3.onMessage(StandardWebSocketHandlerAdapter.java:84)
	at org.springframework.web.socket.adapter.standard.StandardWebSocketHandlerAdapter$3.onMessage(StandardWebSocketHandlerAdapter.java:81)
	at org.apache.tomcat.websocket.WsFrameBase.sendMessageText(WsFrameBase.java:390)
	at org.apache.tomcat.websocket.server.WsFrameServer.sendMessageText(WsFrameServer.java:130)
	at org.apache.tomcat.websocket.WsFrameBase.processDataText(WsFrameBase.java:484)
	at org.apache.tomcat.websocket.WsFrameBase.processData(WsFrameBase.java:284)
	at org.apache.tomcat.websocket.WsFrameBase.processInputBuffer(WsFrameBase.java:130)
	at org.apache.tomcat.websocket.server.WsFrameServer.onDataAvailable(WsFrameServer.java:85)
	at org.apache.tomcat.websocket.server.WsFrameServer.doOnDataAvailable(WsFrameServer.java:184)
	at org.apache.tomcat.websocket.server.WsFrameServer.notifyDataAvailable(WsFrameServer.java:164)
	at org.apache.tomcat.websocket.server.WsHttpUpgradeHandler.upgradeDispatch(WsHttpUpgradeHandler.java:152)
	at org.apache.coyote.http11.upgrade.UpgradeProcessorInternal.dispatch(UpgradeProcessorInternal.java:60)
	at org.apache.coyote.AbstractProcessorLight.process(AbstractProcessorLight.java:57)
	at org.apache.coyote.AbstractProtocol$ConnectionHandler.process(AbstractProtocol.java:896)
	at org.apache.tomcat.util.net.NioEndpoint$SocketProcessor.doRun(NioEndpoint.java:1736)
	at org.apache.tomcat.util.net.SocketProcessorBase.run(SocketProcessorBase.java:52)
	at org.apache.tomcat.util.threads.ThreadPoolExecutor.runWorker(ThreadPoolExecutor.java:1191)
	at org.apache.tomcat.util.threads.ThreadPoolExecutor$Worker.run(ThreadPoolExecutor.java:659)
	at org.apache.tomcat.util.threads.TaskThread$WrappingRunnable.run(TaskThread.java:63)
	at java.base/java.lang.Thread.run(Thread.java:1575)
Caused by: java.io.IOException: Broken pipe
	at java.base/sun.nio.ch.SocketDispatcher.writev0(Native Method)
	at java.base/sun.nio.ch.SocketDispatcher.writev(SocketDispatcher.java:66)
	at java.base/sun.nio.ch.IOUtil.write(IOUtil.java:227)
	at java.base/sun.nio.ch.IOUtil.write(IOUtil.java:158)
	at java.base/sun.nio.ch.SocketChannelImpl.implWrite(SocketChannelImpl.java:597)
	at java.base/sun.nio.ch.SocketChannelImpl.write(SocketChannelImpl.java:631)
	at org.apache.tomcat.util.net.NioChannel.write(NioChannel.java:130)
	at org.apache.tomcat.util.net.NioEndpoint$NioSocketWrapper$NioOperationState.run(NioEndpoint.java:1627)
	at org.apache.tomcat.util.net.SocketWrapperBase$OperationState.start(SocketWrapperBase.java:1051)
	at org.apache.tomcat.util.net.SocketWrapperBase.vectoredOperation(SocketWrapperBase.java:1440)
	at org.apache.tomcat.util.net.SocketWrapperBase.write(SocketWrapperBase.java:1366)
	at org.apache.tomcat.util.net.SocketWrapperBase.write(SocketWrapperBase.java:1337)
	at org.apache.tomcat.websocket.server.WsRemoteEndpointImplServer.doWrite(WsRemoteEndpointImplServer.java:171)
	at org.apache.tomcat.websocket.WsRemoteEndpointImplBase.writeMessagePart(WsRemoteEndpointImplBase.java:516)
	at org.apache.tomcat.websocket.WsRemoteEndpointImplBase.sendMessageBlock(WsRemoteEndpointImplBase.java:308)
	... 32 more
Error processing message from room 1: java.io.IOException: Broken pipe
java.io.IOException: java.io.IOException: Broken pipe
	at org.apache.tomcat.websocket.WsRemoteEndpointImplBase.sendMessageBlock(WsRemoteEndpointImplBase.java:321)
	at org.apache.tomcat.websocket.WsRemoteEndpointImplBase.sendMessageBlock(WsRemoteEndpointImplBase.java:250)
	at org.apache.tomcat.websocket.WsRemoteEndpointImplBase.sendPartialString(WsRemoteEndpointImplBase.java:223)
	at org.apache.tomcat.websocket.WsRemoteEndpointBasic.sendText(WsRemoteEndpointBasic.java:48)
	at org.springframework.web.socket.adapter.standard.StandardWebSocketSession.sendTextMessage(StandardWebSocketSession.java:217)
	at org.springframework.web.socket.adapter.AbstractWebSocketSession.sendMessage(AbstractWebSocketSession.java:108)
	at edu.northeastern.cs6650.server.ChatWebSocketHandler.sendAck(ChatWebSocketHandler.java:121)
	at edu.northeastern.cs6650.server.ChatWebSocketHandler.handleTextMessage(ChatWebSocketHandler.java:72)
	at org.springframework.web.socket.handler.AbstractWebSocketHandler.handleMessage(AbstractWebSocketHandler.java:43)
	at org.springframework.web.socket.handler.WebSocketHandlerDecorator.handleMessage(WebSocketHandlerDecorator.java:75)
	at org.springframework.web.socket.handler.LoggingWebSocketHandlerDecorator.handleMessage(LoggingWebSocketHandlerDecorator.java:56)
	at org.springframework.web.socket.handler.ExceptionWebSocketHandlerDecorator.handleMessage(ExceptionWebSocketHandlerDecorator.java:58)
	at org.springframework.web.socket.adapter.standard.StandardWebSocketHandlerAdapter.handleTextMessage(StandardWebSocketHandlerAdapter.java:113)
	at org.springframework.web.socket.adapter.standard.StandardWebSocketHandlerAdapter$3.onMessage(StandardWebSocketHandlerAdapter.java:84)
	at org.springframework.web.socket.adapter.standard.StandardWebSocketHandlerAdapter$3.onMessage(StandardWebSocketHandlerAdapter.java:81)
	at org.apache.tomcat.websocket.WsFrameBase.sendMessageText(WsFrameBase.java:390)
	at org.apache.tomcat.websocket.server.WsFrameServer.sendMessageText(WsFrameServer.java:130)
	at org.apache.tomcat.websocket.WsFrameBase.processDataText(WsFrameBase.java:484)
	at org.apache.tomcat.websocket.WsFrameBase.processData(WsFrameBase.java:284)
	at org.apache.tomcat.websocket.WsFrameBase.processInputBuffer(WsFrameBase.java:130)
	at org.apache.tomcat.websocket.server.WsFrameServer.onDataAvailable(WsFrameServer.java:85)
	at org.apache.tomcat.websocket.server.WsFrameServer.doOnDataAvailable(WsFrameServer.java:184)
	at org.apache.tomcat.websocket.server.WsFrameServer.notifyDataAvailable(WsFrameServer.java:164)
	at org.apache.tomcat.websocket.server.WsHttpUpgradeHandler.upgradeDispatch(WsHttpUpgradeHandler.java:152)
	at org.apache.coyote.http11.upgrade.UpgradeProcessorInternal.dispatch(UpgradeProcessorInternal.java:60)
	at org.apache.coyote.AbstractProcessorLight.process(AbstractProcessorLight.java:57)
	at org.apache.coyote.AbstractProtocol$ConnectionHandler.process(AbstractProtocol.java:896)
	at org.apache.tomcat.util.net.NioEndpoint$SocketProcessor.doRun(NioEndpoint.java:1736)
	at org.apache.tomcat.util.net.SocketProcessorBase.run(SocketProcessorBase.java:52)
	at org.apache.tomcat.util.threads.ThreadPoolExecutor.runWorker(ThreadPoolExecutor.java:1191)
	at org.apache.tomcat.util.threads.ThreadPoolExecutor$Worker.run(ThreadPoolExecutor.java:659)
	at org.apache.tomcat.util.threads.TaskThread$WrappingRunnable.run(TaskThread.java:63)
	at java.base/java.lang.Thread.run(Thread.java:1575)
Caused by: java.io.IOException: Broken pipe
	at java.base/sun.nio.ch.SocketDispatcher.writev0(Native Method)
	at java.base/sun.nio.ch.SocketDispatcher.writev(SocketDispatcher.java:66)
	at java.base/sun.nio.ch.IOUtil.write(IOUtil.java:227)
	at java.base/sun.nio.ch.IOUtil.write(IOUtil.java:158)
	at java.base/sun.nio.ch.SocketChannelImpl.implWrite(SocketChannelImpl.java:597)
	at java.base/sun.nio.ch.SocketChannelImpl.write(SocketChannelImpl.java:631)
	at org.apache.tomcat.util.net.NioChannel.write(NioChannel.java:130)
	at org.apache.tomcat.util.net.NioEndpoint$NioSocketWrapper$NioOperationState.run(NioEndpoint.java:1627)
	at org.apache.tomcat.util.net.SocketWrapperBase$OperationState.start(SocketWrapperBase.java:1051)
	at org.apache.tomcat.util.net.SocketWrapperBase.vectoredOperation(SocketWrapperBase.java:1440)
	at org.apache.tomcat.util.net.SocketWrapperBase.write(SocketWrapperBase.java:1366)
	at org.apache.tomcat.util.net.SocketWrapperBase.write(SocketWrapperBase.java:1337)
	at org.apache.tomcat.websocket.server.WsRemoteEndpointImplServer.doWrite(WsRemoteEndpointImplServer.java:171)
	at org.apache.tomcat.websocket.WsRemoteEndpointImplBase.writeMessagePart(WsRemoteEndpointImplBase.java:516)
	at org.apache.tomcat.websocket.WsRemoteEndpointImplBase.sendMessageBlock(WsRemoteEndpointImplBase.java:308)
	... 32 more
Error processing message from room 13: java.io.IOException: Broken pipe
java.io.IOException: java.io.IOException: Broken pipe
	at org.apache.tomcat.websocket.WsRemoteEndpointImplBase.sendMessageBlock(WsRemoteEndpointImplBase.java:321)
	at org.apache.tomcat.websocket.WsRemoteEndpointImplBase.sendMessageBlock(WsRemoteEndpointImplBase.java:250)
	at org.apache.tomcat.websocket.WsRemoteEndpointImplBase.sendPartialString(WsRemoteEndpointImplBase.java:223)
	at org.apache.tomcat.websocket.WsRemoteEndpointBasic.sendText(WsRemoteEndpointBasic.java:48)
	at org.springframework.web.socket.adapter.standard.StandardWebSocketSession.sendTextMessage(StandardWebSocketSession.java:217)
	at org.springframework.web.socket.adapter.AbstractWebSocketSession.sendMessage(AbstractWebSocketSession.java:108)
	at edu.northeastern.cs6650.server.ChatWebSocketHandler.sendAck(ChatWebSocketHandler.java:121)
	at edu.northeastern.cs6650.server.ChatWebSocketHandler.handleTextMessage(ChatWebSocketHandler.java:72)
	at org.springframework.web.socket.handler.AbstractWebSocketHandler.handleMessage(AbstractWebSocketHandler.java:43)
	at org.springframework.web.socket.handler.WebSocketHandlerDecorator.handleMessage(WebSocketHandlerDecorator.java:75)
	at org.springframework.web.socket.handler.LoggingWebSocketHandlerDecorator.handleMessage(LoggingWebSocketHandlerDecorator.java:56)
	at org.springframework.web.socket.handler.ExceptionWebSocketHandlerDecorator.handleMessage(ExceptionWebSocketHandlerDecorator.java:58)
	at org.springframework.web.socket.adapter.standard.StandardWebSocketHandlerAdapter.handleTextMessage(StandardWebSocketHandlerAdapter.java:113)
	at org.springframework.web.socket.adapter.standard.StandardWebSocketHandlerAdapter$3.onMessage(StandardWebSocketHandlerAdapter.java:84)
	at org.springframework.web.socket.adapter.standard.StandardWebSocketHandlerAdapter$3.onMessage(StandardWebSocketHandlerAdapter.java:81)
	at org.apache.tomcat.websocket.WsFrameBase.sendMessageText(WsFrameBase.java:390)
	at org.apache.tomcat.websocket.server.WsFrameServer.sendMessageText(WsFrameServer.java:130)
	at org.apache.tomcat.websocket.WsFrameBase.processDataText(WsFrameBase.java:484)
	at org.apache.tomcat.websocket.WsFrameBase.processData(WsFrameBase.java:284)
	at org.apache.tomcat.websocket.WsFrameBase.processInputBuffer(WsFrameBase.java:130)
	at org.apache.tomcat.websocket.server.WsFrameServer.onDataAvailable(WsFrameServer.java:85)
	at org.apache.tomcat.websocket.server.WsFrameServer.doOnDataAvailable(WsFrameServer.java:184)
	at org.apache.tomcat.websocket.server.WsFrameServer.notifyDataAvailable(WsFrameServer.java:164)
	at org.apache.tomcat.websocket.server.WsHttpUpgradeHandler.upgradeDispatch(WsHttpUpgradeHandler.java:152)
	at org.apache.coyote.http11.upgrade.UpgradeProcessorInternal.dispatch(UpgradeProcessorInternal.java:60)
	at org.apache.coyote.AbstractProcessorLight.process(AbstractProcessorLight.java:57)
	at org.apache.coyote.AbstractProtocol$ConnectionHandler.process(AbstractProtocol.java:896)
	at org.apache.tomcat.util.net.NioEndpoint$SocketProcessor.doRun(NioEndpoint.java:1736)
	at org.apache.tomcat.util.net.SocketProcessorBase.run(SocketProcessorBase.java:52)
	at org.apache.tomcat.util.threads.ThreadPoolExecutor.runWorker(ThreadPoolExecutor.java:1191)
	at org.apache.tomcat.util.threads.ThreadPoolExecutor$Worker.run(ThreadPoolExecutor.java:659)
	at org.apache.tomcat.util.threads.TaskThread$WrappingRunnable.run(TaskThread.java:63)
	at java.base/java.lang.Thread.run(Thread.java:1575)
Caused by: java.io.IOException: Broken pipe
	at java.base/sun.nio.ch.SocketDispatcher.writev0(Native Method)
	at java.base/sun.nio.ch.SocketDispatcher.writev(SocketDispatcher.java:66)
	at java.base/sun.nio.ch.IOUtil.write(IOUtil.java:227)
	at java.base/sun.nio.ch.IOUtil.write(IOUtil.java:158)
	at java.base/sun.nio.ch.SocketChannelImpl.implWrite(SocketChannelImpl.java:597)
	at java.base/sun.nio.ch.SocketChannelImpl.write(SocketChannelImpl.java:631)
	at org.apache.tomcat.util.net.NioChannel.write(NioChannel.java:130)
	at org.apache.tomcat.util.net.NioEndpoint$NioSocketWrapper$NioOperationState.run(NioEndpoint.java:1627)
	at org.apache.tomcat.util.net.SocketWrapperBase$OperationState.start(SocketWrapperBase.java:1051)
	at org.apache.tomcat.util.net.SocketWrapperBase.vectoredOperation(SocketWrapperBase.java:1440)
	at org.apache.tomcat.util.net.SocketWrapperBase.write(SocketWrapperBase.java:1366)
	at org.apache.tomcat.util.net.SocketWrapperBase.write(SocketWrapperBase.java:1337)
	at org.apache.tomcat.websocket.server.WsRemoteEndpointImplServer.doWrite(WsRemoteEndpointImplServer.java:171)
	at org.apache.tomcat.websocket.WsRemoteEndpointImplBase.writeMessagePart(WsRemoteEndpointImplBase.java:516)
	at org.apache.tomcat.websocket.WsRemoteEndpointImplBase.sendMessageBlock(WsRemoteEndpointImplBase.java:308)
	... 32 more
Error processing message from room 6: java.io.IOException: Broken pipe
java.io.IOException: java.io.IOException: Broken pipe
	at org.apache.tomcat.websocket.WsRemoteEndpointImplBase.sendMessageBlock(WsRemoteEndpointImplBase.java:321)
	at org.apache.tomcat.websocket.WsRemoteEndpointImplBase.sendMessageBlock(WsRemoteEndpointImplBase.java:250)
	at org.apache.tomcat.websocket.WsRemoteEndpointImplBase.sendPartialString(WsRemoteEndpointImplBase.java:223)
	at org.apache.tomcat.websocket.WsRemoteEndpointBasic.sendText(WsRemoteEndpointBasic.java:48)
	at org.springframework.web.socket.adapter.standard.StandardWebSocketSession.sendTextMessage(StandardWebSocketSession.java:217)
	at org.springframework.web.socket.adapter.AbstractWebSocketSession.sendMessage(AbstractWebSocketSession.java:108)
	at edu.northeastern.cs6650.server.ChatWebSocketHandler.sendAck(ChatWebSocketHandler.java:121)
	at edu.northeastern.cs6650.server.ChatWebSocketHandler.handleTextMessage(ChatWebSocketHandler.java:72)
	at org.springframework.web.socket.handler.AbstractWebSocketHandler.handleMessage(AbstractWebSocketHandler.java:43)
	at org.springframework.web.socket.handler.WebSocketHandlerDecorator.handleMessage(WebSocketHandlerDecorator.java:75)
	at org.springframework.web.socket.handler.LoggingWebSocketHandlerDecorator.handleMessage(LoggingWebSocketHandlerDecorator.java:56)
	at org.springframework.web.socket.handler.ExceptionWebSocketHandlerDecorator.handleMessage(ExceptionWebSocketHandlerDecorator.java:58)
	at org.springframework.web.socket.adapter.standard.StandardWebSocketHandlerAdapter.handleTextMessage(StandardWebSocketHandlerAdapter.java:113)
	at org.springframework.web.socket.adapter.standard.StandardWebSocketHandlerAdapter$3.onMessage(StandardWebSocketHandlerAdapter.java:84)
	at org.springframework.web.socket.adapter.standard.StandardWebSocketHandlerAdapter$3.onMessage(StandardWebSocketHandlerAdapter.java:81)
	at org.apache.tomcat.websocket.WsFrameBase.sendMessageText(WsFrameBase.java:390)
	at org.apache.tomcat.websocket.server.WsFrameServer.sendMessageText(WsFrameServer.java:130)
	at org.apache.tomcat.websocket.WsFrameBase.processDataText(WsFrameBase.java:484)
	at org.apache.tomcat.websocket.WsFrameBase.processData(WsFrameBase.java:284)
	at org.apache.tomcat.websocket.WsFrameBase.processInputBuffer(WsFrameBase.java:130)
	at org.apache.tomcat.websocket.server.WsFrameServer.onDataAvailable(WsFrameServer.java:85)
	at org.apache.tomcat.websocket.server.WsFrameServer.doOnDataAvailable(WsFrameServer.java:184)
	at org.apache.tomcat.websocket.server.WsFrameServer.notifyDataAvailable(WsFrameServer.java:164)
	at org.apache.tomcat.websocket.server.WsHttpUpgradeHandler.upgradeDispatch(WsHttpUpgradeHandler.java:152)
	at org.apache.coyote.http11.upgrade.UpgradeProcessorInternal.dispatch(UpgradeProcessorInternal.java:60)
	at org.apache.coyote.AbstractProcessorLight.process(AbstractProcessorLight.java:57)
	at org.apache.coyote.AbstractProtocol$ConnectionHandler.process(AbstractProtocol.java:896)
	at org.apache.tomcat.util.net.NioEndpoint$SocketProcessor.doRun(NioEndpoint.java:1736)
	at org.apache.tomcat.util.net.SocketProcessorBase.run(SocketProcessorBase.java:52)
	at org.apache.tomcat.util.threads.ThreadPoolExecutor.runWorker(ThreadPoolExecutor.java:1191)
	at org.apache.tomcat.util.threads.ThreadPoolExecutor$Worker.run(ThreadPoolExecutor.java:659)
	at org.apache.tomcat.util.threads.TaskThread$WrappingRunnable.run(TaskThread.java:63)
	at java.base/java.lang.Thread.run(Thread.java:1575)
Caused by: java.io.IOException: Broken pipe
	at java.base/sun.nio.ch.SocketDispatcher.writev0(Native Method)
	at java.base/sun.nio.ch.SocketDispatcher.writev(SocketDispatcher.java:66)
	at java.base/sun.nio.ch.IOUtil.write(IOUtil.java:227)
	at java.base/sun.nio.ch.IOUtil.write(IOUtil.java:158)
	at java.base/sun.nio.ch.SocketChannelImpl.implWrite(SocketChannelImpl.java:597)
	at java.base/sun.nio.ch.SocketChannelImpl.write(SocketChannelImpl.java:631)
	at org.apache.tomcat.util.net.NioChannel.write(NioChannel.java:130)
	at org.apache.tomcat.util.net.NioEndpoint$NioSocketWrapper$NioOperationState.run(NioEndpoint.java:1627)
	at org.apache.tomcat.util.net.SocketWrapperBase$OperationState.start(SocketWrapperBase.java:1051)
	at org.apache.tomcat.util.net.SocketWrapperBase.vectoredOperation(SocketWrapperBase.java:1440)
	at org.apache.tomcat.util.net.SocketWrapperBase.write(SocketWrapperBase.java:1366)
	at org.apache.tomcat.util.net.SocketWrapperBase.write(SocketWrapperBase.java:1337)
	at org.apache.tomcat.websocket.server.WsRemoteEndpointImplServer.doWrite(WsRemoteEndpointImplServer.java:171)
	at org.apache.tomcat.websocket.WsRemoteEndpointImplBase.writeMessagePart(WsRemoteEndpointImplBase.java:516)
	at org.apache.tomcat.websocket.WsRemoteEndpointImplBase.sendMessageBlock(WsRemoteEndpointImplBase.java:308)
	... 32 more
